-49z-lj8eYQ_04016.mp4 4;6;8;22;106
-49z-lj8eYQ_04017.mp4 3;4;6;8;12;22;106
-49z-lj8eYQ_04018.mp4 3;4;8;12;25;106
-49z-lj8eYQ_04019.mp4 1;3;4;6;8;22;106
-49z-lj8eYQ_04020.mp4 4;8;22;106
-49z-lj8eYQ_04021.mp4 4;6;8;22;106
-49z-lj8eYQ_04022.mp4 1;4;8;22;106
-49z-lj8eYQ_04023.mp4 3;4;6;8;12;25;106
-49z-lj8eYQ_04025.mp4 4;8;22;106
-49z-lj8eYQ_04026.mp4 3;4;6;8;12;22;106
-49z-lj8eYQ_04027.mp4 3;4;6;8;12;25;106
-49z-lj8eYQ_04028.mp4 1;4;6;8;25;106
-49z-lj8eYQ_04029.mp4 3;4;8;12;25;106
-49z-lj8eYQ_04030.mp4 3;4;6;8;25;106
-50j97YPM6I_12736.mp4 1;3;4;12;88;120
-50j97YPM6I_12737.mp4 3;90;120
-50j97YPM6I_12738.mp4 3;89;120
-50j97YPM6I_12739.mp4 1;3;12;90;120
-50j97YPM6I_12740.mp4 3;90;120
-50j97YPM6I_12741.mp4 1;3;89;120
-50j97YPM6I_12742.mp4 3;90;120
-50j97YPM6I_12743.mp4 1;3;90;120
-50j97YPM6I_12744.mp4 1;3;4;12;89;120
-50j97YPM6I_12745.mp4 3;90;120
-50j97YPM6I_12746.mp4 3;4;12;87;120
-50j97YPM6I_12747.mp4 1;3;4;12;88;120
-50j97YPM6I_12748.mp4 1;3;90;120
-50j97YPM6I_12749.mp4 1;3;89;120
-50j97YPM6I_12750.mp4 1;4;89;120
-50j97YPM6I_12751.mp4 1;3;4;90;120
-50j97YPM6I_12752.mp4 1;3;12;89;120
-50j97YPM6I_12753.mp4 1;3;4;89;120
-50j97YPM6I_12754.mp4 1;3;89;120
-50j97YPM6I_12755.mp4 1;3;89;120
-50j97YPM6I_12756.mp4 1;3;89;120
-50j97YPM6I_12757.mp4 1;3;4;12;87;120
-8ulhNOuce8_14887.mp4 4;12;102;123
-8ulhNOuce8_14888.mp4 3;4;8;102;123
-8ulhNOuce8_14889.mp4 1;4;8;100;123
-8ulhNOuce8_14890.mp4 4;8;103;123
-8ulhNOuce8_14891.mp4 1;4;8;102;123
-8ulhNOuce8_14892.mp4 4;8;102;123
-8ulhNOuce8_14893.mp4 1;10;12;101;123
-8ulhNOuce8_14894.mp4 4;8;102;123
-8ulhNOuce8_14895.mp4 4;8;100;123
-8ulhNOuce8_14896.mp4 4;8;102;123
-8ulhNOuce8_14897.mp4 1;4;8;100;123
-8ulhNOuce8_14898.mp4 4;8;102;123
-8ulhNOuce8_14900.mp4 3;11;12;101;123
-8ulhNOuce8_14901.mp4 4;8;102;123
-8ulhNOuce8_14902.mp4 4;8;102;123
-8ulhNOuce8_14903.mp4 4;8;101;123
-8ulhNOuce8_14904.mp4 1;4;8;12;102;123
-8ulhNOuce8_14905.mp4 4;8;101;123
-8wSNRbuU1Y_13469.mp4 1;3;4;12;86;119
-8wSNRbuU1Y_13470.mp4 1;3;85;119
-8wSNRbuU1Y_13471.mp4 3;86;119
-8wSNRbuU1Y_13472.mp4 1;3;4;85;119
-8wSNRbuU1Y_13473.mp4 3;85;119
-8wSNRbuU1Y_13474.mp4 1;3;85;119
-8wSNRbuU1Y_13475.mp4 1;3;85;119
-8wSNRbuU1Y_13476.mp4 1;3;4;85;119
-8wSNRbuU1Y_13477.mp4 1;3;85;119
-8wSNRbuU1Y_13478.mp4 1;3;85;119
-8wSNRbuU1Y_13479.mp4 1;3;85;119
-8wSNRbuU1Y_13480.mp4 1;3;86;119
-8wSNRbuU1Y_13481.mp4 1;3;85;119
-8wSNRbuU1Y_13482.mp4 1;3;86;119
-8wSNRbuU1Y_13483.mp4 1;3;83;119
-8wSNRbuU1Y_13484.mp4 1;4;12;83;119
-8wSNRbuU1Y_13485.mp4 1;3;4;83;119
-8wSNRbuU1Y_13486.mp4 1;3;4;83;119
-8wSNRbuU1Y_13487.mp4 1;3;86;119
-8wSNRbuU1Y_13488.mp4 1;3;4;83;119
-8wSNRbuU1Y_13489.mp4 1;3;4;86;119
-8wSNRbuU1Y_13490.mp4 1;3;4;12;83;119
-8wSNRbuU1Y_13491.mp4 1;4;12;83;119
-8wSNRbuU1Y_13492.mp4 1;3;4;86;119
-8wSNRbuU1Y_13493.mp4 1;83;119
-8wSNRbuU1Y_13494.mp4 1;3;4;12;83;119
-8wSNRbuU1Y_13495.mp4 1;3;4;83;119
-O7UL4yJs0o_09971.mp4 1;3;4;12;56;113
-PurjpCVvOs_08493.mp4 1;3;12;65;115
-PurjpCVvOs_08494.mp4 3;12;65;115
-PurjpCVvOs_08495.mp4 1;3;65;115
-PurjpCVvOs_08496.mp4 1;3;65;115
-PurjpCVvOs_08497.mp4 3;65;115
-PurjpCVvOs_08498.mp4 1;3;65;115
-PurjpCVvOs_08499.mp4 1;3;65;115
-PurjpCVvOs_08500.mp4 1;3;12;65;115
-PurjpCVvOs_08501.mp4 1;3;4;65;115
-PurjpCVvOs_08502.mp4 1;3;65;115
-TEIPVDYq-E_01573.mp4 0;3;4;6;8;22;106
-TEIPVDYq-E_01574.mp4 3;6;12;22;106
-TEIPVDYq-E_01575.mp4 3;8;12;24;106
-TEIPVDYq-E_01576.mp4 3;4;8;12;22;106
-TEIPVDYq-E_01577.mp4 3;4;8;12;22;106
-TEIPVDYq-E_01578.mp4 3;4;6;8;12;25;106
-TEIPVDYq-E_01579.mp4 3;4;12;22;106
-TEIPVDYq-E_01580.mp4 3;4;6;8;12;25;106
-TEIPVDYq-E_01581.mp4 1;3;4;6;8;12;25;106
-TEIPVDYq-E_01582.mp4 1;3;4;6;8;12;25;106
-TEIPVDYq-E_01583.mp4 3;4;6;8;12;22;106
-TEIPVDYq-E_01584.mp4 3;4;8;12;22;106
-TEIPVDYq-E_01585.mp4 4;6;8;12;22;106
-TEIPVDYq-E_01586.mp4 1;3;4;6;8;25;106
-TEIPVDYq-E_01587.mp4 3;4;8;12;22;106
-TEIPVDYq-E_01588.mp4 1;4;6;8;12;22;106
-TEIPVDYq-E_01589.mp4 4;8;25;106
-Y3MAigvOco_04011.mp4 1;3;4;12;92;121
-Y3MAigvOco_04012.mp4 1;12;92;121
-Y3MAigvOco_04013.mp4 1;3;12;92;121
-Y3MAigvOco_04014.mp4 3;12;92;121
-Y3MAigvOco_04015.mp4 1;12;92;121
-Ygnt10Qh80_09418.mp4 1;3;4;8;12;55;113
-Ygnt10Qh80_09419.mp4 1;3;4;12;54;113
-Ygnt10Qh80_09420.mp4 1;3;4;12;56;113
-Ygnt10Qh80_09421.mp4 1;3;12;56;113
-Ygnt10Qh80_09422.mp4 12;56;113
-aE7Cy-AI78_00638.mp4 1;3;12;19;105
-aE7Cy-AI78_00639.mp4 1;3;19;105
-bx4h0MIKN8_12879.mp4 1;4;12;54;113
-bx4h0MIKN8_12880.mp4 1;3;4;12;54;113
-bx4h0MIKN8_12881.mp4 3;4;12;54;113
-bx4h0MIKN8_12883.mp4 1;3;4;12;56;113
-g6Q5dAmAoU_04367.mp4 3;4;6;8;12;59;114
-g6Q5dAmAoU_04368.mp4 3;4;6;8;59;114
-jFpQLJgJ2E_10414.mp4 1;3;4;54;113
-jFpQLJgJ2E_10415.mp4 3;12;57;113
-jFpQLJgJ2E_10416.mp4 1;3;4;12;56;113
-jFpQLJgJ2E_10417.mp4 3;56;113
-jFpQLJgJ2E_10418.mp4 1;2;3;4;12;54;113
-jFpQLJgJ2E_10419.mp4 0;1;2;3;4;12;56;113
-jFpQLJgJ2E_10420.mp4 0;1;3;4;12;56;113
-jFpQLJgJ2E_10421.mp4 2;3;12;56;113
-jFpQLJgJ2E_10422.mp4 1;2;3;4;12;56;113
-jFpQLJgJ2E_10423.mp4 1;3;4;54;113
-jFpQLJgJ2E_10424.mp4 0;1;3;12;54;113
-jFpQLJgJ2E_10425.mp4 3;12;57;113
-jFpQLJgJ2E_10426.mp4 3;4;12;54;113
-jFpQLJgJ2E_10427.mp4 1;56;113
-jxVhD4RSNc_11928.mp4 1;2;3;4;5;12;69;116
-jxVhD4RSNc_11929.mp4 2;3;5;71;116
-jxVhD4RSNc_11930.mp4 1;3;70;116
-qHfu6YD-MI_05051.mp4 1;3;4;12;13;104
-qHfu6YD-MI_05052.mp4 3;12;15;104
-qNB_SjoXQ0_01137.mp4 1;4;8;25;106
-qNB_SjoXQ0_01138.mp4 3;4;6;8;12;25;106
-qNB_SjoXQ0_01139.mp4 1;3;4;8;12;25;106
-qNB_SjoXQ0_01140.mp4 3;4;8;12;25;106
-qNB_SjoXQ0_01141.mp4 4;8;12;22;106
-qNB_SjoXQ0_01142.mp4 3;4;6;8;12;25;106
-qNB_SjoXQ0_01143.mp4 3;4;8;12;25;106
-qNB_SjoXQ0_01144.mp4 3;4;6;8;12;25;106
-qNB_SjoXQ0_01145.mp4 3;4;8;12;25;106
-qNB_SjoXQ0_01146.mp4 1;3;4;8;12;25;106
-qNB_SjoXQ0_01147.mp4 1;3;4;6;8;12;25;106
-qNB_SjoXQ0_01148.mp4 1;3;4;8;12;22;106
-qNB_SjoXQ0_01149.mp4 3;4;5;12;24;106
-qNB_SjoXQ0_01150.mp4 3;4;8;12;22;106
-qNB_SjoXQ0_01151.mp4 24;106
-qNB_SjoXQ0_01152.mp4 1;2;3;4;12;24;106
-qNB_SjoXQ0_01153.mp4 3;4;8;12;22;106
-qNB_SjoXQ0_01154.mp4 4;8;12;22;106
-qNB_SjoXQ0_01155.mp4 3;4;8;12;23;106
-qNB_SjoXQ0_01156.mp4 3;5;24;106
-qNB_SjoXQ0_01157.mp4 4;8;12;22;106
-qNB_SjoXQ0_01158.mp4 3;4;12;23;106
-qNB_SjoXQ0_01159.mp4 1;3;12;24;106
-qNB_SjoXQ0_01160.mp4 3;4;8;23;106
-qNB_SjoXQ0_01161.mp4 12;23;106
-tlhiCdQe1Y_05169.mp4 3;4;5;12;13;104
-tlhiCdQe1Y_05170.mp4 3;15;104
-zGKPTMlR64_14114.mp4 1;3;4;83;119
-zGKPTMlR64_14115.mp4 1;3;4;83;119
-zGKPTMlR64_14116.mp4 1;3;83;119
-zGKPTMlR64_14117.mp4 1;3;83;119
-zGKPTMlR64_14118.mp4 1;3;4;12;86;119
-zGKPTMlR64_14119.mp4 1;85;119
-zGKPTMlR64_14120.mp4 1;4;12;86;119
-zGKPTMlR64_14121.mp4 1;3;4;86;119
-zGKPTMlR64_14122.mp4 1;3;4;86;119
-zGKPTMlR64_14123.mp4 1;3;83;119
04jZu3AZzFo_00321.mp4 3;74;117
04jZu3AZzFo_00322.mp4 74;117
09AMBU0QvY8_00761.mp4 1;4;34;108
09AMBU0QvY8_00762.mp4 1;4;34;108
09AMBU0QvY8_00763.mp4 4;34;108
09AMBU0QvY8_00764.mp4 4;34;108
09AMBU0QvY8_00765.mp4 4;34;108
09AMBU0QvY8_00766.mp4 1;4;34;108
09AMBU0QvY8_00767.mp4 1;3;4;8;34;108
09AMBU0QvY8_00768.mp4 4;34;108
09AMBU0QvY8_00769.mp4 1;4;34;108
09AMBU0QvY8_00770.mp4 1;4;34;108
0PH2qcyQunA_06940.mp4 1;4;6;8;12;95;122
0PH2qcyQunA_06941.mp4 2;4;8;95;122
0PH2qcyQunA_06942.mp4 1;4;8;12;95;122
0PH2qcyQunA_06943.mp4 8;95;122
0PH2qcyQunA_06944.mp4 2;4;8;12;95;122
0PH2qcyQunA_06945.mp4 4;8;96;122
0PH2qcyQunA_06946.mp4 0;4;6;8;12;95;122
0PH2qcyQunA_06947.mp4 3;8;95;122
0PH2qcyQunA_06948.mp4 1;4;8;96;122
0PH2qcyQunA_06949.mp4 12;95;122
0PH2qcyQunA_06950.mp4 1;4;8;96;122
0PH2qcyQunA_06951.mp4 0;4;6;8;12;95;122
0PH2qcyQunA_06952.mp4 6;8;12;95;122
0VCwCltrKYw_13434.mp4 1;4;86;119
0VCwCltrKYw_13435.mp4 1;12;86;119
0VCwCltrKYw_13436.mp4 1;4;12;83;119
0VCwCltrKYw_13437.mp4 1;3;12;86;119
0VCwCltrKYw_13438.mp4 1;3;4;84;119
0VCwCltrKYw_13439.mp4 1;3;4;12;86;119
0VCwCltrKYw_13440.mp4 1;3;83;119
0VCwCltrKYw_13441.mp4 1;3;4;12;86;119
0VCwCltrKYw_13442.mp4 1;3;4;83;119
0VCwCltrKYw_13443.mp4 1;3;4;12;86;119
0VCwCltrKYw_13444.mp4 1;4;12;83;119
0WnSIxaiPIg_00876.mp4 1;4;12;33;108
0WnSIxaiPIg_00877.mp4 1;4;12;33;108
0WnSIxaiPIg_00878.mp4 1;3;4;34;108
0ZIOxmLOU7k_09165.mp4 1;3;67;115
0ZIOxmLOU7k_09166.mp4 1;3;67;115
0ZIOxmLOU7k_09167.mp4 67;115
0ZIOxmLOU7k_09168.mp4 1;3;12;67;115
0ZIOxmLOU7k_09169.mp4 1;4;12;67;115
0ZIOxmLOU7k_09170.mp4 1;3;4;67;115
0ZIOxmLOU7k_09171.mp4 1;3;4;67;115
0ZIOxmLOU7k_09172.mp4 3;67;115
0ZIOxmLOU7k_09173.mp4 1;3;12;67;115
0ZIOxmLOU7k_09174.mp4 1;3;12;67;115
0i-x2miNHX0_02528.mp4 1;3;4;12;68;115
0i-x2miNHX0_02529.mp4 1;3;4;60;115
0i-x2miNHX0_02530.mp4 1;3;68;115
0i-x2miNHX0_02531.mp4 3;12;60;115
0i-x2miNHX0_02532.mp4 1;3;12;60;115
0i-x2miNHX0_02533.mp4 1;3;4;60;115
0i-x2miNHX0_02534.mp4 1;3;12;68;115
0i-x2miNHX0_02535.mp4 1;3;12;60;115
0i-x2miNHX0_02536.mp4 1;3;4;12;60;115
0i-x2miNHX0_02537.mp4 1;3;4;68;115
0i-x2miNHX0_02538.mp4 1;3;4;12;68;115
0i-x2miNHX0_02539.mp4 1;3;4;12;68;115
0i-x2miNHX0_02540.mp4 1;3;68;115
0i-x2miNHX0_02541.mp4 1;3;4;12;68;115
0i-x2miNHX0_02542.mp4 1;3;68;115
0iGye_oXG40_11350.mp4 3;12;65;115
0iGye_oXG40_11351.mp4 3;65;115
0iGye_oXG40_11352.mp4 61;115
0iGye_oXG40_11353.mp4 1;3;63;115
0iGye_oXG40_11354.mp4 1;3;62;115
0iGye_oXG40_11355.mp4 1;3;62;115
0iGye_oXG40_11356.mp4 3;62;115
0iGye_oXG40_11357.mp4 3;61;115
0iGye_oXG40_11358.mp4 3;12;62;115
0iGye_oXG40_11359.mp4 3;4;12;65;115
0iGye_oXG40_11360.mp4 3;62;115
0iGye_oXG40_11361.mp4 62;115
0iGye_oXG40_11362.mp4 68;115
0lJdDYr4v-w_11931.mp4 1;2;3;4;10;69;116
0lJdDYr4v-w_11933.mp4 3;71;116
0m_HbAUoUoY_05028.mp4 1;3;12;16;104
0m_HbAUoUoY_05029.mp4 1;4;5;12;13;104
0m_HbAUoUoY_05030.mp4 1;3;12;16;104
0m_HbAUoUoY_05031.mp4 1;3;4;5;12;13;104
0m_HbAUoUoY_05032.mp4 1;3;12;16;104
0m_HbAUoUoY_05033.mp4 1;3;4;5;12;13;104
0m_HbAUoUoY_05034.mp4 1;3;12;16;104
0m_HbAUoUoY_05035.mp4 1;3;4;5;12;13;104
0m_HbAUoUoY_05036.mp4 1;3;12;16;104
0m_HbAUoUoY_05037.mp4 1;3;4;12;13;104
0qGcaVRu3vk_11311.mp4 1;3;4;12;94;121
0qGcaVRu3vk_11312.mp4 0;1;3;4;94;121
0qGcaVRu3vk_11313.mp4 1;2;3;4;94;121
0qGcaVRu3vk_11314.mp4 1;2;3;4;94;121
0qGcaVRu3vk_11315.mp4 1;3;4;94;121
0qGcaVRu3vk_11316.mp4 1;3;4;94;121
0qisRbbnx5o_10190.mp4 1;4;12;54;113
0qisRbbnx5o_10191.mp4 3;54;113
0qisRbbnx5o_10192.mp4 1;12;56;113
0qisRbbnx5o_10193.mp4 4;8;12;54;113
0qisRbbnx5o_10194.mp4 1;4;12;56;113
0qisRbbnx5o_10195.mp4 1;2;3;4;12;56;113
0qisRbbnx5o_10196.mp4 1;3;4;12;56;113
0s1al8931l0_05485.mp4 1;3;4;12;50;112
0s1al8931l0_05486.mp4 3;50;112
0s1al8931l0_05487.mp4 1;3;4;50;112
0s1al8931l0_05488.mp4 1;3;4;51;112
0s1al8931l0_05489.mp4 1;3;4;50;112
0s1al8931l0_05490.mp4 1;3;4;50;112
0s1al8931l0_05491.mp4 1;3;4;50;112
0sEecJcqegM_04871.mp4 1;3;5;12;13;104
0sEecJcqegM_04872.mp4 3;12;15;104
0sEecJcqegM_04873.mp4 3;14;104
0sEecJcqegM_04874.mp4 3;5;14;104
0sEecJcqegM_04875.mp4 3;14;104
0sEecJcqegM_04876.mp4 3;14;104
0sEecJcqegM_04877.mp4 3;14;104
0sEecJcqegM_04878.mp4 3;12;14;104
0vhI8kpG178_10111.mp4 1;3;4;8;12;55;113
0vhI8kpG178_10112.mp4 1;3;12;57;113
0vhI8kpG178_10113.mp4 1;3;4;12;54;113
0vhI8kpG178_10114.mp4 1;3;4;12;54;113
0vhI8kpG178_10115.mp4 1;3;8;12;54;113
0vhI8kpG178_10116.mp4 1;3;4;12;54;113
0vhI8kpG178_10117.mp4 1;3;4;12;54;113
0vhI8kpG178_10118.mp4 0;1;3;4;12;56;113
0vhI8kpG178_10119.mp4 3;12;54;113
0vhI8kpG178_10120.mp4 1;3;12;54;113
0vhI8kpG178_10121.mp4 1;3;4;12;57;113
0vhI8kpG178_10122.mp4 3;4;12;54;113
0vhI8kpG178_10123.mp4 3;12;54;113
0vhI8kpG178_10124.mp4 1;56;113
13HHeeqcS9E_10182.mp4 1;2;3;4;12;54;113
13HHeeqcS9E_10183.mp4 1;3;4;12;54;113
13HHeeqcS9E_10184.mp4 1;3;4;12;56;113
13HHeeqcS9E_10185.mp4 1;3;12;54;113
13HHeeqcS9E_10186.mp4 1;3;12;56;113
13HHeeqcS9E_10187.mp4 3;4;12;56;113
13HHeeqcS9E_10188.mp4 1;3;4;12;56;113
13HHeeqcS9E_10189.mp4 1;2;3;4;10;12;56;113
19LN06_kTJw_15283.mp4 4;12;100;123
19LN06_kTJw_15284.mp4 3;100;123
19LN06_kTJw_15285.mp4 1;3;4;8;102;123
19LN06_kTJw_15286.mp4 1;3;4;12;102;123
19LN06_kTJw_15287.mp4 1;4;12;102;123
19LN06_kTJw_15288.mp4 1;2;3;4;12;102;123
19LN06_kTJw_15289.mp4 3;4;8;100;123
19LN06_kTJw_15290.mp4 3;4;12;102;123
19LN06_kTJw_15291.mp4 1;4;8;12;102;123
19LN06_kTJw_15292.mp4 1;3;4;8;100;123
19LN06_kTJw_15293.mp4 1;3;4;8;12;102;123
19LN06_kTJw_15294.mp4 1;4;8;102;123
19LN06_kTJw_15295.mp4 1;3;4;12;102;123
19LN06_kTJw_15296.mp4 1;4;12;102;123
19LN06_kTJw_15297.mp4 3;4;100;123
19LN06_kTJw_15298.mp4 1;3;4;100;123
19LN06_kTJw_15299.mp4 4;103;123
19LN06_kTJw_15300.mp4 1;4;8;12;100;123
19LN06_kTJw_15301.mp4 3;4;100;123
19LN06_kTJw_15302.mp4 3;4;12;100;123
19LN06_kTJw_15303.mp4 1;4;12;100;123
19LN06_kTJw_15304.mp4 2;3;4;8;103;123
19LN06_kTJw_15305.mp4 1;2;4;8;10;103;123
19LN06_kTJw_15306.mp4 1;3;103;123
19LN06_kTJw_15307.mp4 1;4;12;103;123
19LN06_kTJw_15308.mp4 1;4;6;8;103;123
19LN06_kTJw_15309.mp4 4;8;103;123
19LN06_kTJw_15310.mp4 1;3;4;12;103;123
19LN06_kTJw_15311.mp4 1;3;4;8;12;103;123
19LN06_kTJw_15312.mp4 4;12;103;123
19gxqQ45JP8_03719.mp4 1;3;91;121
19gxqQ45JP8_03720.mp4 1;3;4;12;92;121
19gxqQ45JP8_03721.mp4 3;94;121
1CDgIztgpT8_03195.mp4 1;2;3;4;12;69;116
1CDgIztgpT8_03196.mp4 1;2;3;69;116
1CDgIztgpT8_03197.mp4 1;2;3;69;116
1CDgIztgpT8_03198.mp4 1;2;3;4;5;12;69;116
1H9rn1e8MEI_04082.mp4 3;4;6;8;12;25;106
1H9rn1e8MEI_04083.mp4 3;4;6;8;12;22;106
1H9rn1e8MEI_04084.mp4 3;4;8;25;106
1H9rn1e8MEI_04085.mp4 3;4;6;8;12;25;106
1H9rn1e8MEI_04086.mp4 1;4;8;25;106
1H9rn1e8MEI_04087.mp4 4;6;8;12;25;106
1H9rn1e8MEI_04088.mp4 1;4;6;8;25;106
1H9rn1e8MEI_04089.mp4 3;4;6;8;12;25;106
1H9rn1e8MEI_04090.mp4 1;3;4;6;8;12;25;106
1H9rn1e8MEI_04091.mp4 3;4;6;8;12;25;106
1H9rn1e8MEI_04092.mp4 3;4;6;8;12;25;106
1H9rn1e8MEI_04093.mp4 4;6;8;22;106
1H9rn1e8MEI_04094.mp4 1;4;8;22;106
1O5CBVIsctA_12931.mp4 1;3;4;75;117
1O5CBVIsctA_12932.mp4 1;4;75;117
1O5CBVIsctA_12933.mp4 78;117
1O5CBVIsctA_12934.mp4 74;117
1O5CBVIsctA_12935.mp4 76;117
1Q7eRNZcKDk_15924.mp4 1;2;4;10;35;109
1Q7eRNZcKDk_15925.mp4 1;4;12;35;109
1Q7eRNZcKDk_15926.mp4 0;1;35;109
1Q7eRNZcKDk_15927.mp4 0;1;3;4;12;35;109
1Q7eRNZcKDk_15928.mp4 1;4;12;35;109
1Q7eRNZcKDk_15929.mp4 3;4;8;12;37;109
1Q7eRNZcKDk_15930.mp4 1;3;4;12;35;109
1YzGUyM3P2k_05961.mp4 75;117
1YzGUyM3P2k_05962.mp4 74;117
1_dqejDHUgQ_15938.mp4 2;3;37;109
1_dqejDHUgQ_15939.mp4 0;3;4;12;35;109
1_dqejDHUgQ_15940.mp4 0;35;109
1_dqejDHUgQ_15941.mp4 1;3;4;12;36;109
1eIEbz3Fmiw_06596.mp4 1;3;4;80;118
1eIEbz3Fmiw_06597.mp4 1;3;4;80;118
1eIEbz3Fmiw_06598.mp4 1;12;81;118
1eIEbz3Fmiw_06599.mp4 1;12;81;118
1eIEbz3Fmiw_06600.mp4 1;12;81;118
1eIEbz3Fmiw_06601.mp4 3;12;81;118
1eIEbz3Fmiw_06602.mp4 1;3;4;80;118
1eIEbz3Fmiw_06603.mp4 1;12;81;118
1gdJ_ieFNZU_05836.mp4 1;4;6;8;95;122
1gdJ_ieFNZU_05837.mp4 3;4;8;12;95;122
1gdJ_ieFNZU_05838.mp4 2;4;8;12;95;122
1gdJ_ieFNZU_05839.mp4 0;3;4;6;8;12;96;122
1gdJ_ieFNZU_05840.mp4 1;4;8;98;122
1gdJ_ieFNZU_05841.mp4 4;8;12;96;122
1gdJ_ieFNZU_05842.mp4 4;6;8;95;122
1gdJ_ieFNZU_05843.mp4 1;3;4;8;12;95;122
1gdJ_ieFNZU_05844.mp4 4;8;96;122
1gdJ_ieFNZU_05845.mp4 1;2;3;4;8;12;95;122
1gdJ_ieFNZU_05846.mp4 8;98;122
1iKnKcI8KaE_12949.mp4 1;4;8;102;123
1iKnKcI8KaE_12950.mp4 1;3;4;8;12;100;123
1iKnKcI8KaE_12951.mp4 1;3;12;101;123
1iKnKcI8KaE_12952.mp4 4;8;100;123
1iKnKcI8KaE_12953.mp4 1;4;8;100;123
1iKnKcI8KaE_12954.mp4 1;4;8;99;123
1pdWDNayqg4_15959.mp4 1;4;12;37;109
1pdWDNayqg4_15960.mp4 2;4;35;109
1pdWDNayqg4_15961.mp4 0;36;109
1pdWDNayqg4_15962.mp4 0;1;3;4;12;37;109
1pdWDNayqg4_15963.mp4 1;3;4;12;35;109
1pdWDNayqg4_15964.mp4 0;1;36;109
1pdWDNayqg4_15965.mp4 0;1;4;12;35;109
1qubi0EXVs8_01430.mp4 3;68;115
1qubi0EXVs8_01431.mp4 60;115
1qubi0EXVs8_01432.mp4 60;115
1qubi0EXVs8_01433.mp4 3;60;115
1qubi0EXVs8_01434.mp4 1;68;115
1qubi0EXVs8_01435.mp4 68;115
1qubi0EXVs8_01436.mp4 68;115
1qubi0EXVs8_01437.mp4 3;65;115
1qubi0EXVs8_01438.mp4 68;115
1t5_42hIH9Y_09305.mp4 1;3;74;117
1t5_42hIH9Y_09306.mp4 1;74;117
1t5_42hIH9Y_09307.mp4 78;117
1x_Dix19dM0_05710.mp4 3;4;8;96;122
1x_Dix19dM0_05711.mp4 3;4;8;96;122
1x_Dix19dM0_05712.mp4 3;4;6;12;96;122
1x_Dix19dM0_05713.mp4 4;8;12;96;122
1x_Dix19dM0_05714.mp4 4;8;12;96;122
1x_Dix19dM0_05715.mp4 4;8;12;96;122
1x_Dix19dM0_05716.mp4 4;8;95;122
1x_Dix19dM0_05717.mp4 6;8;12;96;122
1x_Dix19dM0_05718.mp4 3;4;8;12;95;122
1x_Dix19dM0_05719.mp4 4;8;12;96;122
1x_Dix19dM0_05720.mp4 3;4;8;12;96;122
1x_Dix19dM0_05721.mp4 3;4;8;95;122
1x_Dix19dM0_05722.mp4 3;6;98;122
1x_Dix19dM0_05723.mp4 4;8;95;122
1x_Dix19dM0_05724.mp4 1;2;3;4;8;95;122
1x_Dix19dM0_05725.mp4 1;2;3;4;12;98;122
1x_Dix19dM0_05726.mp4 2;3;4;8;95;122
1x_Dix19dM0_05727.mp4 3;4;8;95;122
1x_Dix19dM0_05728.mp4 3;4;7;8;95;122
1x_Dix19dM0_05730.mp4 4;8;12;96;122
1x_Dix19dM0_05731.mp4 8;95;122
1x_Dix19dM0_05732.mp4 2;3;4;8;95;122
2-VLuvASCdg_00014.mp4 4;12;33;108
2-VLuvASCdg_00015.mp4 1;4;12;31;108
2-VLuvASCdg_00016.mp4 4;12;31;108
2-VLuvASCdg_00017.mp4 0;1;32;108
2-ynq89knAQ_05141.mp4 3;5;13;104
2-ynq89knAQ_05142.mp4 1;3;12;13;104
2-ynq89knAQ_05143.mp4 1;3;12;13;104
2-ynq89knAQ_05144.mp4 1;3;4;12;13;104
2-ynq89knAQ_05145.mp4 3;12;13;104
22quDqdzVMw_12177.mp4 1;2;3;7;10;69;116
22quDqdzVMw_12178.mp4 1;3;4;12;70;116
22quDqdzVMw_12179.mp4 1;3;71;116
24q1O3M9xiw_11545.mp4 3;8;12;23;106
24q1O3M9xiw_11546.mp4 3;4;6;8;12;25;106
24q1O3M9xiw_11547.mp4 3;4;5;8;12;25;106
24q1O3M9xiw_11548.mp4 3;4;8;25;106
24q1O3M9xiw_11549.mp4 1;3;4;8;12;23;106
24q1O3M9xiw_11550.mp4 3;4;8;12;22;106
24q1O3M9xiw_11551.mp4 4;8;12;25;106
24q1O3M9xiw_11552.mp4 1;3;4;12;23;106
24q1O3M9xiw_11553.mp4 3;4;23;106
24q1O3M9xiw_11554.mp4 1;3;4;8;12;25;106
24q1O3M9xiw_11555.mp4 3;4;6;8;12;25;106
24q1O3M9xiw_11556.mp4 1;3;4;6;8;12;25;106
24q1O3M9xiw_11557.mp4 4;8;25;106
24q1O3M9xiw_11558.mp4 4;8;12;25;106
24q1O3M9xiw_11559.mp4 12;24;106
24q1O3M9xiw_11560.mp4 1;3;4;8;23;106
24q1O3M9xiw_11561.mp4 1;3;4;12;23;106
24q1O3M9xiw_11562.mp4 1;3;4;12;23;106
24q1O3M9xiw_11563.mp4 1;3;4;6;8;12;25;106
24q1O3M9xiw_11564.mp4 3;4;8;12;22;106
24q1O3M9xiw_11565.mp4 1;3;4;8;12;22;106
24q1O3M9xiw_11566.mp4 1;3;4;12;24;106
2AeOVMaCgjk_01209.mp4 1;3;4;60;115
2AeOVMaCgjk_01210.mp4 1;4;60;115
2AeOVMaCgjk_01211.mp4 1;3;4;68;115
2AeOVMaCgjk_01212.mp4 1;3;4;60;115
2AeOVMaCgjk_01213.mp4 1;4;60;115
2AeOVMaCgjk_01214.mp4 1;3;4;60;115
2AeOVMaCgjk_01215.mp4 1;3;4;68;115
2AeOVMaCgjk_01216.mp4 1;3;4;60;115
2AeOVMaCgjk_01217.mp4 1;4;60;115
2AeOVMaCgjk_01218.mp4 1;3;4;60;115
2AeOVMaCgjk_01219.mp4 1;3;4;68;115
2AeOVMaCgjk_01220.mp4 1;3;68;115
2FrRnbHqogo_03422.mp4 1;4;12;35;109
2FrRnbHqogo_03423.mp4 3;4;37;109
2FrRnbHqogo_03424.mp4 3;4;37;109
2FrRnbHqogo_03425.mp4 0;3;4;12;35;109
2FrRnbHqogo_03426.mp4 1;3;4;12;36;109
2FrRnbHqogo_03427.mp4 37;109
2FrRnbHqogo_03428.mp4 1;4;35;109
2FrRnbHqogo_03429.mp4 4;8;12;35;109
2FrRnbHqogo_03430.mp4 0;1;2;3;4;8;9;11;12;35;109
2FrRnbHqogo_03431.mp4 2;3;4;37;109
2FrRnbHqogo_03432.mp4 0;1;3;4;12;35;109
2FrRnbHqogo_03433.mp4 1;2;3;4;8;10;12;35;109
2FrRnbHqogo_03434.mp4 1;2;3;4;10;12;35;109
2FrRnbHqogo_03435.mp4 0;3;4;12;37;109
2FrRnbHqogo_03436.mp4 0;1;3;4;12;35;109
2FrRnbHqogo_03437.mp4 1;3;4;36;109
2FrRnbHqogo_03438.mp4 3;36;109
2FrRnbHqogo_03439.mp4 0;3;4;37;109
2FrRnbHqogo_03440.mp4 1;2;3;4;12;37;109
2RoIYEQuAm0_09942.mp4 0;1;3;4;12;56;113
2RoIYEQuAm0_09943.mp4 1;4;12;56;113
2RoIYEQuAm0_09944.mp4 1;3;57;113
2RoIYEQuAm0_09945.mp4 3;57;113
2RoIYEQuAm0_09946.mp4 0;1;3;4;12;56;113
2RoIYEQuAm0_09947.mp4 0;2;3;4;10;11;12;56;113
2gQp7x3eqt4_01070.mp4 1;3;12;61;115
2gQp7x3eqt4_01071.mp4 61;115
2gQp7x3eqt4_01072.mp4 1;3;63;115
2gQp7x3eqt4_01073.mp4 61;115
2gQp7x3eqt4_01074.mp4 1;3;63;115
2gQp7x3eqt4_01075.mp4 1;61;115
2gQp7x3eqt4_01076.mp4 1;3;63;115
2gQp7x3eqt4_01077.mp4 1;3;61;115
2gQp7x3eqt4_01078.mp4 1;3;63;115
2gQp7x3eqt4_01079.mp4 61;115
2gQp7x3eqt4_01080.mp4 1;3;63;115
2gQp7x3eqt4_01081.mp4 3;63;115
2gQp7x3eqt4_01082.mp4 1;3;61;115
2gQp7x3eqt4_01083.mp4 1;3;63;115
2gQp7x3eqt4_01084.mp4 3;61;115
2gQp7x3eqt4_01085.mp4 1;3;63;115
2gQp7x3eqt4_01086.mp4 3;63;115
2gQp7x3eqt4_01087.mp4 3;61;115
2gQp7x3eqt4_01088.mp4 3;63;115
2gQp7x3eqt4_01089.mp4 61;115
2iVO3Vl6Ajg_12979.mp4 29;107
2iVO3Vl6Ajg_12980.mp4 29;107
2iVO3Vl6Ajg_12981.mp4 26;107
2iVO3Vl6Ajg_12982.mp4 27;107
2iVO3Vl6Ajg_12983.mp4 27;107
2nb-w6juD5c_03543.mp4 4;6;8;25;106
2nb-w6juD5c_03544.mp4 1;3;4;10;24;106
2nb-w6juD5c_03545.mp4 3;4;6;8;25;106
2nb-w6juD5c_03546.mp4 3;4;6;8;12;25;106
2nb-w6juD5c_03547.mp4 4;6;8;12;25;106
2nb-w6juD5c_03548.mp4 3;4;8;12;25;106
2nb-w6juD5c_03549.mp4 3;4;8;22;106
2nb-w6juD5c_03550.mp4 3;4;6;8;12;25;106
2nb-w6juD5c_03551.mp4 3;4;8;12;25;106
2vWIBXsTVYQ_10245.mp4 1;3;4;12;54;113
2vWIBXsTVYQ_10246.mp4 1;4;12;54;113
2vWIBXsTVYQ_10247.mp4 3;12;57;113
2vqhTU16Dr4_02950.mp4 21;105
2vqhTU16Dr4_02951.mp4 21;105
2vqhTU16Dr4_02952.mp4 4;21;105
2vqhTU16Dr4_02953.mp4 1;2;4;21;105
2vqhTU16Dr4_02954.mp4 17;105
2vqhTU16Dr4_02955.mp4 1;18;105
2vqhTU16Dr4_02956.mp4 1;17;105
2vqhTU16Dr4_02957.mp4 3;17;105
2zojswd4HkI_12173.mp4 70;116
2zojswd4HkI_12174.mp4 2;5;69;116
2zojswd4HkI_12175.mp4 1;69;116
2zojswd4HkI_12176.mp4 2;5;12;69;116
303vmqUNC_U_05733.mp4 8;96;122
303vmqUNC_U_05734.mp4 4;8;10;12;95;122
303vmqUNC_U_05735.mp4 4;8;96;122
303vmqUNC_U_05736.mp4 0;1;3;4;8;12;95;122
303vmqUNC_U_05737.mp4 4;8;12;96;122
303vmqUNC_U_05738.mp4 4;8;12;96;122
303vmqUNC_U_05739.mp4 4;6;8;96;122
303vmqUNC_U_05740.mp4 1;3;4;8;95;122
303vmqUNC_U_05741.mp4 3;4;12;98;122
303vmqUNC_U_05742.mp4 1;4;8;95;122
303vmqUNC_U_05743.mp4 4;8;12;96;122
303vmqUNC_U_05744.mp4 3;4;8;12;95;122
303vmqUNC_U_05745.mp4 3;6;8;12;98;122
303vmqUNC_U_05746.mp4 4;8;12;96;122
303vmqUNC_U_05747.mp4 3;4;6;8;12;95;122
303vmqUNC_U_05748.mp4 4;6;8;95;122
303vmqUNC_U_05749.mp4 4;6;8;11;95;122
303vmqUNC_U_05750.mp4 3;4;8;12;98;122
303vmqUNC_U_05751.mp4 4;8;12;96;122
303vmqUNC_U_05752.mp4 4;8;95;122
303vmqUNC_U_05753.mp4 8;12;96;122
303vmqUNC_U_05754.mp4 1;3;4;8;12;96;122
303vmqUNC_U_05755.mp4 8;95;122
303vmqUNC_U_05756.mp4 12;98;122
3C8wTkfRMYM_04940.mp4 1;3;12;16;104
3C8wTkfRMYM_04941.mp4 3;13;104
3C8wTkfRMYM_04942.mp4 3;4;15;104
3C8wTkfRMYM_04943.mp4 3;14;104
3C8wTkfRMYM_04944.mp4 3;14;104
3C8wTkfRMYM_04945.mp4 3;14;104
3Gl7nhIcj94_11883.mp4 1;2;3;4;7;10;69;116
3Gl7nhIcj94_11884.mp4 1;4;73;116
3Gl7nhIcj94_11885.mp4 1;2;3;7;69;116
3Gl7nhIcj94_11886.mp4 1;3;4;12;71;116
3Gl7nhIcj94_11887.mp4 1;2;3;69;116
3Gl7nhIcj94_11888.mp4 1;3;71;116
3Gl7nhIcj94_11889.mp4 1;3;72;116
3Gl7nhIcj94_11890.mp4 1;2;3;69;116
3Gl7nhIcj94_11891.mp4 1;2;3;4;12;69;116
3Gl7nhIcj94_11892.mp4 1;3;71;116
3Gl7nhIcj94_11893.mp4 1;2;3;4;69;116
3Gl7nhIcj94_11894.mp4 3;12;71;116
3Gl7nhIcj94_11895.mp4 1;2;69;116
3Gl7nhIcj94_11896.mp4 3;72;116
3Gl7nhIcj94_11897.mp4 1;3;73;116
3Gl7nhIcj94_11898.mp4 3;72;116
3Gl7nhIcj94_11899.mp4 3;69;116
3Gl7nhIcj94_11900.mp4 3;73;116
3Gl7nhIcj94_11901.mp4 1;2;3;4;12;69;116
3Gl7nhIcj94_11902.mp4 1;3;71;116
3IFOjODIVDE_13096.mp4 1;4;8;12;100;123
3IFOjODIVDE_13097.mp4 1;4;8;102;123
3IFOjODIVDE_13098.mp4 1;4;6;8;102;123
3IFOjODIVDE_13099.mp4 2;3;4;12;100;123
3IFOjODIVDE_13100.mp4 1;4;12;102;123
3IFOjODIVDE_13101.mp4 8;12;101;123
3IFOjODIVDE_13102.mp4 4;12;99;123
3IFOjODIVDE_13103.mp4 1;3;4;12;100;123
3IFOjODIVDE_13104.mp4 1;4;8;102;123
3IFOjODIVDE_13105.mp4 4;8;99;123
3IFOjODIVDE_13106.mp4 4;8;102;123
3IFOjODIVDE_13107.mp4 1;3;4;12;100;123
3IFOjODIVDE_13108.mp4 1;4;8;102;123
3IFOjODIVDE_13110.mp4 1;3;4;12;103;123
3IFOjODIVDE_13111.mp4 1;3;4;8;100;123
3IFOjODIVDE_13112.mp4 1;4;8;102;123
3IFOjODIVDE_13113.mp4 4;8;12;100;123
3IFOjODIVDE_13114.mp4 4;6;8;102;123
3IFOjODIVDE_13115.mp4 1;3;4;12;103;123
3IFOjODIVDE_13116.mp4 0;4;8;12;100;123
3IFOjODIVDE_13117.mp4 1;4;6;8;102;123
3IFOjODIVDE_13118.mp4 4;8;103;123
3IFOjODIVDE_13119.mp4 4;8;12;100;123
3IFOjODIVDE_13120.mp4 1;3;4;12;103;123
3IFOjODIVDE_13121.mp4 1;4;8;100;123
3IFOjODIVDE_13122.mp4 4;8;103;123
3IFOjODIVDE_13123.mp4 1;4;8;100;123
3IFOjODIVDE_13124.mp4 0;4;6;8;102;123
3IFOjODIVDE_13125.mp4 4;12;103;123
3IFOjODIVDE_13126.mp4 4;8;103;123
3IFOjODIVDE_13127.mp4 1;4;8;103;123
3IFOjODIVDE_13128.mp4 1;3;4;12;103;123
3IFOjODIVDE_13129.mp4 1;4;8;99;123
3IFOjODIVDE_13130.mp4 4;8;99;123
3IFOjODIVDE_13131.mp4 4;6;8;12;99;123
3IFOjODIVDE_13132.mp4 1;4;8;99;123
3KHgy7zQ4MA_06645.mp4 3;4;80;118
3KHgy7zQ4MA_06646.mp4 1;12;81;118
3SU6a9jrGgo_12994.mp4 3;4;12;100;123
3SU6a9jrGgo_12995.mp4 1;4;12;102;123
3SU6a9jrGgo_12996.mp4 4;8;100;123
3SU6a9jrGgo_12997.mp4 1;4;6;8;102;123
3SU6a9jrGgo_12998.mp4 4;8;103;123
3SU6a9jrGgo_12999.mp4 1;4;6;12;101;123
3SU6a9jrGgo_13000.mp4 1;3;4;12;100;123
3SU6a9jrGgo_13001.mp4 4;12;101;123
3SU6a9jrGgo_13002.mp4 4;12;103;123
3SU6a9jrGgo_13003.mp4 1;4;12;102;123
3SU6a9jrGgo_13004.mp4 3;4;8;100;123
3SU6a9jrGgo_13005.mp4 4;8;102;123
3SU6a9jrGgo_13006.mp4 1;4;8;102;123
3SU6a9jrGgo_13007.mp4 3;4;8;12;102;123
3SU6a9jrGgo_13008.mp4 1;3;4;8;12;101;123
3SU6a9jrGgo_13009.mp4 1;4;100;123
3SU6a9jrGgo_13010.mp4 1;3;4;6;8;12;102;123
3SU6a9jrGgo_13011.mp4 1;4;12;102;123
3SU6a9jrGgo_13012.mp4 1;4;12;102;123
3SU6a9jrGgo_13013.mp4 1;4;11;12;101;123
3SU6a9jrGgo_13014.mp4 1;4;8;102;123
3SU6a9jrGgo_13015.mp4 3;4;12;100;123
3SU6a9jrGgo_13016.mp4 3;12;101;123
3SU6a9jrGgo_13017.mp4 1;4;12;101;123
3SU6a9jrGgo_13018.mp4 1;3;4;12;101;123
3SU6a9jrGgo_13019.mp4 4;12;101;123
3SU6a9jrGgo_13020.mp4 1;4;12;99;123
3SU6a9jrGgo_13021.mp4 1;3;4;8;12;100;123
3SU6a9jrGgo_13022.mp4 4;8;12;101;123
3SU6a9jrGgo_13023.mp4 1;3;4;8;100;123
3SU6a9jrGgo_13024.mp4 1;4;12;101;123
3SU6a9jrGgo_13025.mp4 1;3;4;12;100;123
3SU6a9jrGgo_13026.mp4 3;4;100;123
3SU6a9jrGgo_13027.mp4 1;99;123
3U9FpgBP2kY_00474.mp4 4;8;96;122
3U9FpgBP2kY_00475.mp4 4;8;96;122
3U9FpgBP2kY_00476.mp4 3;4;8;95;122
3U9FpgBP2kY_00477.mp4 8;96;122
3U9FpgBP2kY_00478.mp4 1;4;8;95;122
3U9FpgBP2kY_00479.mp4 1;3;4;6;8;95;122
3U9FpgBP2kY_00480.mp4 1;4;8;96;122
3U9FpgBP2kY_00481.mp4 1;4;8;95;122
3U9FpgBP2kY_00482.mp4 1;3;4;8;12;95;122
3U9FpgBP2kY_00484.mp4 1;4;8;96;122
3U9FpgBP2kY_00485.mp4 4;8;96;122
3U9FpgBP2kY_00486.mp4 3;4;6;8;95;122
3U9FpgBP2kY_00487.mp4 3;8;95;122
3U9FpgBP2kY_00488.mp4 3;8;12;96;122
3U9FpgBP2kY_00489.mp4 3;4;8;12;95;122
3U9FpgBP2kY_00490.mp4 3;98;122
3U9FpgBP2kY_00491.mp4 1;4;8;95;122
3U9FpgBP2kY_00492.mp4 8;96;122
3U9FpgBP2kY_00493.mp4 1;3;4;8;96;122
3U9FpgBP2kY_00494.mp4 4;8;96;122
3U9FpgBP2kY_00495.mp4 3;4;8;97;122
3U9FpgBP2kY_00496.mp4 3;4;8;97;122
3U9FpgBP2kY_00497.mp4 4;8;97;122
3U9FpgBP2kY_00498.mp4 4;8;97;122
3U9FpgBP2kY_00499.mp4 3;4;8;12;97;122
3U9FpgBP2kY_00500.mp4 1;4;8;12;97;122
3U9FpgBP2kY_00501.mp4 3;4;8;97;122
3U9FpgBP2kY_00502.mp4 4;8;97;122
3U9FpgBP2kY_00503.mp4 4;8;12;97;122
3U9FpgBP2kY_00504.mp4 2;3;4;7;8;10;12;97;122
3V5WZcXle_Y_11177.mp4 1;3;4;12;88;120
3V5WZcXle_Y_11178.mp4 1;3;4;12;88;120
3V5WZcXle_Y_11179.mp4 1;3;90;120
3V5WZcXle_Y_11180.mp4 1;3;90;120
3V5WZcXle_Y_11181.mp4 1;3;4;89;120
3V5WZcXle_Y_11182.mp4 1;3;90;120
3V5WZcXle_Y_11183.mp4 3;89;120
3V5WZcXle_Y_11184.mp4 1;3;89;120
3V5WZcXle_Y_11185.mp4 1;3;89;120
3V5WZcXle_Y_11186.mp4 1;3;90;120
3V5WZcXle_Y_11187.mp4 3;90;120
3ZrurhxII-M_00100.mp4 1;3;4;94;121
3ZrurhxII-M_00101.mp4 1;3;4;12;94;121
3nfG4rQ-KgQ_00323.mp4 1;2;4;19;105
3nfG4rQ-KgQ_00324.mp4 1;2;4;19;105
3nfG4rQ-KgQ_00325.mp4 1;4;19;105
3nfG4rQ-KgQ_00326.mp4 4;19;105
3nfG4rQ-KgQ_00327.mp4 0;1;3;4;5;12;19;105
3nfG4rQ-KgQ_00328.mp4 1;3;4;12;19;105
3nfG4rQ-KgQ_00329.mp4 3;4;8;12;19;105
3nfG4rQ-KgQ_00330.mp4 1;3;4;12;19;105
3nfG4rQ-KgQ_00331.mp4 1;3;19;105
3nfG4rQ-KgQ_00332.mp4 1;19;105
3qquQqWGLJY_00528.mp4 1;4;8;12;95;122
3qquQqWGLJY_00529.mp4 6;8;95;122
3qquQqWGLJY_00530.mp4 4;8;95;122
3qquQqWGLJY_00531.mp4 4;8;95;122
3qquQqWGLJY_00532.mp4 12;97;122
3qquQqWGLJY_00533.mp4 8;12;95;122
3qquQqWGLJY_00534.mp4 6;8;95;122
3qquQqWGLJY_00535.mp4 1;3;4;8;97;122
3qquQqWGLJY_00536.mp4 4;8;97;122
3sWW99rPpEA_03961.mp4 4;8;12;24;106
3sWW99rPpEA_03962.mp4 4;8;12;22;106
3sWW99rPpEA_03963.mp4 3;4;6;8;12;22;106
3sWW99rPpEA_03964.mp4 3;4;6;8;25;106
3sWW99rPpEA_03965.mp4 4;8;22;106
3sWW99rPpEA_03966.mp4 0;3;4;8;12;22;106
3sWW99rPpEA_03967.mp4 1;4;6;8;12;22;106
3sWW99rPpEA_03968.mp4 4;6;8;22;106
3sWW99rPpEA_03969.mp4 4;6;8;22;106
3sWW99rPpEA_03970.mp4 3;5;8;12;24;106
3sWW99rPpEA_03971.mp4 4;6;8;12;22;106
3sWW99rPpEA_03972.mp4 4;6;8;22;106
3sWW99rPpEA_03973.mp4 3;4;8;22;106
3sWW99rPpEA_03974.mp4 8;24;106
3sWW99rPpEA_03975.mp4 3;4;6;8;12;25;106
3sWW99rPpEA_03976.mp4 4;12;24;106
3sWW99rPpEA_03977.mp4 1;4;8;12;25;106
3sWW99rPpEA_03978.mp4 12;24;106
3sWW99rPpEA_03979.mp4 1;3;4;6;8;25;106
3sWW99rPpEA_03980.mp4 0;1;3;4;6;8;12;25;106
3sWW99rPpEA_03981.mp4 1;4;8;24;106
3sWW99rPpEA_03982.mp4 3;4;8;12;25;106
3sWW99rPpEA_03983.mp4 3;4;6;8;25;106
3sWW99rPpEA_03984.mp4 4;8;12;24;106
3sWW99rPpEA_03985.mp4 4;6;8;12;25;106
3sWW99rPpEA_03986.mp4 0;2;3;4;6;8;12;24;106
3sWW99rPpEA_03987.mp4 4;8;25;106
3sWW99rPpEA_03988.mp4 3;4;6;8;12;25;106
3sWW99rPpEA_03989.mp4 1;3;4;8;11;12;24;106
3sWW99rPpEA_03990.mp4 1;4;12;24;106
3w1XWTmYP_c_00771.mp4 34;108
3w1XWTmYP_c_00772.mp4 4;34;108
3w1XWTmYP_c_00773.mp4 4;34;108
3w1XWTmYP_c_00774.mp4 1;4;34;108
3w1XWTmYP_c_00775.mp4 0;1;4;12;34;108
3w1XWTmYP_c_00776.mp4 1;3;4;34;108
3wm6XANf0V0_02795.mp4 17;105
3wm6XANf0V0_02796.mp4 3;17;105
3wm6XANf0V0_02797.mp4 1;4;17;105
3wm6XANf0V0_02798.mp4 1;3;4;21;105
3zuYk-KLwV0_12818.mp4 1;3;90;120
3zuYk-KLwV0_12819.mp4 1;3;89;120
3zuYk-KLwV0_12820.mp4 1;3;89;120
3zuYk-KLwV0_12821.mp4 1;3;90;120
3zuYk-KLwV0_12822.mp4 3;90;120
3zuYk-KLwV0_12823.mp4 1;3;89;120
3zuYk-KLwV0_12824.mp4 3;12;89;120
3zuYk-KLwV0_12825.mp4 1;3;90;120
3zuYk-KLwV0_12826.mp4 1;3;4;89;120
3zuYk-KLwV0_12827.mp4 1;3;90;120
3zuYk-KLwV0_12828.mp4 1;3;89;120
3zuYk-KLwV0_12829.mp4 1;3;89;120
3zuYk-KLwV0_12830.mp4 1;3;90;120
3zuYk-KLwV0_12831.mp4 1;3;90;120
3zuYk-KLwV0_12832.mp4 1;3;90;120
3zuYk-KLwV0_12833.mp4 1;3;90;120
3zuYk-KLwV0_12834.mp4 1;3;89;120
3zuYk-KLwV0_12835.mp4 3;90;120
3zuYk-KLwV0_12836.mp4 1;3;12;87;120
44iLSplEKiI_12160.mp4 1;3;73;116
44iLSplEKiI_12161.mp4 73;116
44iLSplEKiI_12162.mp4 3;12;73;116
44iLSplEKiI_12163.mp4 3;12;73;116
44iLSplEKiI_12164.mp4 3;73;116
44iLSplEKiI_12165.mp4 3;73;116
44iLSplEKiI_12166.mp4 12;73;116
44iLSplEKiI_12167.mp4 1;73;116
46rabPWIKyY_05002.mp4 1;3;4;12;13;104
46rabPWIKyY_05003.mp4 3;12;15;104
4Dk7eYoj5GI_07310.mp4 3;4;8;12;96;122
4Dk7eYoj5GI_07311.mp4 2;8;98;122
4Dk7eYoj5GI_07312.mp4 4;8;96;122
4Dk7eYoj5GI_07313.mp4 4;8;96;122
4Dk7eYoj5GI_07314.mp4 8;96;122
4Dk7eYoj5GI_07315.mp4 4;8;95;122
4Dk7eYoj5GI_07316.mp4 1;3;4;8;12;95;122
4Dk7eYoj5GI_07317.mp4 4;8;96;122
4Dk7eYoj5GI_07318.mp4 8;98;122
4Dk7eYoj5GI_07319.mp4 4;6;8;12;96;122
4Dk7eYoj5GI_07320.mp4 1;4;8;96;122
4Dk7eYoj5GI_07321.mp4 4;8;96;122
4Dk7eYoj5GI_07322.mp4 3;4;6;8;12;98;122
4Dk7eYoj5GI_07323.mp4 4;6;8;12;96;122
4Dk7eYoj5GI_07324.mp4 4;8;96;122
4Dk7eYoj5GI_07325.mp4 8;95;122
4Dk7eYoj5GI_07326.mp4 3;4;8;12;98;122
4Dk7eYoj5GI_07327.mp4 3;12;98;122
4Dk7eYoj5GI_07328.mp4 4;6;8;95;122
4Dk7eYoj5GI_07329.mp4 1;3;4;8;12;98;122
4Dk7eYoj5GI_07330.mp4 4;8;95;122
4Dk7eYoj5GI_07331.mp4 3;98;122
4Dk7eYoj5GI_07332.mp4 4;8;95;122
4Dk7eYoj5GI_07333.mp4 1;3;4;8;12;98;122
4Dk7eYoj5GI_07334.mp4 1;3;4;8;12;98;122
4Dk7eYoj5GI_07335.mp4 3;4;6;8;12;95;122
4Dk7eYoj5GI_07336.mp4 8;12;98;122
4HRUU51-bno_05940.mp4 0;3;4;6;8;12;25;106
4HRUU51-bno_05941.mp4 1;3;8;12;24;106
4HRUU51-bno_05942.mp4 6;8;12;25;106
4HRUU51-bno_05943.mp4 4;6;8;12;25;106
4HRUU51-bno_05944.mp4 4;8;25;106
4HRUU51-bno_05945.mp4 4;6;8;12;25;106
4HRUU51-bno_05946.mp4 4;6;8;12;25;106
4HRUU51-bno_05947.mp4 4;6;8;12;25;106
4HRUU51-bno_05949.mp4 0;1;3;4;8;12;23;106
4HRUU51-bno_05950.mp4 4;8;12;25;106
4HRUU51-bno_05951.mp4 4;8;22;106
4HwcnI5SrpE_12841.mp4 3;94;121
4HwcnI5SrpE_12837.mp4 12;91;121
4HwcnI5SrpE_12838.mp4 1;3;4;12;94;121
4HwcnI5SrpE_12839.mp4 91;121
4HwcnI5SrpE_12840.mp4 1;3;12;92;121
4Okk7MkfLUs_00044.mp4 31;108
4Okk7MkfLUs_00045.mp4 1;31;108
4P5Z2aU9SQw_12884.mp4 1;4;12;100;123
4P5Z2aU9SQw_12885.mp4 1;3;4;12;100;123
4P5Z2aU9SQw_12886.mp4 4;9;12;100;123
4P5Z2aU9SQw_12887.mp4 12;99;123
4P5Z2aU9SQw_12888.mp4 1;3;4;100;123
4P5Z2aU9SQw_12889.mp4 3;4;100;123
4P5Z2aU9SQw_12890.mp4 1;4;8;100;123
4P5Z2aU9SQw_12891.mp4 4;8;12;103;123
4P5Z2aU9SQw_12892.mp4 4;12;100;123
4P5Z2aU9SQw_12893.mp4 3;8;12;103;123
4P5Z2aU9SQw_12894.mp4 1;3;4;12;100;123
4P5Z2aU9SQw_12896.mp4 1;3;4;12;100;123
4P5Z2aU9SQw_12897.mp4 8;12;99;123
4P5Z2aU9SQw_12898.mp4 1;3;4;12;100;123
4P5Z2aU9SQw_12899.mp4 4;12;103;123
4P5Z2aU9SQw_12900.mp4 1;3;4;12;102;123
4P5Z2aU9SQw_12901.mp4 1;4;12;103;123
4P5Z2aU9SQw_12902.mp4 3;12;103;123
4P5Z2aU9SQw_12903.mp4 3;103;123
4P5Z2aU9SQw_12904.mp4 1;12;103;123
4P5Z2aU9SQw_12905.mp4 3;4;8;12;103;123
4P5Z2aU9SQw_12906.mp4 12;103;123
4P5Z2aU9SQw_12907.mp4 4;8;12;101;123
4WL4gmANQCI_10380.mp4 1;3;4;12;54;113
4WL4gmANQCI_10381.mp4 3;12;54;113
4XsII-V5muw_13880.mp4 1;3;4;12;86;119
4XsII-V5muw_13881.mp4 1;3;4;83;119
4XsII-V5muw_13882.mp4 1;3;4;83;119
4XsII-V5muw_13883.mp4 1;3;4;86;119
4XsII-V5muw_13884.mp4 1;3;4;86;119
4XsII-V5muw_13885.mp4 1;3;83;119
4XsII-V5muw_13886.mp4 1;3;85;119
4XsII-V5muw_13887.mp4 1;3;4;83;119
4XsII-V5muw_13888.mp4 1;3;4;86;119
4XsII-V5muw_13889.mp4 1;4;83;119
4XsII-V5muw_13890.mp4 1;3;86;119
4XsII-V5muw_13891.mp4 1;3;83;119
4XsII-V5muw_13892.mp4 1;3;4;83;119
4XsII-V5muw_13893.mp4 1;3;86;119
4XsII-V5muw_13894.mp4 1;3;83;119
4fdkP4uqA9s_02852.mp4 3;12;17;105
4fdkP4uqA9s_02853.mp4 1;3;12;17;105
4fdkP4uqA9s_02854.mp4 3;12;17;105
4lc4AYcSdIk_01670.mp4 1;3;62;115
4lc4AYcSdIk_01671.mp4 64;115
4lc4AYcSdIk_01672.mp4 3;12;62;115
4lc4AYcSdIk_01673.mp4 3;62;115
4lc4AYcSdIk_01674.mp4 1;3;62;115
4lc4AYcSdIk_01675.mp4 1;3;12;66;115
4lc4AYcSdIk_01676.mp4 12;62;115
4lc4AYcSdIk_01677.mp4 3;62;115
4lc4AYcSdIk_01678.mp4 1;3;62;115
4lc4AYcSdIk_01679.mp4 1;3;12;61;115
4lc4AYcSdIk_01680.mp4 12;61;115
4lc4AYcSdIk_01681.mp4 1;3;63;115
4lc4AYcSdIk_01682.mp4 3;63;115
4lc4AYcSdIk_01683.mp4 3;63;115
4lc4AYcSdIk_01684.mp4 1;3;63;115
4lc4AYcSdIk_01685.mp4 63;115
4lc4AYcSdIk_01686.mp4 3;61;115
4lc4AYcSdIk_01687.mp4 1;3;4;12;63;115
4lc4AYcSdIk_01688.mp4 1;3;63;115
4lc4AYcSdIk_01689.mp4 1;3;66;115
4lc4AYcSdIk_01690.mp4 1;3;66;115
4lc4AYcSdIk_01691.mp4 3;66;115
4lc4AYcSdIk_01692.mp4 3;66;115
4lc4AYcSdIk_01693.mp4 1;66;115
4lc4AYcSdIk_01694.mp4 1;3;66;115
4lc4AYcSdIk_01695.mp4 1;3;66;115
4lc4AYcSdIk_01696.mp4 66;115
4lc4AYcSdIk_01697.mp4 12;66;115
4lc4AYcSdIk_01698.mp4 1;3;65;115
4lc4AYcSdIk_01699.mp4 12;65;115
4lc4AYcSdIk_01700.mp4 1;3;65;115
4lc4AYcSdIk_01701.mp4 66;115
4lc4AYcSdIk_01702.mp4 62;115
4lc4AYcSdIk_01703.mp4 62;115
4lc4AYcSdIk_01704.mp4 66;115
4lc4AYcSdIk_01705.mp4 66;115
4lc4AYcSdIk_01706.mp4 3;66;115
4lc4AYcSdIk_01707.mp4 1;3;4;65;115
4rp2aLQl7vg_07083.mp4 1;4;8;97;122
4rp2aLQl7vg_07084.mp4 3;4;8;12;98;122
4rp2aLQl7vg_07085.mp4 4;8;96;122
4rp2aLQl7vg_07086.mp4 4;8;12;96;122
4rp2aLQl7vg_07087.mp4 7;8;95;122
4rp2aLQl7vg_07088.mp4 1;3;4;8;96;122
4rp2aLQl7vg_07089.mp4 1;4;8;96;122
4rp2aLQl7vg_07090.mp4 4;8;96;122
4rp2aLQl7vg_07091.mp4 1;2;4;6;8;12;98;122
4rp2aLQl7vg_07092.mp4 3;8;12;95;122
4rp2aLQl7vg_07093.mp4 4;6;8;95;122
5-N_cMG-5Rs_13689.mp4 1;3;4;12;83;119
5-N_cMG-5Rs_13690.mp4 4;86;119
5-N_cMG-5Rs_13691.mp4 1;3;4;85;119
5-N_cMG-5Rs_13692.mp4 1;3;86;119
5-N_cMG-5Rs_13693.mp4 3;85;119
5-N_cMG-5Rs_13694.mp4 1;3;4;12;86;119
5-N_cMG-5Rs_13695.mp4 1;3;4;83;119
5-N_cMG-5Rs_13696.mp4 1;3;4;86;119
5-N_cMG-5Rs_13697.mp4 1;3;4;12;85;119
5-N_cMG-5Rs_13698.mp4 1;3;4;83;119
5-N_cMG-5Rs_13699.mp4 1;3;4;85;119
5-N_cMG-5Rs_13700.mp4 1;3;4;83;119
5-N_cMG-5Rs_13701.mp4 1;3;4;85;119
5-N_cMG-5Rs_13702.mp4 1;3;4;83;119
5-N_cMG-5Rs_13703.mp4 1;3;4;83;119
5-N_cMG-5Rs_13704.mp4 1;4;83;119
5-N_cMG-5Rs_13705.mp4 1;3;4;86;119
5-N_cMG-5Rs_13706.mp4 1;3;4;83;119
5-N_cMG-5Rs_13707.mp4 1;3;4;12;86;119
5-N_cMG-5Rs_13708.mp4 1;3;85;119
5-N_cMG-5Rs_13709.mp4 1;3;85;119
5-N_cMG-5Rs_13710.mp4 1;3;85;119
5-N_cMG-5Rs_13711.mp4 1;3;4;12;86;119
5-N_cMG-5Rs_13712.mp4 1;83;119
5-N_cMG-5Rs_13713.mp4 1;3;4;85;119
5-N_cMG-5Rs_13714.mp4 1;3;4;83;119
5-N_cMG-5Rs_13715.mp4 1;3;4;86;119
5-N_cMG-5Rs_13716.mp4 1;3;12;86;119
5-N_cMG-5Rs_13717.mp4 1;3;4;12;86;119
530Xv_EKnKs_09358.mp4 1;3;92;121
530Xv_EKnKs_09359.mp4 3;91;121
530Xv_EKnKs_09360.mp4 1;3;92;121
530Xv_EKnKs_09361.mp4 1;3;12;92;121
530Xv_EKnKs_09362.mp4 3;91;121
530Xv_EKnKs_09363.mp4 1;3;12;92;121
56FtTNo_9wg_13292.mp4 1;3;4;12;83;119
56FtTNo_9wg_13293.mp4 1;3;86;119
56FtTNo_9wg_13294.mp4 1;4;12;83;119
56FtTNo_9wg_13295.mp4 1;85;119
56FtTNo_9wg_13296.mp4 1;3;4;86;119
56FtTNo_9wg_13297.mp4 1;3;4;85;119
56FtTNo_9wg_13298.mp4 1;3;12;83;119
56FtTNo_9wg_13299.mp4 1;3;4;5;83;119
56FtTNo_9wg_13300.mp4 1;3;12;83;119
56FtTNo_9wg_13301.mp4 1;3;4;85;119
56FtTNo_9wg_13302.mp4 1;3;5;12;83;119
578BobcULT4_11457.mp4 1;3;12;100;123
578BobcULT4_11458.mp4 1;3;4;100;123
578BobcULT4_11459.mp4 1;4;8;12;102;123
578BobcULT4_11460.mp4 1;4;8;102;123
578BobcULT4_11461.mp4 4;12;100;123
578BobcULT4_11462.mp4 1;4;8;102;123
578BobcULT4_11463.mp4 1;3;4;12;100;123
578BobcULT4_11464.mp4 1;3;4;8;12;102;123
578BobcULT4_11465.mp4 3;4;100;123
578BobcULT4_11466.mp4 1;4;12;102;123
578BobcULT4_11467.mp4 3;4;12;100;123
578BobcULT4_11468.mp4 1;4;8;12;102;123
578BobcULT4_11469.mp4 1;4;12;102;123
5AqofcC8zXo_13140.mp4 1;83;119
5AqofcC8zXo_13141.mp4 1;83;119
5AqofcC8zXo_13142.mp4 1;4;83;119
5AqofcC8zXo_13143.mp4 1;3;4;86;119
5AqofcC8zXo_13144.mp4 1;3;4;85;119
5AqofcC8zXo_13145.mp4 1;3;86;119
5AqofcC8zXo_13146.mp4 1;3;85;119
5AqofcC8zXo_13147.mp4 1;3;4;12;86;119
5AqofcC8zXo_13148.mp4 1;3;4;83;119
5AqofcC8zXo_13149.mp4 1;3;4;85;119
5AqofcC8zXo_13150.mp4 1;3;4;83;119
5AqofcC8zXo_13151.mp4 1;3;4;85;119
5AqofcC8zXo_13152.mp4 1;4;83;119
5AqofcC8zXo_13153.mp4 1;4;83;119
5AqofcC8zXo_13154.mp4 1;4;83;119
5AqofcC8zXo_13155.mp4 1;3;4;86;119
5AqofcC8zXo_13156.mp4 1;3;4;83;119
5AqofcC8zXo_13157.mp4 1;3;12;85;119
5AqofcC8zXo_13158.mp4 1;3;4;85;119
5AqofcC8zXo_13159.mp4 1;3;83;119
5AqofcC8zXo_13160.mp4 1;3;4;12;86;119
5AqofcC8zXo_13161.mp4 1;3;86;119
5AqofcC8zXo_13162.mp4 1;3;4;12;86;119
5AqofcC8zXo_13163.mp4 3;4;86;119
5Gei3k15lIA_04720.mp4 3;4;8;12;59;114
5Gei3k15lIA_04721.mp4 3;4;8;12;59;114
5Gei3k15lIA_04722.mp4 1;4;8;12;59;114
5Gei3k15lIA_04723.mp4 4;6;8;11;58;114
5Gei3k15lIA_04724.mp4 3;4;8;12;59;114
5Gei3k15lIA_04725.mp4 3;4;8;12;59;114
5Gei3k15lIA_04726.mp4 4;6;8;59;114
5Gei3k15lIA_04727.mp4 1;4;6;8;59;114
5Gei3k15lIA_04728.mp4 4;8;59;114
5Gei3k15lIA_04729.mp4 4;8;58;114
5Gei3k15lIA_04730.mp4 6;8;12;58;114
5Gei3k15lIA_04731.mp4 4;6;8;59;114
5Gei3k15lIA_04732.mp4 8;12;58;114
5Gei3k15lIA_04733.mp4 3;8;12;58;114
5Gei3k15lIA_04734.mp4 4;8;12;58;114
5Gei3k15lIA_04735.mp4 8;12;58;114
5Gei3k15lIA_04736.mp4 3;8;58;114
5Gei3k15lIA_04737.mp4 1;3;4;8;12;58;114
5JfKnAVdsHo_13051.mp4 1;4;8;102;123
5JfKnAVdsHo_13052.mp4 1;3;5;12;101;123
5JfKnAVdsHo_13053.mp4 1;3;4;12;100;123
5JfKnAVdsHo_13054.mp4 4;6;8;102;123
5JfKnAVdsHo_13055.mp4 4;8;102;123
5JfKnAVdsHo_13056.mp4 4;8;12;103;123
5JfKnAVdsHo_13057.mp4 4;8;12;102;123
5JfKnAVdsHo_13058.mp4 4;8;12;103;123
5JfKnAVdsHo_13059.mp4 1;3;4;8;100;123
5JfKnAVdsHo_13060.mp4 1;4;8;102;123
5JfKnAVdsHo_13061.mp4 1;3;4;12;103;123
5JfKnAVdsHo_13062.mp4 1;3;4;8;100;123
5JfKnAVdsHo_13063.mp4 1;4;6;8;102;123
5JfKnAVdsHo_13064.mp4 5;12;101;123
5JfKnAVdsHo_13065.mp4 1;3;4;100;123
5JfKnAVdsHo_13067.mp4 1;3;4;8;100;123
5JfKnAVdsHo_13068.mp4 1;4;12;102;123
5JfKnAVdsHo_13069.mp4 1;3;4;100;123
5JfKnAVdsHo_13070.mp4 1;3;4;12;103;123
5JfKnAVdsHo_13071.mp4 1;4;12;102;123
5JfKnAVdsHo_13072.mp4 1;3;4;8;100;123
5JfKnAVdsHo_13073.mp4 4;8;12;103;123
5JfKnAVdsHo_13074.mp4 1;4;12;101;123
5JfKnAVdsHo_13075.mp4 1;4;8;12;102;123
5JfKnAVdsHo_13076.mp4 1;3;4;100;123
5JfKnAVdsHo_13077.mp4 1;4;8;12;99;123
5JfKnAVdsHo_13079.mp4 12;101;123
5JfKnAVdsHo_13080.mp4 1;3;4;12;103;123
5JfKnAVdsHo_13081.mp4 1;4;100;123
5JfKnAVdsHo_13082.mp4 1;4;8;12;103;123
5JfKnAVdsHo_13083.mp4 1;4;5;101;123
5JfKnAVdsHo_13084.mp4 4;8;100;123
5JfKnAVdsHo_13085.mp4 4;8;99;123
5JfKnAVdsHo_13086.mp4 12;101;123
5JfKnAVdsHo_13087.mp4 3;4;8;12;99;123
5JfKnAVdsHo_13088.mp4 0;4;101;123
5JfKnAVdsHo_13089.mp4 1;3;12;101;123
5JfKnAVdsHo_13090.mp4 0;4;8;12;99;123
5JfKnAVdsHo_13091.mp4 12;101;123
5JfKnAVdsHo_13092.mp4 1;3;4;8;99;123
5JfKnAVdsHo_13093.mp4 1;12;101;123
5JfKnAVdsHo_13094.mp4 1;4;8;12;103;123
5WSxT_4ny78_09950.mp4 3;54;113
5WSxT_4ny78_09951.mp4 1;3;56;113
5WSxT_4ny78_09952.mp4 3;56;113
5WSxT_4ny78_09953.mp4 54;113
5YzxbjqhiFU_00117.mp4 1;3;4;12;94;121
5YzxbjqhiFU_00118.mp4 1;3;4;12;94;121
5ZlLE0jcbXo_11841.mp4 1;4;69;116
5ZlLE0jcbXo_11842.mp4 1;69;116
5__1PwHRpAM_05233.mp4 3;4;8;96;122
5__1PwHRpAM_05234.mp4 3;98;122
5__1PwHRpAM_05235.mp4 8;96;122
5__1PwHRpAM_05236.mp4 4;8;96;122
5__1PwHRpAM_05237.mp4 4;8;96;122
5__1PwHRpAM_05238.mp4 4;8;12;96;122
5__1PwHRpAM_05239.mp4 1;4;8;96;122
5__1PwHRpAM_05240.mp4 1;3;4;8;12;96;122
5__1PwHRpAM_05241.mp4 8;96;122
5__1PwHRpAM_05242.mp4 8;96;122
5_v7QrIW0zY_12096.mp4 1;4;73;116
5_v7QrIW0zY_12098.mp4 1;2;3;4;5;11;72;116
5axQQpTzxAE_04120.mp4 74;117
5axQQpTzxAE_04121.mp4 74;117
5axQQpTzxAE_04122.mp4 1;3;74;117
5axQQpTzxAE_04123.mp4 74;117
5axQQpTzxAE_04124.mp4 74;117
5axQQpTzxAE_04125.mp4 3;74;117
5axQQpTzxAE_04126.mp4 3;74;117
5axQQpTzxAE_04127.mp4 74;117
5axQQpTzxAE_04128.mp4 74;117
5axQQpTzxAE_04129.mp4 74;117
5bjr7DgN_nk_02899.mp4 1;3;18;105
5bjr7DgN_nk_02900.mp4 3;4;21;105
5bjr7DgN_nk_02901.mp4 1;18;105
5bjr7DgN_nk_02902.mp4 3;21;105
5bjr7DgN_nk_02903.mp4 3;17;105
5bjr7DgN_nk_02904.mp4 17;105
5bjr7DgN_nk_02905.mp4 18;105
5bjr7DgN_nk_02906.mp4 3;21;105
5eihABE3eu0_01470.mp4 1;3;68;115
5eihABE3eu0_01471.mp4 3;60;115
5eihABE3eu0_01472.mp4 3;4;68;115
5eihABE3eu0_01473.mp4 3;60;115
5eihABE3eu0_01474.mp4 1;3;4;68;115
5eihABE3eu0_01475.mp4 1;3;60;115
5eihABE3eu0_01476.mp4 1;3;4;68;115
5eihABE3eu0_01477.mp4 3;4;60;115
5eihABE3eu0_01478.mp4 3;4;61;115
5eihABE3eu0_01479.mp4 1;3;4;68;115
5eihABE3eu0_01480.mp4 1;3;4;61;115
5eihABE3eu0_01481.mp4 3;68;115
5eihABE3eu0_01482.mp4 60;115
5eihABE3eu0_01483.mp4 3;60;115
5eihABE3eu0_01484.mp4 3;68;115
5eihABE3eu0_01485.mp4 3;60;115
5eihABE3eu0_01486.mp4 3;68;115
5eihABE3eu0_01487.mp4 1;3;4;60;115
5eihABE3eu0_01488.mp4 3;68;115
5eihABE3eu0_01489.mp4 1;3;61;115
5ji4HUTp9eA_04152.mp4 75;117
5ji4HUTp9eA_04153.mp4 78;117
5ji4HUTp9eA_04154.mp4 1;74;117
5ji4HUTp9eA_04155.mp4 76;117
5oHbGHeI5Gk_00076.mp4 1;12;32;108
5oHbGHeI5Gk_00077.mp4 3;12;32;108
5pVofFYuKks_00112.mp4 1;3;94;121
5pVofFYuKks_00113.mp4 1;3;4;94;121
5pVofFYuKks_00114.mp4 0;1;3;4;94;121
5pVofFYuKks_00115.mp4 0;1;3;4;94;121
5pVofFYuKks_00116.mp4 0;1;3;4;94;121
5toVaiavq8s_05566.mp4 4;8;12;96;122
5toVaiavq8s_05567.mp4 3;8;12;96;122
5toVaiavq8s_05568.mp4 8;96;122
5toVaiavq8s_05569.mp4 8;96;122
5toVaiavq8s_05570.mp4 3;8;96;122
5toVaiavq8s_05571.mp4 4;8;96;122
5toVaiavq8s_05572.mp4 8;96;122
5toVaiavq8s_05573.mp4 4;8;12;96;122
5toVaiavq8s_05574.mp4 4;8;96;122
5toVaiavq8s_05575.mp4 1;3;4;8;12;96;122
5toVaiavq8s_05576.mp4 4;8;98;122
5x3YYy4OHOg_03675.mp4 1;3;12;92;121
5x3YYy4OHOg_03676.mp4 1;3;4;12;92;121
5x3YYy4OHOg_03677.mp4 1;3;94;121
5x3YYy4OHOg_03678.mp4 1;3;4;94;121
5x3YYy4OHOg_03679.mp4 3;4;94;121
5x3YYy4OHOg_03680.mp4 3;94;121
5x3YYy4OHOg_03681.mp4 1;3;4;94;121
5x3YYy4OHOg_03682.mp4 1;3;4;94;121
5x3YYy4OHOg_03683.mp4 1;3;4;94;121
5x3YYy4OHOg_03684.mp4 1;3;4;94;121
5x3YYy4OHOg_03685.mp4 1;3;4;94;121
5x3YYy4OHOg_03686.mp4 3;94;121
5zROEX1Qsm4_06274.mp4 1;3;4;8;12;55;113
5zROEX1Qsm4_06275.mp4 54;113
5zROEX1Qsm4_06276.mp4 1;3;4;12;57;113
5zROEX1Qsm4_06277.mp4 1;3;4;12;57;113
5zROEX1Qsm4_06278.mp4 1;3;4;12;56;113
5zROEX1Qsm4_06280.mp4 3;4;8;12;54;113
5zROEX1Qsm4_06281.mp4 0;3;4;54;113
5zROEX1Qsm4_06282.mp4 1;3;4;8;12;56;113
5zROEX1Qsm4_06283.mp4 1;3;4;12;54;113
5zROEX1Qsm4_06284.mp4 54;113
5zROEX1Qsm4_06285.mp4 1;3;12;57;113
5zROEX1Qsm4_06286.mp4 12;54;113
5zROEX1Qsm4_06287.mp4 1;8;55;113
5zROEX1Qsm4_06288.mp4 3;12;57;113
5zROEX1Qsm4_06289.mp4 0;1;3;4;54;113
5zROEX1Qsm4_06290.mp4 1;3;4;12;54;113
5zROEX1Qsm4_06291.mp4 0;1;3;4;12;56;113
5zROEX1Qsm4_06292.mp4 0;1;3;4;12;55;113
5zROEX1Qsm4_06293.mp4 1;4;8;12;55;113
5zROEX1Qsm4_06294.mp4 1;3;4;8;12;54;113
5zROEX1Qsm4_06295.mp4 0;1;3;4;12;56;113
5zROEX1Qsm4_06296.mp4 0;1;3;4;12;54;113
60fMdvjTHig_03810.mp4 4;6;8;22;106
60fMdvjTHig_03811.mp4 1;4;8;22;106
60fMdvjTHig_03812.mp4 3;4;5;8;12;24;106
60fMdvjTHig_03813.mp4 4;8;22;106
60fMdvjTHig_03814.mp4 3;4;8;24;106
60fMdvjTHig_03815.mp4 4;6;8;22;106
60fMdvjTHig_03816.mp4 3;6;22;106
60fMdvjTHig_03817.mp4 3;4;8;12;25;106
60fMdvjTHig_03818.mp4 3;4;8;12;24;106
60fMdvjTHig_03819.mp4 4;6;8;12;25;106
60fMdvjTHig_03820.mp4 1;2;4;6;8;25;106
60fMdvjTHig_03821.mp4 1;4;8;12;24;106
60fMdvjTHig_03822.mp4 3;4;6;8;12;25;106
60fMdvjTHig_03823.mp4 1;3;4;6;8;12;25;106
60fMdvjTHig_03824.mp4 1;3;4;6;8;12;25;106
60fMdvjTHig_03825.mp4 1;4;8;12;24;106
60fMdvjTHig_03826.mp4 4;8;22;106
60fMdvjTHig_03827.mp4 3;4;6;8;12;25;106
60fMdvjTHig_03828.mp4 4;8;22;106
60fMdvjTHig_03829.mp4 4;6;8;12;25;106
60fMdvjTHig_03830.mp4 3;4;6;8;12;25;106
60fMdvjTHig_03831.mp4 4;8;12;24;106
60fMdvjTHig_03832.mp4 3;4;6;22;106
60fMdvjTHig_03833.mp4 1;3;4;8;12;25;106
60fMdvjTHig_03834.mp4 3;8;12;24;106
60fMdvjTHig_03835.mp4 3;4;8;12;23;106
60fMdvjTHig_03836.mp4 3;4;6;8;12;22;106
60fMdvjTHig_03837.mp4 4;6;8;12;22;106
60fMdvjTHig_03838.mp4 3;4;6;8;12;24;106
60fMdvjTHig_03839.mp4 3;4;6;8;12;23;106
60fMdvjTHig_03840.mp4 1;3;12;24;106
60fMdvjTHig_03841.mp4 3;8;12;24;106
63vsM1-XDNs_07645.mp4 1;3;4;12;40;110
63vsM1-XDNs_07646.mp4 3;44;110
63vsM1-XDNs_07647.mp4 1;3;44;110
63vsM1-XDNs_07648.mp4 1;3;12;40;110
63vsM1-XDNs_07649.mp4 3;4;40;110
63vsM1-XDNs_07650.mp4 1;3;4;12;43;110
63vsM1-XDNs_07652.mp4 1;3;44;110
63vsM1-XDNs_07653.mp4 1;3;4;40;110
63vsM1-XDNs_07654.mp4 1;3;12;40;110
63vsM1-XDNs_07655.mp4 1;3;12;40;110
63vsM1-XDNs_07656.mp4 1;3;4;12;40;110
63vsM1-XDNs_07657.mp4 1;3;40;110
63vsM1-XDNs_07658.mp4 4;40;110
64Vu-Vn8Hyk_00360.mp4 8;95;122
64Vu-Vn8Hyk_00361.mp4 1;3;4;8;95;122
64Vu-Vn8Hyk_00362.mp4 3;4;8;12;95;122
64Vu-Vn8Hyk_00363.mp4 4;8;96;122
64Vu-Vn8Hyk_00364.mp4 8;95;122
64Vu-Vn8Hyk_00365.mp4 3;4;8;12;95;122
64Vu-Vn8Hyk_00366.mp4 3;4;8;95;122
64Vu-Vn8Hyk_00367.mp4 3;4;8;95;122
64Vu-Vn8Hyk_00368.mp4 4;8;95;122
64Vu-Vn8Hyk_00369.mp4 1;3;4;6;8;12;96;122
64Vu-Vn8Hyk_00370.mp4 1;4;8;96;122
6BSeFs40QOI_07215.mp4 4;8;96;122
6BSeFs40QOI_07216.mp4 1;4;6;8;96;122
6BSeFs40QOI_07217.mp4 1;2;3;4;8;12;96;122
6BSeFs40QOI_07218.mp4 3;4;6;8;95;122
6BSeFs40QOI_07219.mp4 0;1;4;8;12;96;122
6BSeFs40QOI_07220.mp4 4;6;8;12;96;122
6KNeOxhAegw_15631.mp4 1;3;4;37;109
6KNeOxhAegw_15632.mp4 0;1;3;4;9;37;109
6KNeOxhAegw_15633.mp4 4;35;109
6KNeOxhAegw_15634.mp4 1;4;12;35;109
6KNeOxhAegw_15635.mp4 1;4;35;109
6KNeOxhAegw_15636.mp4 0;1;2;4;35;109
6KNeOxhAegw_15637.mp4 8;36;109
6KNeOxhAegw_15638.mp4 0;1;2;3;4;35;109
6OtPSfyZXNw_02708.mp4 1;3;4;17;105
6OtPSfyZXNw_02709.mp4 1;3;4;17;105
6OtPSfyZXNw_02710.mp4 1;3;4;17;105
6TgZ9mFJ6DE_04589.mp4 1;3;4;8;59;114
6TgZ9mFJ6DE_04590.mp4 1;4;8;12;59;114
6UyqyVSy5yU_11807.mp4 2;3;5;10;69;116
6UyqyVSy5yU_11808.mp4 3;71;116
6UyqyVSy5yU_11809.mp4 1;3;71;116
6UyqyVSy5yU_11810.mp4 1;3;71;116
6WeK2hkK_OA_05109.mp4 1;3;16;104
6WeK2hkK_OA_05110.mp4 3;4;5;13;104
6WeK2hkK_OA_05111.mp4 12;15;104
6WeK2hkK_OA_05112.mp4 1;3;12;14;104
6WeK2hkK_OA_05113.mp4 3;14;104
6WeK2hkK_OA_05114.mp4 3;14;104
6WeK2hkK_OA_05115.mp4 3;14;104
6WeK2hkK_OA_05116.mp4 3;14;104
6WeK2hkK_OA_05117.mp4 1;3;14;104
6WeK2hkK_OA_05118.mp4 3;14;104
6WeK2hkK_OA_05119.mp4 3;14;104
6WeK2hkK_OA_05120.mp4 3;14;104
6aMDistAeSE_06764.mp4 4;8;96;122
6aMDistAeSE_06765.mp4 1;3;4;8;12;96;122
6aMDistAeSE_06766.mp4 3;4;8;12;98;122
6aMDistAeSE_06767.mp4 3;8;12;98;122
6aMDistAeSE_06768.mp4 3;4;8;12;98;122
6aMDistAeSE_06769.mp4 1;3;4;8;12;98;122
6cP8ZTPgD-s_09755.mp4 3;4;6;8;12;25;106
6cP8ZTPgD-s_09756.mp4 1;4;8;25;106
6cP8ZTPgD-s_09757.mp4 1;3;4;6;8;12;25;106
6cP8ZTPgD-s_09758.mp4 3;4;8;12;22;106
6cP8ZTPgD-s_09759.mp4 4;8;12;25;106
6cP8ZTPgD-s_09760.mp4 3;4;6;8;12;25;106
6cP8ZTPgD-s_09761.mp4 4;8;12;25;106
6cP8ZTPgD-s_09762.mp4 1;3;4;8;25;106
6cP8ZTPgD-s_09763.mp4 3;4;6;8;12;25;106
6cP8ZTPgD-s_09764.mp4 3;4;6;8;12;25;106
6cP8ZTPgD-s_09765.mp4 1;3;4;8;12;25;106
6cP8ZTPgD-s_09766.mp4 1;3;4;24;106
6cP8ZTPgD-s_09767.mp4 12;24;106
6cP8ZTPgD-s_09768.mp4 1;3;4;12;23;106
6cP8ZTPgD-s_09769.mp4 3;4;6;8;12;24;106
6jDFjB9_tcs_07832.mp4 3;40;110
6jDFjB9_tcs_07833.mp4 1;3;12;40;110
6jDFjB9_tcs_07834.mp4 1;3;12;40;110
6jDFjB9_tcs_07835.mp4 3;12;40;110
6jDFjB9_tcs_07836.mp4 1;3;40;110
6jDFjB9_tcs_07837.mp4 1;3;4;40;110
6jDFjB9_tcs_07838.mp4 1;3;4;40;110
6jDFjB9_tcs_07839.mp4 1;3;12;40;110
6jDFjB9_tcs_07840.mp4 3;12;40;110
6njiBX0LklM_13348.mp4 1;4;83;119
6njiBX0LklM_13349.mp4 1;4;86;119
6njiBX0LklM_13350.mp4 1;4;86;119
6njiBX0LklM_13351.mp4 1;86;119
6njiBX0LklM_13352.mp4 1;4;83;119
6njiBX0LklM_13353.mp4 1;4;83;119
6njiBX0LklM_13354.mp4 1;3;4;85;119
6njiBX0LklM_13355.mp4 1;3;4;83;119
6njiBX0LklM_13356.mp4 1;3;4;85;119
6njiBX0LklM_13357.mp4 1;3;4;83;119
6njiBX0LklM_13358.mp4 1;3;86;119
6njiBX0LklM_13360.mp4 1;3;4;83;119
6qY0HL0ql6k_11836.mp4 1;2;3;69;116
6qY0HL0ql6k_11837.mp4 1;2;3;7;69;116
6qY0HL0ql6k_11838.mp4 1;2;3;7;69;116
6uPHLRGao5E_11347.mp4 1;3;4;80;118
6uPHLRGao5E_11348.mp4 1;3;12;82;118
6uPHLRGao5E_11349.mp4 1;3;12;82;118
6v2PQ1X3PmQ_07844.mp4 1;3;4;43;110
6v2PQ1X3PmQ_07845.mp4 1;3;40;110
6v2PQ1X3PmQ_07846.mp4 1;3;43;110
6v2PQ1X3PmQ_07847.mp4 1;4;39;110
6v2PQ1X3PmQ_07848.mp4 4;40;110
6v2PQ1X3PmQ_07849.mp4 1;3;4;40;110
6v2PQ1X3PmQ_07850.mp4 1;3;4;39;110
6v2PQ1X3PmQ_07851.mp4 1;3;4;12;39;110
6wx-Qh4Vczc_04849.mp4 1;3;4;5;12;13;104
6wx-Qh4Vczc_04850.mp4 1;3;4;12;15;104
77Q1UXwSt9Q_13278.mp4 1;3;4;12;86;119
77Q1UXwSt9Q_13279.mp4 1;3;4;12;86;119
77Q1UXwSt9Q_13280.mp4 4;12;86;119
77Q1UXwSt9Q_13281.mp4 1;83;119
77Q1UXwSt9Q_13282.mp4 85;119
77Q1UXwSt9Q_13283.mp4 86;119
77Q1UXwSt9Q_13284.mp4 1;85;119
77Q1UXwSt9Q_13285.mp4 1;86;119
77Q1UXwSt9Q_13286.mp4 4;85;119
77Q1UXwSt9Q_13287.mp4 86;119
77Q1UXwSt9Q_13288.mp4 85;119
77Q1UXwSt9Q_13289.mp4 1;83;119
77Q1UXwSt9Q_13290.mp4 1;85;119
77Q1UXwSt9Q_13291.mp4 86;119
7Bu1Qn3LE5w_09829.mp4 1;3;75;117
7Bu1Qn3LE5w_09830.mp4 3;75;117
7Bu1Qn3LE5w_09831.mp4 78;117
7Bu1Qn3LE5w_09832.mp4 74;117
7Bu1Qn3LE5w_09833.mp4 76;117
7Eh3WY-9lrY_14832.mp4 1;4;8;100;123
7Eh3WY-9lrY_14833.mp4 1;4;8;100;123
7Eh3WY-9lrY_14834.mp4 1;4;8;102;123
7Eh3WY-9lrY_14835.mp4 1;4;8;103;123
7Eh3WY-9lrY_14836.mp4 4;12;100;123
7Eh3WY-9lrY_14837.mp4 4;8;100;123
7Eh3WY-9lrY_14838.mp4 1;4;8;102;123
7Eh3WY-9lrY_14839.mp4 3;4;12;103;123
7Eh3WY-9lrY_14840.mp4 4;8;100;123
7Eh3WY-9lrY_14841.mp4 1;4;8;100;123
7Eh3WY-9lrY_14842.mp4 8;12;99;123
7Eh3WY-9lrY_14843.mp4 4;8;100;123
7Eh3WY-9lrY_14844.mp4 1;4;8;103;123
7Eh3WY-9lrY_14845.mp4 3;4;8;100;123
7Eh3WY-9lrY_14846.mp4 4;8;102;123
7Eh3WY-9lrY_14847.mp4 3;4;8;103;123
7Eh3WY-9lrY_14848.mp4 1;4;8;12;100;123
7Eh3WY-9lrY_14849.mp4 1;4;12;103;123
7Eh3WY-9lrY_14850.mp4 1;4;8;100;123
7Eh3WY-9lrY_14851.mp4 1;4;8;102;123
7Eh3WY-9lrY_14852.mp4 1;3;4;12;103;123
7Eh3WY-9lrY_14853.mp4 1;4;8;103;123
7Eh3WY-9lrY_14854.mp4 1;4;8;103;123
7Eh3WY-9lrY_14855.mp4 1;3;4;12;103;123
7Eh3WY-9lrY_14856.mp4 4;8;102;123
7Eh3WY-9lrY_14857.mp4 4;8;12;99;123
7Eh3WY-9lrY_14858.mp4 1;4;8;103;123
7Eh3WY-9lrY_14859.mp4 3;4;8;102;123
7Eh3WY-9lrY_14860.mp4 1;4;6;8;102;123
7Eh3WY-9lrY_14861.mp4 4;8;102;123
7Eh3WY-9lrY_14862.mp4 1;4;8;102;123
7Eh3WY-9lrY_14863.mp4 1;4;8;101;123
7Eh3WY-9lrY_14864.mp4 1;4;8;102;123
7Eh3WY-9lrY_14865.mp4 12;101;123
7FRD2p4236o_09291.mp4 3;4;67;115
7FRD2p4236o_09292.mp4 3;4;67;115
7FRD2p4236o_09293.mp4 67;115
7FRD2p4236o_09294.mp4 1;3;4;67;115
7FRD2p4236o_09295.mp4 1;67;115
7FRD2p4236o_09296.mp4 1;3;4;67;115
7FRD2p4236o_09297.mp4 1;3;4;67;115
7FRD2p4236o_09298.mp4 1;67;115
7FRD2p4236o_09299.mp4 1;4;67;115
7FRD2p4236o_09300.mp4 67;115
7FRD2p4236o_09301.mp4 1;3;65;115
7FRD2p4236o_09302.mp4 1;12;65;115
7FRD2p4236o_09303.mp4 1;4;66;115
7FRD2p4236o_09304.mp4 66;115
7Hdr4TSdtjk_13585.mp4 1;3;4;83;119
7Hdr4TSdtjk_13586.mp4 1;4;83;119
7Hdr4TSdtjk_13587.mp4 1;83;119
7Hdr4TSdtjk_13588.mp4 1;4;83;119
7Hdr4TSdtjk_13589.mp4 1;3;4;83;119
7Hdr4TSdtjk_13590.mp4 1;4;83;119
7Hdr4TSdtjk_13591.mp4 1;3;4;12;86;119
7Hdr4TSdtjk_13592.mp4 1;3;83;119
7Hdr4TSdtjk_13593.mp4 1;3;4;83;119
7Hdr4TSdtjk_13594.mp4 1;3;4;12;83;119
7Hdr4TSdtjk_13595.mp4 3;4;85;119
7Hdr4TSdtjk_13596.mp4 1;3;4;12;83;119
7Hdr4TSdtjk_13597.mp4 1;3;4;12;85;119
7Hdr4TSdtjk_13598.mp4 1;3;4;85;119
7Hdr4TSdtjk_13599.mp4 1;3;86;119
7Hdr4TSdtjk_13600.mp4 0;1;3;4;85;119
7Hdr4TSdtjk_13601.mp4 0;1;3;4;86;119
7Hdr4TSdtjk_13602.mp4 3;4;85;119
7Hdr4TSdtjk_13603.mp4 0;1;3;86;119
7YQ2chpwM5o_11619.mp4 29;107
7YQ2chpwM5o_11620.mp4 29;107
7YQ2chpwM5o_11621.mp4 29;107
7YQ2chpwM5o_11622.mp4 29;107
7YQ2chpwM5o_11623.mp4 1;29;107
7YQ2chpwM5o_11624.mp4 29;107
7YQ2chpwM5o_11625.mp4 1;29;107
7YQ2chpwM5o_11626.mp4 29;107
7YQ2chpwM5o_11627.mp4 29;107
7YQ2chpwM5o_11628.mp4 27;107
7YQ2chpwM5o_11629.mp4 27;107
7YQ2chpwM5o_11630.mp4 30;107
7YQ2chpwM5o_11631.mp4 30;107
7YQ2chpwM5o_11632.mp4 26;107
7YQ2chpwM5o_11633.mp4 30;107
7_-TjqeXUrg_14327.mp4 1;4;8;102;123
7_-TjqeXUrg_14328.mp4 3;4;12;102;123
7a9Cir7wPZ0_10527.mp4 3;12;54;113
7a9Cir7wPZ0_10528.mp4 3;12;56;113
7a9Cir7wPZ0_10529.mp4 3;12;56;113
7a9Cir7wPZ0_10530.mp4 3;4;54;113
7a9Cir7wPZ0_10531.mp4 1;3;4;12;54;113
7bRNEZVNVSs_04896.mp4 12;13;104
7bRNEZVNVSs_04897.mp4 1;3;12;13;104
7bRNEZVNVSs_04898.mp4 1;3;12;15;104
7m1ac6FzCJQ_01058.mp4 62;115
7m1ac6FzCJQ_01059.mp4 3;62;115
7m1ac6FzCJQ_01060.mp4 62;115
7m1ac6FzCJQ_01061.mp4 3;62;115
7m1ac6FzCJQ_01062.mp4 3;62;115
7m1ac6FzCJQ_01063.mp4 3;62;115
7m1ac6FzCJQ_01064.mp4 62;115
7m1ac6FzCJQ_01065.mp4 1;62;115
7m1ac6FzCJQ_01066.mp4 3;62;115
7m1ac6FzCJQ_01067.mp4 3;62;115
7m1ac6FzCJQ_01068.mp4 1;4;12;60;115
7m1ac6FzCJQ_01069.mp4 1;3;64;115
7vioY7UPbrs_02968.mp4 3;78;117
7vioY7UPbrs_02969.mp4 3;4;74;117
84RYunRQHfI_06201.mp4 4;6;8;12;25;106
84RYunRQHfI_06202.mp4 3;4;6;8;22;106
84RYunRQHfI_06203.mp4 3;4;6;8;12;25;106
84RYunRQHfI_06204.mp4 3;4;6;8;12;25;106
84RYunRQHfI_06205.mp4 4;6;8;12;25;106
84RYunRQHfI_06206.mp4 3;4;6;8;12;25;106
84RYunRQHfI_06207.mp4 3;4;8;12;25;106
84RYunRQHfI_06208.mp4 4;8;12;22;106
84RYunRQHfI_06209.mp4 4;6;8;25;106
84RYunRQHfI_06210.mp4 1;4;6;8;25;106
84RYunRQHfI_06211.mp4 3;4;6;8;12;25;106
84RYunRQHfI_06212.mp4 3;4;6;8;12;25;106
84RYunRQHfI_06213.mp4 3;8;12;24;106
84RYunRQHfI_06214.mp4 1;4;8;12;24;106
84RYunRQHfI_06215.mp4 3;8;12;24;106
84RYunRQHfI_06216.mp4 1;4;8;12;24;106
84RYunRQHfI_06217.mp4 1;3;8;12;24;106
84RYunRQHfI_06218.mp4 3;4;6;8;12;22;106
858kpMv7hDQ_14455.mp4 4;8;102;123
858kpMv7hDQ_14456.mp4 1;4;8;103;123
858kpMv7hDQ_14457.mp4 12;101;123
858kpMv7hDQ_14458.mp4 4;8;102;123
858kpMv7hDQ_14459.mp4 4;8;12;100;123
858kpMv7hDQ_14460.mp4 4;8;102;123
858kpMv7hDQ_14461.mp4 1;4;8;103;123
858kpMv7hDQ_14463.mp4 4;6;8;102;123
858kpMv7hDQ_14464.mp4 4;6;8;102;123
858kpMv7hDQ_14465.mp4 1;4;8;100;123
858kpMv7hDQ_14466.mp4 4;8;102;123
858kpMv7hDQ_14467.mp4 1;4;8;12;103;123
858kpMv7hDQ_14468.mp4 1;4;8;100;123
858kpMv7hDQ_14469.mp4 4;8;102;123
858kpMv7hDQ_14470.mp4 1;4;8;103;123
858kpMv7hDQ_14471.mp4 4;8;102;123
858kpMv7hDQ_14472.mp4 1;4;8;100;123
858kpMv7hDQ_14473.mp4 1;4;8;103;123
858kpMv7hDQ_14474.mp4 4;8;100;123
858kpMv7hDQ_14475.mp4 1;4;12;100;123
858kpMv7hDQ_14476.mp4 1;4;8;102;123
858kpMv7hDQ_14477.mp4 1;3;4;8;100;123
858kpMv7hDQ_14478.mp4 1;4;8;102;123
858kpMv7hDQ_14479.mp4 4;8;103;123
858kpMv7hDQ_14480.mp4 1;4;12;101;123
858kpMv7hDQ_14481.mp4 3;4;12;100;123
858kpMv7hDQ_14482.mp4 4;8;100;123
858kpMv7hDQ_14483.mp4 1;3;12;101;123
858kpMv7hDQ_14484.mp4 3;4;8;100;123
858kpMv7hDQ_14485.mp4 1;4;8;103;123
858kpMv7hDQ_14486.mp4 1;4;8;103;123
858kpMv7hDQ_14487.mp4 4;8;99;123
858kpMv7hDQ_14488.mp4 1;12;101;123
858kpMv7hDQ_14489.mp4 1;4;6;8;103;123
858kpMv7hDQ_14490.mp4 1;4;8;103;123
858kpMv7hDQ_14491.mp4 1;2;3;4;8;12;101;123
858kpMv7hDQ_14492.mp4 1;8;12;101;123
85RgSWytqa4_02763.mp4 1;19;105
85RgSWytqa4_02764.mp4 1;19;105
85RgSWytqa4_02765.mp4 19;105
85RgSWytqa4_02766.mp4 1;19;105
85RgSWytqa4_02767.mp4 19;105
85RgSWytqa4_02768.mp4 0;1;2;3;4;11;19;105
85RgSWytqa4_02769.mp4 1;2;3;4;19;105
85RgSWytqa4_02770.mp4 1;2;4;19;105
85RgSWytqa4_02771.mp4 1;3;19;105
85RgSWytqa4_02772.mp4 1;3;12;19;105
87OuA4nN42k_09615.mp4 1;4;6;8;12;25;106
87OuA4nN42k_09616.mp4 1;3;4;6;8;12;25;106
87OuA4nN42k_09617.mp4 3;4;6;8;12;25;106
87OuA4nN42k_09618.mp4 3;4;6;8;12;25;106
87OuA4nN42k_09619.mp4 1;3;4;6;8;25;106
87OuA4nN42k_09620.mp4 3;4;6;8;12;25;106
87OuA4nN42k_09621.mp4 3;4;6;8;12;22;106
87OuA4nN42k_09622.mp4 4;6;8;12;25;106
87OuA4nN42k_09623.mp4 3;4;6;8;12;22;106
87OuA4nN42k_09624.mp4 3;4;6;8;12;25;106
88Kp6FaCygY_11772.mp4 45;111
88Kp6FaCygY_11773.mp4 46;111
88Kp6FaCygY_11774.mp4 1;3;47;111
8DZUEUY0SzU_00288.mp4 1;19;105
8DZUEUY0SzU_00289.mp4 1;19;105
8DZUEUY0SzU_00290.mp4 19;105
8TKE_cA_7z4_15933.mp4 1;2;4;37;109
8TKE_cA_7z4_15934.mp4 0;3;4;35;109
8TKE_cA_7z4_15935.mp4 0;1;3;4;35;109
8TKE_cA_7z4_15936.mp4 2;4;12;35;109
8TKE_cA_7z4_15937.mp4 0;1;3;4;12;35;109
8UB4i4rNOaw_03480.mp4 3;4;8;12;25;106
8UB4i4rNOaw_03481.mp4 3;4;6;8;12;25;106
8UB4i4rNOaw_03482.mp4 3;4;6;8;12;25;106
8UB4i4rNOaw_03483.mp4 3;4;8;12;25;106
8UB4i4rNOaw_03484.mp4 1;4;6;8;25;106
8UB4i4rNOaw_03485.mp4 1;3;4;8;12;25;106
8UB4i4rNOaw_03486.mp4 3;4;8;12;22;106
8UB4i4rNOaw_03487.mp4 3;4;6;8;12;22;106
8UB4i4rNOaw_03488.mp4 3;4;8;12;25;106
8UB4i4rNOaw_03489.mp4 3;4;6;8;12;22;106
8UB4i4rNOaw_03490.mp4 4;8;22;106
8UB4i4rNOaw_03491.mp4 3;4;6;8;12;22;106
8UB4i4rNOaw_03492.mp4 3;4;8;12;25;106
8UB4i4rNOaw_03493.mp4 3;4;6;8;12;25;106
8UB4i4rNOaw_03494.mp4 3;4;6;8;12;25;106
8UB4i4rNOaw_03495.mp4 3;4;6;8;12;22;106
8UB4i4rNOaw_03496.mp4 4;8;12;22;106
8UB4i4rNOaw_03497.mp4 4;8;22;106
8UB4i4rNOaw_03498.mp4 1;4;8;12;24;106
8UB4i4rNOaw_03499.mp4 1;4;8;22;106
8UB4i4rNOaw_03500.mp4 3;4;8;12;22;106
8UIylJO_zNE_02803.mp4 1;3;4;17;105
8UIylJO_zNE_02804.mp4 3;12;17;105
8VkYPLh5x-8_14767.mp4 4;8;100;123
8VkYPLh5x-8_14768.mp4 1;4;8;100;123
8VkYPLh5x-8_14769.mp4 4;8;100;123
8VkYPLh5x-8_14770.mp4 1;4;12;99;123
8VkYPLh5x-8_14771.mp4 4;8;100;123
8VkYPLh5x-8_14772.mp4 3;4;8;100;123
8VkYPLh5x-8_14773.mp4 4;8;100;123
8VkYPLh5x-8_14774.mp4 4;8;103;123
8VkYPLh5x-8_14775.mp4 4;8;100;123
8VkYPLh5x-8_14776.mp4 1;3;4;8;100;123
8VkYPLh5x-8_14777.mp4 1;4;8;100;123
8VkYPLh5x-8_14778.mp4 1;4;8;100;123
8VkYPLh5x-8_14779.mp4 4;8;99;123
8VkYPLh5x-8_14780.mp4 4;12;99;123
8VkYPLh5x-8_14781.mp4 1;4;8;103;123
8VkYPLh5x-8_14782.mp4 4;8;103;123
8VkYPLh5x-8_14783.mp4 1;4;8;103;123
8VkYPLh5x-8_14784.mp4 1;4;8;12;103;123
8VkYPLh5x-8_14785.mp4 3;4;8;103;123
8VkYPLh5x-8_14786.mp4 4;8;99;123
8VkYPLh5x-8_14787.mp4 1;4;8;103;123
8VkYPLh5x-8_14788.mp4 1;3;4;12;99;123
8VkYPLh5x-8_14789.mp4 1;3;4;8;103;123
8VkYPLh5x-8_14790.mp4 4;8;103;123
8VkYPLh5x-8_14791.mp4 1;4;8;103;123
8VkYPLh5x-8_14792.mp4 4;12;99;123
8VkYPLh5x-8_14793.mp4 4;12;99;123
8VkYPLh5x-8_14794.mp4 4;8;99;123
8VkYPLh5x-8_14795.mp4 4;8;99;123
8VkYPLh5x-8_14796.mp4 4;8;99;123
8Xc4uaQ0HmQ_15592.mp4 0;3;4;35;109
8Xc4uaQ0HmQ_15593.mp4 1;2;4;35;109
8Xc4uaQ0HmQ_15594.mp4 0;1;2;3;4;11;37;109
8Xc4uaQ0HmQ_15595.mp4 1;3;4;35;109
8Xc4uaQ0HmQ_15596.mp4 1;2;3;4;12;35;109
8Xc4uaQ0HmQ_15597.mp4 1;2;3;4;35;109
8Xc4uaQ0HmQ_15598.mp4 0;2;4;35;109
8Xc4uaQ0HmQ_15599.mp4 3;36;109
8Xc4uaQ0HmQ_15600.mp4 0;2;3;4;37;109
8Xc4uaQ0HmQ_15601.mp4 1;3;4;12;35;109
8jLxK1uFxeY_03751.mp4 3;4;8;12;25;106
8jLxK1uFxeY_03752.mp4 3;4;6;8;12;25;106
8jLxK1uFxeY_03753.mp4 4;8;12;25;106
8jLxK1uFxeY_03754.mp4 4;6;8;22;106
8jLxK1uFxeY_03755.mp4 4;8;22;106
8jLxK1uFxeY_03756.mp4 4;6;8;12;22;106
8jLxK1uFxeY_03757.mp4 1;4;6;8;25;106
8jLxK1uFxeY_03758.mp4 3;4;8;12;22;106
8jLxK1uFxeY_03759.mp4 3;4;6;8;12;22;106
8jLxK1uFxeY_03760.mp4 4;8;22;106
8jLxK1uFxeY_03761.mp4 3;4;8;22;106
8jLxK1uFxeY_03762.mp4 4;8;22;106
8jLxK1uFxeY_03763.mp4 1;4;6;8;25;106
8jLxK1uFxeY_03764.mp4 1;3;4;6;8;12;25;106
8nmfN7Z87-I_02827.mp4 3;20;105
8nmfN7Z87-I_02828.mp4 12;20;105
8nmfN7Z87-I_02829.mp4 3;20;105
8nmfN7Z87-I_02830.mp4 12;20;105
8nmfN7Z87-I_02831.mp4 12;20;105
8nmfN7Z87-I_02832.mp4 12;20;105
8spcnH0LalI_03378.mp4 3;4;8;100;123
8spcnH0LalI_03379.mp4 1;4;12;103;123
8spcnH0LalI_03380.mp4 3;101;123
8spcnH0LalI_03381.mp4 1;3;4;12;100;123
8spcnH0LalI_03382.mp4 4;8;102;123
8spcnH0LalI_03383.mp4 4;8;100;123
8spcnH0LalI_03384.mp4 3;4;12;100;123
8spcnH0LalI_03385.mp4 1;3;4;8;12;100;123
8spcnH0LalI_03386.mp4 1;3;4;12;101;123
8spcnH0LalI_03387.mp4 1;3;4;8;100;123
8spcnH0LalI_03388.mp4 4;8;100;123
8spcnH0LalI_03389.mp4 4;8;102;123
8spcnH0LalI_03390.mp4 1;4;5;12;103;123
8spcnH0LalI_03391.mp4 1;3;4;12;101;123
8spcnH0LalI_03392.mp4 4;8;100;123
8spcnH0LalI_03393.mp4 1;3;4;101;123
8spcnH0LalI_03394.mp4 4;8;100;123
8spcnH0LalI_03395.mp4 1;3;4;8;100;123
8spcnH0LalI_03396.mp4 1;3;4;12;101;123
8spcnH0LalI_03397.mp4 4;8;12;102;123
8spcnH0LalI_03398.mp4 4;8;102;123
8spcnH0LalI_03399.mp4 12;101;123
8spcnH0LalI_03400.mp4 4;8;12;102;123
8spcnH0LalI_03401.mp4 1;4;12;101;123
8spcnH0LalI_03402.mp4 4;8;102;123
8spcnH0LalI_03403.mp4 1;4;8;12;102;123
8spcnH0LalI_03404.mp4 1;4;12;101;123
8spcnH0LalI_03405.mp4 4;6;12;103;123
8spcnH0LalI_03406.mp4 3;4;8;12;102;123
8spcnH0LalI_03407.mp4 1;3;4;101;123
8spcnH0LalI_03408.mp4 1;4;8;12;102;123
8spcnH0LalI_03409.mp4 1;4;8;102;123
8spcnH0LalI_03410.mp4 1;4;5;12;101;123
8spcnH0LalI_03411.mp4 4;8;103;123
8spcnH0LalI_03412.mp4 1;3;4;8;12;99;123
8spcnH0LalI_03413.mp4 4;8;103;123
8spcnH0LalI_03414.mp4 4;12;103;123
8spcnH0LalI_03415.mp4 4;12;103;123
8spcnH0LalI_03416.mp4 1;3;4;12;101;123
8spcnH0LalI_03417.mp4 4;6;12;99;123
8spcnH0LalI_03418.mp4 4;12;103;123
8spcnH0LalI_03419.mp4 8;103;123
8spcnH0LalI_03420.mp4 4;8;12;99;123
8spcnH0LalI_03421.mp4 4;12;99;123
95m_K91XrBs_12596.mp4 1;3;4;5;90;120
95m_K91XrBs_12597.mp4 3;90;120
95m_K91XrBs_12598.mp4 3;90;120
95m_K91XrBs_12599.mp4 1;3;89;120
95m_K91XrBs_12600.mp4 1;3;90;120
95m_K91XrBs_12601.mp4 1;3;89;120
95m_K91XrBs_12602.mp4 1;3;89;120
95m_K91XrBs_12603.mp4 1;89;120
95m_K91XrBs_12604.mp4 1;3;4;89;120
95m_K91XrBs_12605.mp4 3;90;120
95m_K91XrBs_12606.mp4 1;3;4;89;120
95m_K91XrBs_12607.mp4 1;3;89;120
95m_K91XrBs_12608.mp4 1;3;90;120
95m_K91XrBs_12609.mp4 3;90;120
95m_K91XrBs_12610.mp4 3;90;120
95m_K91XrBs_12611.mp4 3;90;120
9Ltvlyh3z-M_06038.mp4 1;3;4;12;100;123
9Ltvlyh3z-M_06039.mp4 4;12;99;123
9Ltvlyh3z-M_06040.mp4 1;3;4;12;100;123
9Ltvlyh3z-M_06041.mp4 1;4;8;99;123
9Ltvlyh3z-M_06042.mp4 1;3;4;100;123
9Ltvlyh3z-M_06043.mp4 3;4;100;123
9Ltvlyh3z-M_06044.mp4 3;4;12;101;123
9Ltvlyh3z-M_06045.mp4 3;4;100;123
9Ltvlyh3z-M_06046.mp4 1;3;4;12;103;123
9Ltvlyh3z-M_06047.mp4 1;4;12;101;123
9Ltvlyh3z-M_06048.mp4 1;3;4;100;123
9Ltvlyh3z-M_06049.mp4 1;4;12;103;123
9Ltvlyh3z-M_06050.mp4 12;101;123
9Ltvlyh3z-M_06051.mp4 1;3;4;100;123
9Ltvlyh3z-M_06052.mp4 3;4;12;100;123
9Ltvlyh3z-M_06053.mp4 1;4;12;101;123
9Ltvlyh3z-M_06054.mp4 1;3;4;100;123
9Ltvlyh3z-M_06055.mp4 1;3;4;100;123
9Ltvlyh3z-M_06056.mp4 0;1;3;4;12;101;123
9Ltvlyh3z-M_06057.mp4 1;3;4;12;101;123
9Ltvlyh3z-M_06058.mp4 1;4;12;101;123
9Ltvlyh3z-M_06059.mp4 4;12;103;123
9Ltvlyh3z-M_06060.mp4 1;4;12;101;123
9Ltvlyh3z-M_06061.mp4 1;4;8;12;103;123
9Ltvlyh3z-M_06062.mp4 1;3;4;12;101;123
9P7JzTRHz5g_02479.mp4 3;63;115
9P7JzTRHz5g_02480.mp4 3;61;115
9P7JzTRHz5g_02481.mp4 3;61;115
9P7JzTRHz5g_02482.mp4 12;61;115
9P7JzTRHz5g_02483.mp4 3;63;115
9P7JzTRHz5g_02484.mp4 63;115
9P7JzTRHz5g_02485.mp4 3;63;115
9P7JzTRHz5g_02486.mp4 63;115
9P7JzTRHz5g_02487.mp4 3;63;115
9P7JzTRHz5g_02488.mp4 3;63;115
9P7JzTRHz5g_02490.mp4 63;115
9P7JzTRHz5g_02491.mp4 63;115
9P7JzTRHz5g_02492.mp4 3;64;115
9QTmC0ncuTI_14493.mp4 4;12;102;123
9QTmC0ncuTI_14494.mp4 4;12;102;123
9QTmC0ncuTI_14495.mp4 4;12;102;123
9QTmC0ncuTI_14496.mp4 1;3;4;12;102;123
9QTmC0ncuTI_14497.mp4 4;8;12;102;123
9QTmC0ncuTI_14498.mp4 1;3;4;8;102;123
9QTmC0ncuTI_14499.mp4 1;3;4;8;12;102;123
9QTmC0ncuTI_14500.mp4 1;3;4;8;12;102;123
9QTmC0ncuTI_14501.mp4 3;4;8;12;102;123
9QTmC0ncuTI_14502.mp4 3;4;8;12;102;123
9XpmcKGzWLo_02233.mp4 12;64;115
9XpmcKGzWLo_02234.mp4 1;3;62;115
9XpmcKGzWLo_02235.mp4 3;62;115
9XpmcKGzWLo_02236.mp4 3;62;115
9XpmcKGzWLo_02237.mp4 1;3;66;115
9XpmcKGzWLo_02238.mp4 66;115
9XpmcKGzWLo_02239.mp4 1;3;4;66;115
9XpmcKGzWLo_02240.mp4 1;3;4;12;66;115
9XpmcKGzWLo_02241.mp4 66;115
9XpmcKGzWLo_02242.mp4 66;115
9XpmcKGzWLo_02243.mp4 3;66;115
9XpmcKGzWLo_02244.mp4 3;12;66;115
9XpmcKGzWLo_02245.mp4 1;3;4;66;115
9XpmcKGzWLo_02246.mp4 1;3;4;12;66;115
9XpmcKGzWLo_02247.mp4 1;3;4;65;115
9XpmcKGzWLo_02248.mp4 1;4;12;65;115
9XpmcKGzWLo_02249.mp4 1;3;65;115
9XpmcKGzWLo_02250.mp4 3;12;65;115
9XpmcKGzWLo_02251.mp4 1;3;62;115
9XpmcKGzWLo_02252.mp4 1;3;4;12;62;115
9XpmcKGzWLo_02253.mp4 1;3;4;65;115
9azY_H8UzvI_09572.mp4 17;105
9azY_H8UzvI_09573.mp4 17;105
9azY_H8UzvI_09574.mp4 21;105
9f_xXKSeqg8_01766.mp4 12;65;115
9f_xXKSeqg8_01767.mp4 66;115
9f_xXKSeqg8_01768.mp4 66;115
9f_xXKSeqg8_01769.mp4 3;12;65;115
9f_xXKSeqg8_01770.mp4 66;115
9f_xXKSeqg8_01771.mp4 66;115
9f_xXKSeqg8_01772.mp4 66;115
9f_xXKSeqg8_01773.mp4 1;3;4;12;66;115
9f_xXKSeqg8_01774.mp4 3;65;115
9f_xXKSeqg8_01775.mp4 3;12;65;115
9xsbZRBjvCQ_00792.mp4 1;4;34;108
9xsbZRBjvCQ_00794.mp4 1;4;34;108
9xsbZRBjvCQ_00795.mp4 1;4;34;108
A3r-DFp7XA4_01631.mp4 3;12;65;115
A3r-DFp7XA4_01632.mp4 1;12;65;115
A79zLE6wsqY_10274.mp4 3;4;12;56;113
A79zLE6wsqY_10275.mp4 56;113
A79zLE6wsqY_10276.mp4 3;12;54;113
A79zLE6wsqY_10277.mp4 3;56;113
A79zLE6wsqY_10278.mp4 1;3;4;56;113
A79zLE6wsqY_10279.mp4 1;3;4;57;113
A79zLE6wsqY_10280.mp4 3;56;113
A79zLE6wsqY_10281.mp4 2;3;4;12;56;113
A79zLE6wsqY_10282.mp4 3;57;113
A79zLE6wsqY_10283.mp4 1;4;12;54;113
A79zLE6wsqY_10284.mp4 1;3;4;12;57;113
A8ur249BSE0_00537.mp4 3;12;53;112
A8ur249BSE0_00538.mp4 3;12;53;112
A8ur249BSE0_00539.mp4 3;12;53;112
ADSOkXOYGXw_04699.mp4 1;3;4;8;59;114
ADSOkXOYGXw_04700.mp4 3;8;59;114
ADSOkXOYGXw_04701.mp4 1;4;8;59;114
ADSOkXOYGXw_04702.mp4 1;3;4;6;8;12;59;114
AE4USFmChIc_07884.mp4 1;3;4;12;43;110
AE4USFmChIc_07885.mp4 1;3;4;43;110
AE4USFmChIc_07886.mp4 3;43;110
AE4USFmChIc_07887.mp4 3;43;110
AE4USFmChIc_07888.mp4 1;3;4;12;43;110
AE4USFmChIc_07889.mp4 1;3;4;43;110
AE4USFmChIc_07890.mp4 1;3;4;43;110
AE4USFmChIc_07891.mp4 1;3;43;110
ANQrTxIwVuY_10094.mp4 3;4;12;54;113
ANQrTxIwVuY_10095.mp4 1;3;4;12;55;113
ANQrTxIwVuY_10096.mp4 0;12;56;113
ANQrTxIwVuY_10097.mp4 12;54;113
ANQrTxIwVuY_10098.mp4 1;3;4;12;56;113
ANQrTxIwVuY_10099.mp4 1;3;4;54;113
ANQrTxIwVuY_10100.mp4 1;4;8;12;54;113
ANQrTxIwVuY_10101.mp4 3;56;113
ANQrTxIwVuY_10102.mp4 1;12;54;113
ANQrTxIwVuY_10103.mp4 1;3;4;12;54;113
ANQrTxIwVuY_10104.mp4 1;3;4;12;54;113
ANQrTxIwVuY_10105.mp4 1;3;57;113
ANQrTxIwVuY_10106.mp4 1;3;4;12;57;113
ANQrTxIwVuY_10107.mp4 3;12;54;113
ANQrTxIwVuY_10108.mp4 1;3;4;12;56;113
ANQrTxIwVuY_10109.mp4 1;3;12;56;113
ANQrTxIwVuY_10110.mp4 1;3;4;12;57;113
AVuz6MTsTr4_12323.mp4 30;107
AVuz6MTsTr4_12324.mp4 30;107
AVuz6MTsTr4_12325.mp4 4;26;107
AVuz6MTsTr4_12326.mp4 26;107
AVuz6MTsTr4_12327.mp4 26;107
AVuz6MTsTr4_12328.mp4 26;107
AXaJRrQT8RU_00211.mp4 1;3;4;80;118
AXaJRrQT8RU_00212.mp4 0;3;4;12;79;118
AYVZped_Qh4_06647.mp4 1;12;82;118
AYVZped_Qh4_06648.mp4 1;3;12;82;118
AYVZped_Qh4_06649.mp4 1;12;82;118
AeFycUUAdsg_04946.mp4 3;5;12;13;104
AeFycUUAdsg_04947.mp4 1;3;4;5;12;15;104
AkT5HIJ9vSU_14730.mp4 1;4;6;8;102;123
AkT5HIJ9vSU_14731.mp4 4;8;103;123
AkT5HIJ9vSU_14732.mp4 1;4;8;100;123
AkT5HIJ9vSU_14733.mp4 4;8;102;123
AkT5HIJ9vSU_14734.mp4 4;8;100;123
AkT5HIJ9vSU_14735.mp4 4;8;102;123
AkT5HIJ9vSU_14736.mp4 4;12;99;123
AkT5HIJ9vSU_14737.mp4 4;8;100;123
AkT5HIJ9vSU_14738.mp4 4;8;102;123
AkT5HIJ9vSU_14739.mp4 1;4;8;100;123
AkT5HIJ9vSU_14740.mp4 4;8;102;123
AkT5HIJ9vSU_14741.mp4 4;12;100;123
AkT5HIJ9vSU_14742.mp4 4;8;99;123
AkT5HIJ9vSU_14743.mp4 4;8;100;123
AkT5HIJ9vSU_14744.mp4 4;8;102;123
AkT5HIJ9vSU_14745.mp4 1;4;8;100;123
AkT5HIJ9vSU_14746.mp4 1;4;8;12;103;123
AkT5HIJ9vSU_14747.mp4 1;4;8;12;103;123
AkT5HIJ9vSU_14748.mp4 4;8;100;123
AkT5HIJ9vSU_14749.mp4 4;8;102;123
AkT5HIJ9vSU_14750.mp4 1;4;8;103;123
AkT5HIJ9vSU_14751.mp4 1;4;8;12;100;123
AkT5HIJ9vSU_14752.mp4 4;8;102;123
AkT5HIJ9vSU_14753.mp4 1;3;4;8;100;123
AkT5HIJ9vSU_14754.mp4 4;8;102;123
AkT5HIJ9vSU_14755.mp4 1;4;8;103;123
AkT5HIJ9vSU_14756.mp4 4;8;102;123
AkT5HIJ9vSU_14757.mp4 1;4;8;12;103;123
AkT5HIJ9vSU_14758.mp4 1;4;8;12;103;123
AkT5HIJ9vSU_14759.mp4 4;8;103;123
AkT5HIJ9vSU_14760.mp4 1;3;4;103;123
AkT5HIJ9vSU_14761.mp4 1;4;8;12;103;123
AkT5HIJ9vSU_14762.mp4 4;6;8;12;99;123
AkT5HIJ9vSU_14763.mp4 1;4;8;99;123
AkT5HIJ9vSU_14764.mp4 4;8;99;123
AkT5HIJ9vSU_14765.mp4 4;8;12;99;123
AkT5HIJ9vSU_14766.mp4 4;8;99;123
An4xe7LmbTE_14174.mp4 1;4;12;102;123
An4xe7LmbTE_14175.mp4 8;103;123
An4xe7LmbTE_14176.mp4 1;12;101;123
An4xe7LmbTE_14177.mp4 12;101;123
An4xe7LmbTE_14178.mp4 1;4;6;8;102;123
An4xe7LmbTE_14179.mp4 4;5;8;103;123
An4xe7LmbTE_14180.mp4 1;4;8;102;123
An4xe7LmbTE_14181.mp4 3;4;8;100;123
An4xe7LmbTE_14182.mp4 1;4;12;102;123
An4xe7LmbTE_14183.mp4 1;3;4;103;123
An4xe7LmbTE_14184.mp4 4;12;102;123
An4xe7LmbTE_14185.mp4 1;3;4;12;103;123
An4xe7LmbTE_14186.mp4 4;8;100;123
An4xe7LmbTE_14187.mp4 4;8;102;123
An4xe7LmbTE_14188.mp4 4;8;103;123
An4xe7LmbTE_14189.mp4 1;4;8;103;123
An4xe7LmbTE_14190.mp4 4;8;100;123
An4xe7LmbTE_14191.mp4 1;4;12;102;123
An4xe7LmbTE_14192.mp4 1;3;4;12;103;123
An4xe7LmbTE_14193.mp4 1;4;8;102;123
An4xe7LmbTE_14194.mp4 4;8;103;123
An4xe7LmbTE_14195.mp4 4;8;103;123
An4xe7LmbTE_14196.mp4 1;4;8;100;123
An4xe7LmbTE_14197.mp4 4;6;8;102;123
An4xe7LmbTE_14198.mp4 4;8;103;123
An4xe7LmbTE_14199.mp4 4;8;100;123
An4xe7LmbTE_14200.mp4 1;4;6;8;12;102;123
An4xe7LmbTE_14201.mp4 1;12;101;123
An4xe7LmbTE_14202.mp4 1;5;12;101;123
An4xe7LmbTE_14203.mp4 3;4;8;12;100;123
An4xe7LmbTE_14204.mp4 4;8;100;123
An4xe7LmbTE_14205.mp4 1;12;101;123
An4xe7LmbTE_14206.mp4 1;4;8;100;123
An4xe7LmbTE_14207.mp4 1;3;4;8;12;101;123
An4xe7LmbTE_14208.mp4 1;4;8;100;123
An4xe7LmbTE_14209.mp4 4;8;100;123
An4xe7LmbTE_14210.mp4 1;4;12;101;123
B-bPhES8cT4_08215.mp4 1;3;4;66;115
B-bPhES8cT4_08216.mp4 1;3;4;12;66;115
B-bPhES8cT4_08217.mp4 3;66;115
B-bPhES8cT4_08218.mp4 3;12;66;115
B-bPhES8cT4_08219.mp4 1;3;12;62;115
B-bPhES8cT4_08220.mp4 1;3;4;12;66;115
B-bPhES8cT4_08221.mp4 1;3;4;66;115
B-bPhES8cT4_08222.mp4 1;3;4;66;115
B-bPhES8cT4_08223.mp4 1;3;66;115
B-bPhES8cT4_08224.mp4 1;3;4;66;115
B-bPhES8cT4_08225.mp4 1;3;4;66;115
B-bPhES8cT4_08226.mp4 1;3;65;115
B-bPhES8cT4_08227.mp4 3;12;65;115
B-bPhES8cT4_08228.mp4 3;65;115
B5WPhlFpoEk_06676.mp4 3;4;8;12;96;122
B5WPhlFpoEk_06677.mp4 3;4;6;8;98;122
B5WPhlFpoEk_06678.mp4 4;8;96;122
B5WPhlFpoEk_06679.mp4 2;4;8;98;122
B5WPhlFpoEk_06680.mp4 1;4;8;96;122
B5WPhlFpoEk_06681.mp4 8;12;98;122
B5WPhlFpoEk_06682.mp4 4;8;96;122
B5WPhlFpoEk_06683.mp4 3;8;98;122
B5WPhlFpoEk_06684.mp4 0;4;8;96;122
B5WPhlFpoEk_06685.mp4 1;2;3;4;8;12;96;122
B5WPhlFpoEk_06686.mp4 1;3;8;12;96;122
B5WPhlFpoEk_06687.mp4 4;8;98;122
B5WPhlFpoEk_06688.mp4 3;4;8;12;98;122
B5WPhlFpoEk_06689.mp4 3;4;8;96;122
B5WPhlFpoEk_06690.mp4 2;3;6;8;12;98;122
B5WPhlFpoEk_06691.mp4 8;96;122
B5WPhlFpoEk_06692.mp4 1;4;8;98;122
B5WPhlFpoEk_06693.mp4 6;8;96;122
B5WPhlFpoEk_06694.mp4 3;6;8;12;98;122
B5WPhlFpoEk_06695.mp4 8;98;122
B5WPhlFpoEk_06696.mp4 8;95;122
B5oBSqbeMh8_15541.mp4 0;3;4;37;109
B5oBSqbeMh8_15542.mp4 3;36;109
B5oBSqbeMh8_15543.mp4 4;12;37;109
B5oBSqbeMh8_15544.mp4 2;3;4;35;109
B5oBSqbeMh8_15545.mp4 0;1;3;4;12;37;109
B5oBSqbeMh8_15546.mp4 0;1;3;4;12;35;109
B5oBSqbeMh8_15547.mp4 0;1;3;4;36;109
B5oBSqbeMh8_15548.mp4 1;2;4;12;35;109
B5oBSqbeMh8_15549.mp4 0;3;4;12;37;109
B5oBSqbeMh8_15550.mp4 1;2;12;36;109
B5oBSqbeMh8_15551.mp4 1;4;35;109
B5oBSqbeMh8_15552.mp4 1;3;4;37;109
B5oBSqbeMh8_15553.mp4 0;3;35;109
B5oBSqbeMh8_15554.mp4 1;2;3;4;12;35;109
B5oBSqbeMh8_15555.mp4 1;2;3;4;37;109
B5oBSqbeMh8_15556.mp4 0;1;2;3;4;12;35;109
B5oBSqbeMh8_15557.mp4 1;4;12;35;109
B5oBSqbeMh8_15558.mp4 1;3;4;12;37;109
B5oBSqbeMh8_15559.mp4 3;12;36;109
B5oBSqbeMh8_15560.mp4 0;3;4;12;37;109
B5oBSqbeMh8_15561.mp4 0;1;4;35;109
B5oBSqbeMh8_15562.mp4 3;4;12;35;109
B5oBSqbeMh8_15563.mp4 12;37;109
B5oBSqbeMh8_15564.mp4 1;3;4;12;37;109
BEvTXq1Ms9Y_06001.mp4 3;78;117
BEvTXq1Ms9Y_06002.mp4 3;74;117
BEvTXq1Ms9Y_06003.mp4 76;117
BGz9PyX7gYc_03346.mp4 1;3;4;12;102;123
BGz9PyX7gYc_03348.mp4 1;4;8;102;123
BGz9PyX7gYc_03349.mp4 1;3;4;8;12;102;123
BGz9PyX7gYc_03350.mp4 1;3;4;8;102;123
BGz9PyX7gYc_03351.mp4 1;3;4;8;102;123
BGz9PyX7gYc_03352.mp4 3;4;8;12;100;123
BGz9PyX7gYc_03353.mp4 3;4;8;102;123
BGz9PyX7gYc_03354.mp4 1;3;4;8;100;123
BGz9PyX7gYc_03355.mp4 1;3;4;8;100;123
BGz9PyX7gYc_03356.mp4 1;3;4;8;100;123
BGz9PyX7gYc_03357.mp4 1;4;8;12;100;123
BGz9PyX7gYc_03358.mp4 1;3;4;8;100;123
BGz9PyX7gYc_03359.mp4 1;3;4;8;100;123
BGz9PyX7gYc_03360.mp4 1;4;8;100;123
BGz9PyX7gYc_03361.mp4 1;4;8;12;102;123
BGz9PyX7gYc_03362.mp4 4;8;12;102;123
BGz9PyX7gYc_03363.mp4 4;12;102;123
BGz9PyX7gYc_03364.mp4 1;3;4;12;103;123
BGz9PyX7gYc_03365.mp4 1;4;8;102;123
BGz9PyX7gYc_03366.mp4 4;12;103;123
BGz9PyX7gYc_03367.mp4 4;8;103;123
BGz9PyX7gYc_03368.mp4 1;4;12;103;123
BGz9PyX7gYc_03369.mp4 1;4;12;103;123
BGz9PyX7gYc_03370.mp4 4;12;103;123
BGz9PyX7gYc_03371.mp4 4;8;99;123
BKInZGOqcZ4_05802.mp4 3;4;6;8;96;122
BKInZGOqcZ4_05803.mp4 4;8;95;122
BKInZGOqcZ4_05804.mp4 4;8;96;122
BKInZGOqcZ4_05805.mp4 3;4;8;12;98;122
BKInZGOqcZ4_05806.mp4 1;3;4;6;8;12;96;122
BKInZGOqcZ4_05807.mp4 6;8;96;122
BKInZGOqcZ4_05808.mp4 4;8;95;122
BKInZGOqcZ4_05809.mp4 1;3;4;8;12;96;122
BKInZGOqcZ4_05810.mp4 1;3;4;8;12;98;122
BKInZGOqcZ4_05811.mp4 1;3;4;8;96;122
BKInZGOqcZ4_05812.mp4 1;3;4;8;12;96;122
BKInZGOqcZ4_05813.mp4 1;3;4;8;12;96;122
BKInZGOqcZ4_05814.mp4 8;96;122
BKInZGOqcZ4_05815.mp4 4;8;12;95;122
BKInZGOqcZ4_05816.mp4 3;4;6;8;12;98;122
BKInZGOqcZ4_05817.mp4 3;4;8;95;122
BKInZGOqcZ4_05818.mp4 1;4;8;95;122
BKInZGOqcZ4_05819.mp4 4;8;95;122
BKInZGOqcZ4_05820.mp4 4;6;8;98;122
BKInZGOqcZ4_05821.mp4 3;4;8;12;96;122
BKInZGOqcZ4_05822.mp4 0;1;4;8;95;122
BKInZGOqcZ4_05823.mp4 1;2;3;4;8;12;98;122
BKInZGOqcZ4_05824.mp4 3;4;8;12;98;122
BKInZGOqcZ4_05825.mp4 3;4;8;12;95;122
BKInZGOqcZ4_05826.mp4 1;2;4;8;12;95;122
BKInZGOqcZ4_05827.mp4 1;4;8;95;122
BKInZGOqcZ4_05828.mp4 3;8;98;122
BKInZGOqcZ4_05829.mp4 8;12;98;122
BKInZGOqcZ4_05830.mp4 1;3;4;8;12;98;122
BKInZGOqcZ4_05831.mp4 8;12;98;122
BTpTVUtUXD0_11818.mp4 1;2;3;4;12;69;116
BTpTVUtUXD0_11819.mp4 1;2;3;4;72;116
BTpTVUtUXD0_11820.mp4 1;2;3;4;69;116
BYJLL9foFHQ_06577.mp4 3;17;105
BYJLL9foFHQ_06578.mp4 1;19;105
BYJLL9foFHQ_06579.mp4 1;17;105
BYvUm1YJBSs_04960.mp4 1;3;12;13;104
BYvUm1YJBSs_04961.mp4 3;14;104
BiT2NoGqqSM_12555.mp4 1;3;4;12;88;120
BiT2NoGqqSM_12556.mp4 1;3;4;12;88;120
BiT2NoGqqSM_12557.mp4 1;3;90;120
BiT2NoGqqSM_12558.mp4 1;3;12;88;120
BiT2NoGqqSM_12559.mp4 3;12;90;120
BiT2NoGqqSM_12560.mp4 1;3;4;89;120
Bkg8gpNVDDs_04907.mp4 1;3;5;16;104
Bkg8gpNVDDs_04908.mp4 1;3;12;14;104
Bkg8gpNVDDs_04909.mp4 3;5;15;104
Bkg8gpNVDDs_04910.mp4 3;4;12;15;104
Bkg8gpNVDDs_04911.mp4 1;4;13;104
Bkg8gpNVDDs_04912.mp4 1;3;4;5;13;104
Bkg8gpNVDDs_04913.mp4 3;12;14;104
Bkg8gpNVDDs_04914.mp4 5;13;104
Bkg8gpNVDDs_04915.mp4 3;12;14;104
Bkg8gpNVDDs_04916.mp4 1;3;4;5;13;104
Bkg8gpNVDDs_04917.mp4 1;3;4;5;13;104
Bkg8gpNVDDs_04918.mp4 1;3;4;5;12;13;104
Bkg8gpNVDDs_04919.mp4 3;12;14;104
Bkg8gpNVDDs_04920.mp4 3;14;104
Bm5iA4Zupek_10601.mp4 1;3;4;38;110
Bm5iA4Zupek_10602.mp4 3;38;110
Bvk02Fg9TX0_05082.mp4 1;3;12;16;104
Bvk02Fg9TX0_05083.mp4 3;5;13;104
Bvk02Fg9TX0_05084.mp4 3;5;12;13;104
Bvk02Fg9TX0_05085.mp4 3;5;12;13;104
Bvk02Fg9TX0_05086.mp4 1;3;15;104
Bvk02Fg9TX0_05087.mp4 3;14;104
Bvk02Fg9TX0_05088.mp4 3;14;104
Bvk02Fg9TX0_05089.mp4 1;3;14;104
Bvk02Fg9TX0_05090.mp4 1;3;14;104
Bvk02Fg9TX0_05091.mp4 3;5;14;104
Bvk02Fg9TX0_05092.mp4 3;14;104
Bvk02Fg9TX0_05093.mp4 3;5;14;104
C-uxVv4OnvI_15872.mp4 1;2;3;4;12;35;109
C-uxVv4OnvI_15873.mp4 0;3;11;12;35;109
C5N6ir4M97w_10757.mp4 3;51;112
C5N6ir4M97w_10758.mp4 1;3;51;112
C5N6ir4M97w_10759.mp4 3;51;112
CFdoDDUSacQ_07680.mp4 3;12;40;110
CFdoDDUSacQ_07681.mp4 1;3;40;110
CFdoDDUSacQ_07682.mp4 1;3;12;40;110
CFdoDDUSacQ_07683.mp4 4;12;40;110
CFdoDDUSacQ_07684.mp4 1;3;4;40;110
CFdoDDUSacQ_07685.mp4 1;3;4;40;110
CP6RJctCYO4_12701.mp4 3;4;12;88;120
CP6RJctCYO4_12702.mp4 3;90;120
CP6RJctCYO4_12703.mp4 1;3;89;120
CP6RJctCYO4_12704.mp4 1;3;89;120
CP6RJctCYO4_12705.mp4 1;3;12;90;120
CP6RJctCYO4_12706.mp4 1;3;12;89;120
CP6RJctCYO4_12707.mp4 1;3;89;120
CP6RJctCYO4_12708.mp4 1;3;90;120
CP6RJctCYO4_12709.mp4 1;3;90;120
CP6RJctCYO4_12710.mp4 1;3;89;120
CP6RJctCYO4_12711.mp4 3;89;120
CP6RJctCYO4_12712.mp4 1;3;4;90;120
CP6RJctCYO4_12713.mp4 1;3;89;120
CP6RJctCYO4_12714.mp4 1;3;89;120
CP6RJctCYO4_12715.mp4 1;3;4;89;120
CP6RJctCYO4_12716.mp4 1;3;90;120
CP6RJctCYO4_12717.mp4 1;3;90;120
CP6RJctCYO4_12718.mp4 1;3;90;120
CP6RJctCYO4_12719.mp4 3;90;120
CP6RJctCYO4_12720.mp4 3;5;90;120
CP6RJctCYO4_12721.mp4 3;12;87;120
CQEAOMLpcHU_11470.mp4 1;3;4;12;55;113
CQEAOMLpcHU_11471.mp4 3;12;55;113
CQEAOMLpcHU_11472.mp4 1;3;57;113
CQEAOMLpcHU_11473.mp4 1;3;4;57;113
CQEAOMLpcHU_11474.mp4 12;57;113
CQEAOMLpcHU_11475.mp4 1;3;4;12;54;113
CQEAOMLpcHU_11476.mp4 1;3;4;54;113
CQEAOMLpcHU_11477.mp4 1;4;12;57;113
CQEAOMLpcHU_11478.mp4 1;3;4;57;113
CQEAOMLpcHU_11479.mp4 1;3;4;56;113
CQEAOMLpcHU_11480.mp4 1;3;4;57;113
CQEAOMLpcHU_11481.mp4 3;56;113
CQEAOMLpcHU_11482.mp4 1;4;12;57;113
CU_73OEjXTc_10219.mp4 54;113
CU_73OEjXTc_10220.mp4 0;11;56;113
CU_73OEjXTc_10221.mp4 1;3;4;12;56;113
CU_73OEjXTc_10222.mp4 0;1;2;3;4;12;56;113
CU_73OEjXTc_10223.mp4 2;3;56;113
CU_73OEjXTc_10224.mp4 1;2;3;4;12;56;113
CU_73OEjXTc_10225.mp4 0;3;4;56;113
CU_73OEjXTc_10226.mp4 2;3;4;54;113
CU_73OEjXTc_10227.mp4 1;3;4;12;54;113
CU_73OEjXTc_10228.mp4 0;3;56;113
CU_73OEjXTc_10229.mp4 56;113
CU_73OEjXTc_10230.mp4 1;3;56;113
CU_73OEjXTc_10231.mp4 3;12;56;113
CVVyL-OEei0_08102.mp4 3;63;115
CVVyL-OEei0_08103.mp4 1;3;12;63;115
CVVyL-OEei0_08104.mp4 1;3;12;63;115
CVVyL-OEei0_08105.mp4 3;63;115
CVVyL-OEei0_08106.mp4 3;63;115
CVVyL-OEei0_08107.mp4 63;115
CVVyL-OEei0_08108.mp4 3;63;115
CVVyL-OEei0_08109.mp4 63;115
CVVyL-OEei0_08110.mp4 63;115
CVVyL-OEei0_08111.mp4 3;63;115
CVVyL-OEei0_08112.mp4 61;115
CVVyL-OEei0_08113.mp4 12;61;115
CVcFYj1fkzU_02888.mp4 1;19;105
CVcFYj1fkzU_02889.mp4 1;3;4;12;17;105
CX268tV0A60_00195.mp4 1;3;4;80;118
CX268tV0A60_00196.mp4 1;3;4;80;118
CX268tV0A60_00197.mp4 1;3;4;79;118
CeINSmdSdMY_03628.mp4 1;3;94;121
CeINSmdSdMY_03629.mp4 1;3;94;121
CeINSmdSdMY_03630.mp4 1;3;4;94;121
CeINSmdSdMY_03631.mp4 1;3;4;94;121
CeINSmdSdMY_03632.mp4 1;3;4;94;121
CeINSmdSdMY_03633.mp4 1;3;4;12;94;121
CeINSmdSdMY_03634.mp4 1;3;94;121
CeINSmdSdMY_03635.mp4 1;3;4;94;121
CeINSmdSdMY_03636.mp4 3;94;121
CeINSmdSdMY_03637.mp4 1;3;4;12;94;121
Cn_DRu90EW4_13962.mp4 1;3;12;86;119
Cn_DRu90EW4_13963.mp4 1;3;4;12;86;119
Cn_DRu90EW4_13964.mp4 1;3;85;119
Cn_DRu90EW4_13965.mp4 1;3;85;119
Cn_DRu90EW4_13966.mp4 1;3;4;12;86;119
Cn_DRu90EW4_13967.mp4 1;3;4;83;119
Cn_DRu90EW4_13968.mp4 1;83;119
Cn_DRu90EW4_13969.mp4 86;119
Cn_DRu90EW4_13970.mp4 1;12;83;119
Cn_DRu90EW4_13971.mp4 1;3;83;119
Cn_DRu90EW4_13972.mp4 1;4;12;83;119
Cn_DRu90EW4_13973.mp4 1;3;4;12;86;119
Cn_DRu90EW4_13974.mp4 1;3;83;119
Cn_DRu90EW4_13975.mp4 1;3;83;119
Cn_DRu90EW4_13976.mp4 1;4;85;119
Cn_DRu90EW4_13977.mp4 1;86;119
Cn_DRu90EW4_13978.mp4 1;3;83;119
Cn_DRu90EW4_13979.mp4 3;4;86;119
Cn_DRu90EW4_13980.mp4 1;3;83;119
Cn_DRu90EW4_13981.mp4 1;3;12;86;119
Cn_DRu90EW4_13982.mp4 1;3;83;119
Cn_DRu90EW4_13983.mp4 3;86;119
Cn_DRu90EW4_13984.mp4 1;3;4;86;119
Cn_DRu90EW4_13985.mp4 1;4;85;119
Cn_DRu90EW4_13986.mp4 3;85;119
Ctcfuq95cTI_11521.mp4 1;3;65;115
Ctcfuq95cTI_11522.mp4 1;3;4;66;115
Ctcfuq95cTI_11523.mp4 1;3;4;66;115
Ctcfuq95cTI_11524.mp4 1;3;12;66;115
Ctcfuq95cTI_11525.mp4 0;1;3;4;12;66;115
Ctcfuq95cTI_11526.mp4 1;3;4;66;115
Ctcfuq95cTI_11527.mp4 1;3;4;12;66;115
Ctcfuq95cTI_11528.mp4 1;3;4;66;115
Ctcfuq95cTI_11529.mp4 1;3;4;12;66;115
Ctcfuq95cTI_11530.mp4 3;4;66;115
Ctcfuq95cTI_11531.mp4 1;3;66;115
CwthedhOv3Q_06831.mp4 1;4;8;96;122
CwthedhOv3Q_06832.mp4 3;8;12;95;122
CwthedhOv3Q_06833.mp4 3;8;95;122
CwthedhOv3Q_06834.mp4 3;4;6;8;12;95;122
CwthedhOv3Q_06835.mp4 1;3;4;8;12;95;122
CwthedhOv3Q_06836.mp4 4;8;12;96;122
CwthedhOv3Q_06837.mp4 4;8;95;122
CwthedhOv3Q_06838.mp4 8;95;122
CwthedhOv3Q_06839.mp4 1;3;4;8;12;96;122
CwthedhOv3Q_06840.mp4 4;8;12;96;122
CwthedhOv3Q_06841.mp4 4;6;8;12;96;122
CwthedhOv3Q_06842.mp4 3;4;8;12;96;122
CwthedhOv3Q_06843.mp4 4;8;12;96;122
CwthedhOv3Q_06844.mp4 4;8;96;122
CwthedhOv3Q_06845.mp4 8;95;122
CwthedhOv3Q_06846.mp4 3;4;8;95;122
CzHehKSC4cA_09834.mp4 3;64;115
CzHehKSC4cA_09835.mp4 12;64;115
CzHehKSC4cA_09836.mp4 12;65;115
CzHehKSC4cA_09837.mp4 1;3;12;65;115
CzHehKSC4cA_09838.mp4 1;3;12;65;115
CzHehKSC4cA_09839.mp4 1;3;4;12;65;115
CzHehKSC4cA_09840.mp4 1;3;12;62;115
CzHehKSC4cA_09841.mp4 1;3;12;62;115
D0nV4YrAi0A_03877.mp4 3;4;8;12;22;106
D0nV4YrAi0A_03878.mp4 12;24;106
D0nV4YrAi0A_03879.mp4 4;6;8;22;106
D0nV4YrAi0A_03880.mp4 4;8;22;106
D0nV4YrAi0A_03881.mp4 3;4;8;12;25;106
D0nV4YrAi0A_03882.mp4 4;6;8;12;22;106
D0nV4YrAi0A_03883.mp4 3;4;6;8;12;25;106
D0nV4YrAi0A_03884.mp4 1;4;6;8;12;25;106
D0nV4YrAi0A_03885.mp4 3;4;6;8;12;25;106
D0nV4YrAi0A_03886.mp4 4;6;8;22;106
D0nV4YrAi0A_03887.mp4 1;4;6;8;12;24;106
D0nV4YrAi0A_03888.mp4 3;4;6;8;12;22;106
D0nV4YrAi0A_03889.mp4 3;4;6;8;12;25;106
D0nV4YrAi0A_03890.mp4 4;8;24;106
D0nV4YrAi0A_03891.mp4 3;4;6;8;12;22;106
D0nV4YrAi0A_03892.mp4 4;8;22;106
D0nV4YrAi0A_03893.mp4 8;12;24;106
D0nV4YrAi0A_03894.mp4 3;4;6;8;22;106
D0nV4YrAi0A_03895.mp4 4;8;22;106
D0nV4YrAi0A_03896.mp4 3;24;106
D0nV4YrAi0A_03897.mp4 1;3;4;8;12;25;106
D0nV4YrAi0A_03898.mp4 1;3;4;6;8;12;24;106
D1jvrLvkOMs_07094.mp4 8;96;122
D1jvrLvkOMs_07095.mp4 0;3;8;95;122
D1jvrLvkOMs_07096.mp4 3;8;12;98;122
D1jvrLvkOMs_07097.mp4 8;96;122
D1jvrLvkOMs_07098.mp4 3;4;6;8;12;95;122
D1jvrLvkOMs_07099.mp4 3;4;8;12;95;122
D1jvrLvkOMs_07100.mp4 8;95;122
D1jvrLvkOMs_07101.mp4 1;3;4;12;98;122
D1jvrLvkOMs_07102.mp4 4;8;95;122
D1jvrLvkOMs_07103.mp4 4;8;95;122
D1jvrLvkOMs_07104.mp4 4;8;95;122
D1jvrLvkOMs_07105.mp4 3;4;8;12;95;122
D1jvrLvkOMs_07106.mp4 4;8;96;122
D1jvrLvkOMs_07107.mp4 8;97;122
D1jvrLvkOMs_07108.mp4 96;122
D1jvrLvkOMs_07109.mp4 2;4;8;12;95;122
D1jvrLvkOMs_07110.mp4 4;8;96;122
D1jvrLvkOMs_07111.mp4 1;3;4;8;96;122
D1jvrLvkOMs_07112.mp4 4;8;96;122
D1jvrLvkOMs_07113.mp4 4;6;8;12;96;122
D1jvrLvkOMs_07114.mp4 4;8;96;122
D1jvrLvkOMs_07115.mp4 1;3;4;8;96;122
D1jvrLvkOMs_07116.mp4 3;4;6;8;12;95;122
D3sotAxZSG8_05073.mp4 1;3;4;5;12;13;104
D3sotAxZSG8_05074.mp4 1;3;4;5;12;15;104
D3sotAxZSG8_05075.mp4 1;3;14;104
D4SOdP0m8zw_10808.mp4 1;3;12;50;112
D4SOdP0m8zw_10809.mp4 1;3;49;112
D4SOdP0m8zw_10810.mp4 3;49;112
D4SOdP0m8zw_10811.mp4 3;49;112
D4SOdP0m8zw_10812.mp4 3;49;112
D4SOdP0m8zw_10813.mp4 3;50;112
D4SOdP0m8zw_10814.mp4 3;49;112
D4SOdP0m8zw_10815.mp4 1;3;50;112
D4SOdP0m8zw_10816.mp4 3;50;112
D4SOdP0m8zw_10817.mp4 3;49;112
D4SOdP0m8zw_10818.mp4 3;50;112
D4SOdP0m8zw_10819.mp4 3;49;112
D4SOdP0m8zw_10820.mp4 1;3;50;112
DCj6nKQOn7o_10999.mp4 3;12;81;118
DCj6nKQOn7o_11000.mp4 1;4;12;81;118
DCj6nKQOn7o_11001.mp4 1;3;12;81;118
DCj6nKQOn7o_11002.mp4 1;12;82;118
DCj6nKQOn7o_11003.mp4 1;12;81;118
DEUmwjPsIgI_07629.mp4 1;3;12;39;110
DEUmwjPsIgI_07630.mp4 1;3;4;39;110
DEUmwjPsIgI_07631.mp4 1;3;12;39;110
DEUmwjPsIgI_07632.mp4 1;3;12;39;110
DEUmwjPsIgI_07633.mp4 1;3;4;39;110
DEUmwjPsIgI_07634.mp4 1;3;39;110
DEUmwjPsIgI_07635.mp4 1;3;4;12;39;110
DEUmwjPsIgI_07636.mp4 1;3;4;39;110
DEUmwjPsIgI_07637.mp4 1;3;4;41;110
DEUmwjPsIgI_07638.mp4 1;3;4;41;110
DEUmwjPsIgI_07639.mp4 1;3;4;41;110
DEUmwjPsIgI_07640.mp4 1;39;110
DEUmwjPsIgI_07641.mp4 1;3;39;110
DFoGgB7pC24_12329.mp4 30;107
DFoGgB7pC24_12330.mp4 30;107
DFoGgB7pC24_12331.mp4 30;107
DFoGgB7pC24_12332.mp4 30;107
DFoGgB7pC24_12333.mp4 30;107
DFoGgB7pC24_12334.mp4 30;107
DMS89BaDh9I_03578.mp4 3;4;6;8;12;25;106
DMS89BaDh9I_03579.mp4 1;3;4;6;8;25;106
DMS89BaDh9I_03580.mp4 1;4;6;8;25;106
DMS89BaDh9I_03581.mp4 3;4;6;8;12;25;106
DMS89BaDh9I_03582.mp4 3;4;6;8;12;25;106
DMS89BaDh9I_03583.mp4 3;4;6;8;12;25;106
DMS89BaDh9I_03584.mp4 3;4;6;8;12;25;106
DMS89BaDh9I_03585.mp4 4;6;8;25;106
DMS89BaDh9I_03586.mp4 4;8;25;106
DMS89BaDh9I_03587.mp4 3;4;8;12;25;106
DMS89BaDh9I_03588.mp4 12;24;106
DMS89BaDh9I_03589.mp4 4;6;8;22;106
DMS89BaDh9I_03590.mp4 4;8;12;22;106
DMS89BaDh9I_03591.mp4 1;3;4;8;22;106
DMS89BaDh9I_03592.mp4 3;4;6;8;12;22;106
DMS89BaDh9I_03593.mp4 4;6;8;22;106
DMS89BaDh9I_03594.mp4 4;5;8;12;24;106
DMS89BaDh9I_03595.mp4 1;3;4;6;8;12;22;106
DMS89BaDh9I_03596.mp4 3;4;6;8;12;22;106
DMS89BaDh9I_03597.mp4 3;4;6;8;12;22;106
DMS89BaDh9I_03598.mp4 3;4;6;8;12;22;106
DMS89BaDh9I_03599.mp4 0;3;4;6;8;12;22;106
DMS89BaDh9I_03600.mp4 8;24;106
DMS89BaDh9I_03601.mp4 3;8;12;24;106
DOpscCKVKZQ_04117.mp4 1;74;117
DOpscCKVKZQ_04118.mp4 1;3;4;74;117
DOpscCKVKZQ_04119.mp4 1;3;74;117
DiBeIb1URlA_05468.mp4 3;50;112
DiBeIb1URlA_05469.mp4 3;51;112
DiBeIb1URlA_05470.mp4 51;112
DiBeIb1URlA_05471.mp4 3;4;50;112
DkZ_GPdBKV4_10032.mp4 4;12;55;113
DkZ_GPdBKV4_10033.mp4 1;2;4;12;56;113
DkZ_GPdBKV4_10034.mp4 3;12;54;113
DkZ_GPdBKV4_10035.mp4 3;12;56;113
DkZ_GPdBKV4_10036.mp4 3;12;54;113
DkZ_GPdBKV4_10037.mp4 0;1;54;113
DkZ_GPdBKV4_10038.mp4 0;1;2;3;4;12;56;113
DkZ_GPdBKV4_10039.mp4 0;3;4;12;54;113
DkZ_GPdBKV4_10040.mp4 0;1;3;4;11;12;56;113
DkZ_GPdBKV4_10041.mp4 1;3;4;12;54;113
DkZ_GPdBKV4_10042.mp4 1;3;4;12;56;113
DkZ_GPdBKV4_10043.mp4 0;1;3;4;12;56;113
DkZ_GPdBKV4_10044.mp4 2;3;12;56;113
DkZ_GPdBKV4_10045.mp4 0;1;3;12;56;113
DkZ_GPdBKV4_10046.mp4 0;1;3;4;11;12;57;113
DkZ_GPdBKV4_10047.mp4 1;3;12;57;113
DkZ_GPdBKV4_10048.mp4 3;4;12;54;113
DkZ_GPdBKV4_10049.mp4 1;3;4;12;54;113
DkZ_GPdBKV4_10050.mp4 1;3;12;54;113
DkZ_GPdBKV4_10051.mp4 1;3;4;12;56;113
DkZ_GPdBKV4_10052.mp4 1;2;3;4;12;54;113
DkZ_GPdBKV4_10053.mp4 2;3;12;56;113
DkZ_GPdBKV4_10054.mp4 1;2;4;12;57;113
Dmy6eSvGSZ0_05757.mp4 1;3;50;112
Dmy6eSvGSZ0_05758.mp4 1;3;51;112
Dmy6eSvGSZ0_05759.mp4 3;51;112
DqBqBL3d5Zw_08090.mp4 1;3;4;66;115
DqBqBL3d5Zw_08091.mp4 1;3;4;66;115
DqBqBL3d5Zw_08092.mp4 1;3;4;66;115
DqBqBL3d5Zw_08093.mp4 1;3;4;66;115
DqBqBL3d5Zw_08094.mp4 3;4;66;115
DqBqBL3d5Zw_08095.mp4 66;115
DqBqBL3d5Zw_08096.mp4 1;4;66;115
DqBqBL3d5Zw_08097.mp4 3;66;115
DqBqBL3d5Zw_08098.mp4 66;115
DqBqBL3d5Zw_08099.mp4 3;66;115
DqBqBL3d5Zw_08100.mp4 3;65;115
DqBqBL3d5Zw_08101.mp4 3;65;115
E-OLsFLG_D0_03950.mp4 1;3;92;121
E-OLsFLG_D0_03951.mp4 1;92;121
E-OLsFLG_D0_03952.mp4 3;12;92;121
E-OLsFLG_D0_03954.mp4 1;3;4;94;121
E1QnoqzZuTs_00812.mp4 1;4;34;108
E1QnoqzZuTs_00813.mp4 4;34;108
E1QnoqzZuTs_00814.mp4 1;4;34;108
E1QnoqzZuTs_00815.mp4 1;4;34;108
E1QnoqzZuTs_00816.mp4 1;4;34;108
E1QnoqzZuTs_00817.mp4 1;4;34;108
E1QnoqzZuTs_00818.mp4 4;34;108
E1QnoqzZuTs_00819.mp4 4;34;108
E1QnoqzZuTs_00820.mp4 1;4;34;108
E1QnoqzZuTs_00821.mp4 1;4;34;108
E3XpMuoM2ig_07841.mp4 3;4;12;40;110
E3XpMuoM2ig_07842.mp4 1;3;4;40;110
E3XpMuoM2ig_07843.mp4 1;3;12;40;110
E3iRiSzcNL4_04630.mp4 1;3;4;58;114
E3iRiSzcNL4_04631.mp4 0;1;4;8;12;58;114
E7HpVHgYKQs_08554.mp4 3;65;115
E7HpVHgYKQs_08555.mp4 3;65;115
E7HpVHgYKQs_08556.mp4 3;4;65;115
E7HpVHgYKQs_08557.mp4 3;65;115
E7HpVHgYKQs_08558.mp4 3;65;115
E7HpVHgYKQs_08559.mp4 3;65;115
E7HpVHgYKQs_08560.mp4 3;65;115
E7HpVHgYKQs_08561.mp4 65;115
E7HpVHgYKQs_08562.mp4 3;4;65;115
E7HpVHgYKQs_08563.mp4 3;65;115
E8QmOeYlAj4_09579.mp4 1;3;12;55;113
E8QmOeYlAj4_09580.mp4 1;2;3;4;8;12;54;113
E8QmOeYlAj4_09581.mp4 1;3;4;8;12;56;113
E8QmOeYlAj4_09582.mp4 0;1;3;4;12;54;113
E8QmOeYlAj4_09583.mp4 1;3;4;12;56;113
EBoMKkmJEMg_05053.mp4 1;3;5;12;13;104
EBoMKkmJEMg_05054.mp4 12;15;104
EBoMKkmJEMg_05055.mp4 3;14;104
ECqJszXGBtA_11422.mp4 3;12;65;115
ECqJszXGBtA_11423.mp4 3;65;115
EOnmMYGwV0M_05952.mp4 27;107
EOnmMYGwV0M_05953.mp4 28;107
EOnmMYGwV0M_05954.mp4 29;107
EOnmMYGwV0M_05955.mp4 27;107
EOnmMYGwV0M_05956.mp4 30;107
EOnmMYGwV0M_05957.mp4 30;107
EOnmMYGwV0M_05958.mp4 30;107
EOnmMYGwV0M_05959.mp4 0;29;107
EOnmMYGwV0M_05960.mp4 26;107
Ee2jEjJGqXQ_04184.mp4 74;117
Ee2jEjJGqXQ_04185.mp4 74;117
EjNKKu-Q5JI_11826.mp4 1;2;3;69;116
EjNKKu-Q5JI_11827.mp4 1;3;71;116
EjNKKu-Q5JI_11828.mp4 1;2;3;4;69;116
EjNKKu-Q5JI_11829.mp4 0;1;3;69;116
Et5JmugfZ8I_06361.mp4 1;3;4;12;101;123
Et5JmugfZ8I_06362.mp4 1;3;4;12;101;123
Et5JmugfZ8I_06363.mp4 3;4;12;99;123
Et5JmugfZ8I_06364.mp4 1;3;4;8;100;123
Et5JmugfZ8I_06365.mp4 4;12;103;123
Et5JmugfZ8I_06366.mp4 4;12;103;123
Et5JmugfZ8I_06367.mp4 1;4;12;100;123
Et5JmugfZ8I_06368.mp4 1;3;4;8;12;99;123
Et5JmugfZ8I_06369.mp4 3;4;5;8;99;123
Et5JmugfZ8I_06370.mp4 1;3;4;100;123
Et5JmugfZ8I_06371.mp4 1;4;12;103;123
Et5JmugfZ8I_06372.mp4 4;12;103;123
Et5JmugfZ8I_06373.mp4 4;12;101;123
Et5JmugfZ8I_06374.mp4 8;103;123
Et5JmugfZ8I_06375.mp4 1;4;8;103;123
Et5JmugfZ8I_06376.mp4 4;8;103;123
Et5JmugfZ8I_06377.mp4 1;4;8;100;123
Et5JmugfZ8I_06378.mp4 4;12;103;123
Et5JmugfZ8I_06379.mp4 4;12;103;123
Et5JmugfZ8I_06380.mp4 1;4;8;100;123
Et5JmugfZ8I_06381.mp4 1;4;12;103;123
Et5JmugfZ8I_06382.mp4 1;4;8;102;123
Et5JmugfZ8I_06383.mp4 1;3;4;12;99;123
Et5JmugfZ8I_06384.mp4 4;12;102;123
Et5JmugfZ8I_06385.mp4 1;4;8;100;123
Et5JmugfZ8I_06386.mp4 1;4;8;99;123
Et5JmugfZ8I_06387.mp4 12;101;123
Et5JmugfZ8I_06388.mp4 1;4;8;99;123
EvkfSEyOiXs_03301.mp4 3;4;78;117
EvkfSEyOiXs_03302.mp4 1;74;117
EvkfSEyOiXs_03303.mp4 1;76;117
EvkfSEyOiXs_03304.mp4 1;78;117
EvkfSEyOiXs_03305.mp4 74;117
EvkfSEyOiXs_03306.mp4 1;76;117
EvkfSEyOiXs_03307.mp4 1;3;76;117
F5ddFGF-yOM_08407.mp4 3;12;61;115
F5ddFGF-yOM_08408.mp4 3;61;115
F5ddFGF-yOM_08409.mp4 3;63;115
F5ddFGF-yOM_08410.mp4 12;61;115
F5ddFGF-yOM_08411.mp4 1;3;61;115
F5ddFGF-yOM_08412.mp4 1;3;63;115
F5ddFGF-yOM_08413.mp4 1;3;4;61;115
F5ddFGF-yOM_08414.mp4 1;3;12;63;115
F5ddFGF-yOM_08415.mp4 3;12;61;115
F5ddFGF-yOM_08416.mp4 3;63;115
F5ddFGF-yOM_08417.mp4 3;61;115
F5ddFGF-yOM_08418.mp4 1;3;12;61;115
F5ddFGF-yOM_08419.mp4 3;61;115
F5ddFGF-yOM_08420.mp4 3;63;115
F5ddFGF-yOM_08421.mp4 3;61;115
F5ddFGF-yOM_08422.mp4 3;63;115
F5ddFGF-yOM_08423.mp4 3;63;115
F5ddFGF-yOM_08424.mp4 3;63;115
F5ddFGF-yOM_08425.mp4 1;3;63;115
F5ddFGF-yOM_08426.mp4 1;3;63;115
F69NORRriZs_03842.mp4 3;4;8;12;22;106
F69NORRriZs_03843.mp4 1;2;3;4;8;12;24;106
F69NORRriZs_03844.mp4 1;3;4;12;24;106
F69NORRriZs_03845.mp4 1;3;4;8;12;25;106
F69NORRriZs_03846.mp4 1;3;12;24;106
F69NORRriZs_03847.mp4 4;8;22;106
F69NORRriZs_03848.mp4 4;8;22;106
F69NORRriZs_03849.mp4 3;8;12;24;106
F69NORRriZs_03850.mp4 4;8;12;25;106
F69NORRriZs_03851.mp4 24;106
F69NORRriZs_03852.mp4 3;4;6;8;22;106
F69NORRriZs_03853.mp4 3;8;12;24;106
F69NORRriZs_03854.mp4 3;4;6;8;12;22;106
F69NORRriZs_03855.mp4 1;3;4;8;12;24;106
F69NORRriZs_03856.mp4 1;3;4;8;12;25;106
F69NORRriZs_03857.mp4 4;8;22;106
F69NORRriZs_03858.mp4 0;1;3;4;8;12;24;106
F69NORRriZs_03859.mp4 3;4;8;22;106
F69NORRriZs_03860.mp4 3;4;8;25;106
F69NORRriZs_03861.mp4 8;12;24;106
F69NORRriZs_03862.mp4 3;4;6;8;12;25;106
F69NORRriZs_03863.mp4 3;4;8;12;24;106
F69NORRriZs_03864.mp4 1;4;8;25;106
F69NORRriZs_03865.mp4 4;8;22;106
F69NORRriZs_03866.mp4 4;8;22;106
F69NORRriZs_03867.mp4 4;8;22;106
F69NORRriZs_03868.mp4 3;4;8;12;25;106
F69NORRriZs_03869.mp4 1;4;8;12;25;106
F69NORRriZs_03870.mp4 3;4;8;12;25;106
F69NORRriZs_03871.mp4 3;4;8;12;25;106
FAmE16ej9IU_06425.mp4 1;61;115
FAmE16ej9IU_06426.mp4 3;61;115
FAmE16ej9IU_06427.mp4 3;61;115
FAmE16ej9IU_06428.mp4 3;61;115
FAmE16ej9IU_06429.mp4 1;3;63;115
FAmE16ej9IU_06430.mp4 63;115
FAmE16ej9IU_06431.mp4 3;63;115
FAmE16ej9IU_06432.mp4 3;63;115
FAmE16ej9IU_06433.mp4 1;3;63;115
FAmE16ej9IU_06434.mp4 1;4;63;115
FAmE16ej9IU_06435.mp4 3;61;115
FFbHZLlq5vs_15942.mp4 0;1;2;3;4;9;12;35;109
FFbHZLlq5vs_15943.mp4 0;1;3;4;12;35;109
FJqqneQMuEM_07046.mp4 1;3;4;8;96;122
FJqqneQMuEM_07047.mp4 4;8;12;95;122
FJqqneQMuEM_07048.mp4 1;4;8;12;96;122
FJqqneQMuEM_07049.mp4 4;8;95;122
FJqqneQMuEM_07050.mp4 3;4;8;12;96;122
FJqqneQMuEM_07051.mp4 4;8;12;95;122
FJqqneQMuEM_07052.mp4 1;3;4;8;12;96;122
FJqqneQMuEM_07053.mp4 4;8;96;122
FJqqneQMuEM_07054.mp4 4;8;96;122
FJqqneQMuEM_07055.mp4 4;8;12;96;122
FJqqneQMuEM_07056.mp4 8;12;96;122
FJqqneQMuEM_07057.mp4 4;8;12;95;122
FJqqneQMuEM_07058.mp4 1;4;10;12;98;122
FJqqneQMuEM_07059.mp4 2;4;6;8;12;95;122
FJqqneQMuEM_07060.mp4 1;8;96;122
FJqqneQMuEM_07061.mp4 4;8;12;95;122
FJqqneQMuEM_07062.mp4 4;8;96;122
FJqqneQMuEM_07063.mp4 4;6;8;12;95;122
FJqqneQMuEM_07064.mp4 1;4;8;12;95;122
FJqqneQMuEM_07065.mp4 3;4;8;12;98;122
FT9_m7Tv1-c_10830.mp4 3;51;112
FT9_m7Tv1-c_10831.mp4 3;50;112
FZZsMuB3S_k_05654.mp4 8;95;122
FZZsMuB3S_k_05655.mp4 3;4;8;12;96;122
FZZsMuB3S_k_05656.mp4 3;4;8;12;98;122
FZZsMuB3S_k_05657.mp4 3;4;8;12;98;122
FZZsMuB3S_k_05658.mp4 4;8;96;122
FZZsMuB3S_k_05659.mp4 1;8;96;122
FZZsMuB3S_k_05660.mp4 1;4;8;12;98;122
FZZsMuB3S_k_05661.mp4 3;4;6;8;12;95;122
FZZsMuB3S_k_05662.mp4 1;8;96;122
FZZsMuB3S_k_05663.mp4 1;3;8;12;98;122
FZZsMuB3S_k_05664.mp4 8;95;122
FZZsMuB3S_k_05665.mp4 3;6;8;12;98;122
FZZsMuB3S_k_05666.mp4 1;3;8;12;98;122
FZZsMuB3S_k_05667.mp4 1;3;4;8;96;122
FZZsMuB3S_k_05668.mp4 1;3;4;8;98;122
FZZsMuB3S_k_05669.mp4 8;12;98;122
FZZsMuB3S_k_05670.mp4 3;4;8;12;98;122
FZZsMuB3S_k_05671.mp4 2;4;8;95;122
FZZsMuB3S_k_05672.mp4 3;4;8;12;95;122
FZZsMuB3S_k_05673.mp4 4;8;12;98;122
FZZsMuB3S_k_05674.mp4 1;4;8;96;122
FZZsMuB3S_k_05675.mp4 0;4;8;95;122
FZZsMuB3S_k_05676.mp4 1;8;12;96;122
FZZsMuB3S_k_05677.mp4 3;4;8;96;122
FZZsMuB3S_k_05678.mp4 8;96;122
FZZsMuB3S_k_05679.mp4 3;4;8;12;96;122
FZZsMuB3S_k_05680.mp4 4;8;95;122
FZZsMuB3S_k_05681.mp4 8;95;122
FZZsMuB3S_k_05682.mp4 4;8;95;122
FZZsMuB3S_k_05683.mp4 3;4;6;8;10;12;95;122
FaAKSTx8E7c_12369.mp4 26;107
FaAKSTx8E7c_12370.mp4 26;107
FaAKSTx8E7c_12371.mp4 26;107
FaAKSTx8E7c_12372.mp4 1;29;107
FaAKSTx8E7c_12373.mp4 1;29;107
FaAKSTx8E7c_12374.mp4 1;29;107
FaAKSTx8E7c_12375.mp4 26;107
FaAKSTx8E7c_12376.mp4 26;107
FaAKSTx8E7c_12377.mp4 26;107
FaAKSTx8E7c_12378.mp4 26;107
FaAKSTx8E7c_12379.mp4 26;107
FdcEJvTTHy8_12416.mp4 29;107
FdcEJvTTHy8_12417.mp4 29;107
FdcEJvTTHy8_12418.mp4 29;107
FeOzFGuxEc0_03134.mp4 1;3;4;69;116
FeOzFGuxEc0_03135.mp4 1;3;12;73;116
FeOzFGuxEc0_03136.mp4 1;2;3;7;10;12;69;116
FeOzFGuxEc0_03137.mp4 1;3;71;116
FeOzFGuxEc0_03138.mp4 3;12;73;116
FeOzFGuxEc0_03139.mp4 1;2;3;69;116
FgXlkt2rvHw_01993.mp4 3;4;12;24;106
FgXlkt2rvHw_01994.mp4 1;3;4;6;8;22;106
FgXlkt2rvHw_01995.mp4 4;8;24;106
FgXlkt2rvHw_01996.mp4 1;3;4;6;8;12;25;106
FgXlkt2rvHw_01997.mp4 3;4;6;8;12;22;106
FgXlkt2rvHw_01998.mp4 12;24;106
FgXlkt2rvHw_01999.mp4 3;4;6;8;12;25;106
FgXlkt2rvHw_02000.mp4 4;6;8;12;25;106
FgXlkt2rvHw_02001.mp4 4;6;8;12;22;106
FgXlkt2rvHw_02002.mp4 3;4;6;12;25;106
FgXlkt2rvHw_02003.mp4 3;4;6;8;12;22;106
FgXlkt2rvHw_02004.mp4 0;1;3;4;6;8;22;106
FgXlkt2rvHw_02005.mp4 4;8;22;106
FgXlkt2rvHw_02006.mp4 4;8;12;22;106
FgXlkt2rvHw_02007.mp4 3;4;6;8;12;25;106
FgXlkt2rvHw_02008.mp4 4;8;25;106
FgXlkt2rvHw_02009.mp4 6;8;25;106
FgXlkt2rvHw_02010.mp4 3;4;8;12;25;106
FgXlkt2rvHw_02011.mp4 4;6;12;25;106
FgXlkt2rvHw_02012.mp4 1;4;6;8;22;106
FgXlkt2rvHw_02013.mp4 8;12;24;106
FgXlkt2rvHw_02014.mp4 1;3;4;6;8;12;25;106
FgXlkt2rvHw_02015.mp4 4;8;12;24;106
FgXlkt2rvHw_02016.mp4 8;12;24;106
FgXlkt2rvHw_02017.mp4 3;4;8;12;22;106
FgXlkt2rvHw_02018.mp4 3;5;24;106
FgXlkt2rvHw_02019.mp4 3;4;8;12;22;106
FgXlkt2rvHw_02020.mp4 3;8;12;24;106
FgXlkt2rvHw_02021.mp4 12;24;106
FgXlkt2rvHw_02022.mp4 3;5;8;24;106
FofrqCLdZUU_01292.mp4 1;3;4;6;8;12;25;106
FofrqCLdZUU_01293.mp4 1;4;6;8;12;25;106
FofrqCLdZUU_01294.mp4 3;4;6;8;12;25;106
FofrqCLdZUU_01295.mp4 1;3;4;6;8;25;106
FofrqCLdZUU_01296.mp4 1;3;4;6;8;12;25;106
FofrqCLdZUU_01297.mp4 1;4;6;8;25;106
FofrqCLdZUU_01298.mp4 1;4;8;12;22;106
FofrqCLdZUU_01299.mp4 3;5;8;12;24;106
FofrqCLdZUU_01300.mp4 3;4;6;8;12;22;106
FofrqCLdZUU_01301.mp4 12;24;106
FofrqCLdZUU_01302.mp4 4;6;8;12;25;106
FofrqCLdZUU_01303.mp4 1;3;4;8;12;24;106
FofrqCLdZUU_01304.mp4 3;4;6;8;12;25;106
FofrqCLdZUU_01305.mp4 4;6;8;12;22;106
FvwtY2_VYok_09598.mp4 1;4;75;117
FvwtY2_VYok_09599.mp4 1;78;117
FvwtY2_VYok_09600.mp4 1;78;117
FvwtY2_VYok_09601.mp4 1;74;117
FvwtY2_VYok_09602.mp4 1;76;117
Fzxaw2PuvTU_07959.mp4 1;3;12;40;110
Fzxaw2PuvTU_07960.mp4 1;3;4;12;40;110
Fzxaw2PuvTU_07961.mp4 1;3;12;43;110
Fzxaw2PuvTU_07962.mp4 3;12;43;110
Fzxaw2PuvTU_07963.mp4 3;12;38;110
Fzxaw2PuvTU_07964.mp4 1;3;12;40;110
Fzxaw2PuvTU_07965.mp4 42;110
Fzxaw2PuvTU_07966.mp4 1;3;12;42;110
Fzxaw2PuvTU_07967.mp4 1;3;12;40;110
Fzxaw2PuvTU_07968.mp4 1;3;4;39;110
Fzxaw2PuvTU_07969.mp4 1;3;12;42;110
Fzxaw2PuvTU_07970.mp4 1;3;40;110
Fzxaw2PuvTU_07971.mp4 1;4;12;39;110
Fzxaw2PuvTU_07972.mp4 1;3;4;12;42;110
Fzxaw2PuvTU_07973.mp4 1;3;12;40;110
Fzxaw2PuvTU_07974.mp4 1;3;12;39;110
Fzxaw2PuvTU_07975.mp4 1;3;12;39;110
Fzxaw2PuvTU_07976.mp4 3;4;39;110
Fzxaw2PuvTU_07977.mp4 3;4;41;110
Fzxaw2PuvTU_07978.mp4 3;12;42;110
Fzxaw2PuvTU_07979.mp4 1;3;4;12;39;110
G1sXJqPlphE_05177.mp4 1;3;4;12;13;104
G1sXJqPlphE_05178.mp4 1;3;12;13;104
G1sXJqPlphE_05179.mp4 3;16;104
G1sXJqPlphE_05180.mp4 3;4;5;13;104
G1sXJqPlphE_05181.mp4 1;3;5;16;104
G1sXJqPlphE_05182.mp4 1;4;12;13;104
G1sXJqPlphE_05183.mp4 3;5;16;104
G1sXJqPlphE_05184.mp4 1;4;5;12;13;104
G1sXJqPlphE_05185.mp4 5;16;104
G1sXJqPlphE_05186.mp4 3;4;13;104
G1sXJqPlphE_05187.mp4 3;12;16;104
G1sXJqPlphE_05188.mp4 1;3;4;12;13;104
G1sXJqPlphE_05189.mp4 1;4;12;14;104
G1sXJqPlphE_05190.mp4 1;14;104
G1sXJqPlphE_05191.mp4 1;3;4;12;14;104
G1sXJqPlphE_05192.mp4 1;4;14;104
G1sXJqPlphE_05193.mp4 14;104
G1sXJqPlphE_05194.mp4 1;3;4;14;104
G1sXJqPlphE_05195.mp4 1;14;104
G1sXJqPlphE_05196.mp4 1;3;14;104
G1sXJqPlphE_05197.mp4 1;3;14;104
G1sXJqPlphE_05198.mp4 1;3;4;5;12;14;104
G7EmmT0GufQ_10693.mp4 1;4;50;112
G7EmmT0GufQ_10694.mp4 3;50;112
G7EmmT0GufQ_10695.mp4 3;50;112
G7EmmT0GufQ_10696.mp4 3;51;112
G7EmmT0GufQ_10697.mp4 3;51;112
G7EmmT0GufQ_10698.mp4 1;3;51;112
GHkosPeBZaM_10402.mp4 1;12;54;113
GHkosPeBZaM_10403.mp4 12;54;113
GHkosPeBZaM_10404.mp4 1;3;4;8;12;54;113
GHkosPeBZaM_10405.mp4 3;4;12;54;113
GHkosPeBZaM_10406.mp4 1;3;4;12;56;113
GHkosPeBZaM_10407.mp4 3;12;54;113
GHkosPeBZaM_10408.mp4 1;3;4;12;56;113
GHkosPeBZaM_10409.mp4 1;3;4;12;54;113
GHkosPeBZaM_10410.mp4 1;4;12;54;113
GHkosPeBZaM_10411.mp4 1;3;12;54;113
GHkosPeBZaM_10412.mp4 0;1;3;4;12;54;113
GHkosPeBZaM_10413.mp4 1;12;54;113
GI9ilRE8YK0_10893.mp4 0;1;3;4;6;12;25;106
GI9ilRE8YK0_10894.mp4 1;3;4;5;8;12;24;106
GI9ilRE8YK0_10895.mp4 3;4;6;8;12;25;106
GI9ilRE8YK0_10896.mp4 3;4;6;8;25;106
GI9ilRE8YK0_10897.mp4 4;6;8;25;106
GI9ilRE8YK0_10898.mp4 1;3;4;6;8;12;25;106
GI9ilRE8YK0_10899.mp4 1;3;4;12;24;106
GI9ilRE8YK0_10900.mp4 3;4;8;12;25;106
GI9ilRE8YK0_10901.mp4 1;3;4;6;8;24;106
GI9ilRE8YK0_10902.mp4 0;3;4;8;22;106
GI9ilRE8YK0_10903.mp4 4;6;8;25;106
GI9ilRE8YK0_10904.mp4 3;4;8;12;24;106
GI9ilRE8YK0_10905.mp4 3;4;6;8;25;106
GI9ilRE8YK0_10906.mp4 3;4;8;12;25;106
GI9ilRE8YK0_10907.mp4 4;6;8;25;106
GI9ilRE8YK0_10908.mp4 3;8;12;24;106
GI9ilRE8YK0_10909.mp4 3;24;106
GMPoIpzDXl8_14391.mp4 1;4;8;102;123
GMPoIpzDXl8_14392.mp4 4;8;99;123
GMPoIpzDXl8_14393.mp4 3;4;8;100;123
GMPoIpzDXl8_14394.mp4 1;4;8;102;123
GMPoIpzDXl8_14395.mp4 1;4;8;100;123
GMPoIpzDXl8_14396.mp4 4;8;12;100;123
GMPoIpzDXl8_14397.mp4 4;8;100;123
GMPoIpzDXl8_14398.mp4 1;4;8;12;100;123
GMPoIpzDXl8_14399.mp4 4;8;102;123
GMPoIpzDXl8_14400.mp4 1;4;8;103;123
GMPoIpzDXl8_14401.mp4 1;3;4;100;123
GMPoIpzDXl8_14402.mp4 1;4;12;100;123
GMPoIpzDXl8_14403.mp4 1;3;4;8;100;123
GMPoIpzDXl8_14404.mp4 4;8;102;123
GMPoIpzDXl8_14405.mp4 1;4;8;103;123
GMPoIpzDXl8_14406.mp4 1;4;8;12;100;123
GMPoIpzDXl8_14407.mp4 4;8;100;123
GMPoIpzDXl8_14408.mp4 1;4;8;103;123
GMPoIpzDXl8_14409.mp4 1;4;8;103;123
GMPoIpzDXl8_14410.mp4 4;8;12;103;123
GMPoIpzDXl8_14411.mp4 1;4;8;103;123
GMPoIpzDXl8_14412.mp4 1;4;8;103;123
GMPoIpzDXl8_14413.mp4 4;8;103;123
GMPoIpzDXl8_14414.mp4 1;4;8;103;123
GMPoIpzDXl8_14415.mp4 1;4;8;103;123
GMPoIpzDXl8_14416.mp4 1;3;4;12;99;123
GSIhql7UGIE_08146.mp4 3;65;115
GSIhql7UGIE_08147.mp4 3;12;66;115
GSIhql7UGIE_08148.mp4 1;3;4;12;66;115
GSIhql7UGIE_08149.mp4 3;66;115
GSIhql7UGIE_08150.mp4 66;115
GSIhql7UGIE_08151.mp4 3;66;115
GSIhql7UGIE_08152.mp4 3;4;66;115
GSIhql7UGIE_08153.mp4 3;12;65;115
GSbjwzyuUoo_06613.mp4 1;4;12;82;118
GSbjwzyuUoo_06614.mp4 1;12;82;118
GSbjwzyuUoo_06615.mp4 1;12;82;118
GSbjwzyuUoo_06616.mp4 1;12;81;118
GVRIYx3TfPs_10675.mp4 3;50;112
GVRIYx3TfPs_10676.mp4 3;50;112
GVRIYx3TfPs_10677.mp4 3;49;112
GVRIYx3TfPs_10678.mp4 1;3;50;112
GbCO46F6b0I_14244.mp4 1;3;4;102;123
GbCO46F6b0I_14245.mp4 1;4;12;102;123
GbCO46F6b0I_14246.mp4 1;3;4;102;123
GbCO46F6b0I_14247.mp4 1;3;102;123
GbCO46F6b0I_14248.mp4 1;3;4;12;102;123
GbCO46F6b0I_14249.mp4 1;3;4;8;102;123
GbCO46F6b0I_14250.mp4 1;3;4;102;123
GbCO46F6b0I_14251.mp4 1;4;12;102;123
GbCO46F6b0I_14252.mp4 1;4;12;102;123
GbCO46F6b0I_14253.mp4 1;3;4;12;102;123
GbCO46F6b0I_14254.mp4 1;4;12;102;123
Gbu4fibjTOI_09584.mp4 3;4;102;123
Gbu4fibjTOI_09585.mp4 3;102;123
Gbu4fibjTOI_09586.mp4 4;12;102;123
Gbu4fibjTOI_09587.mp4 3;4;12;100;123
Gbu4fibjTOI_09588.mp4 4;12;102;123
Gbu4fibjTOI_09589.mp4 1;3;4;12;102;123
Gbu4fibjTOI_09590.mp4 3;4;12;102;123
Gbu4fibjTOI_09591.mp4 3;4;102;123
Gbu4fibjTOI_09592.mp4 3;4;102;123
Gbu4fibjTOI_09593.mp4 1;12;102;123
Gbu4fibjTOI_09594.mp4 3;102;123
Gbu4fibjTOI_09595.mp4 1;3;4;99;123
Gbu4fibjTOI_09596.mp4 3;4;8;100;123
Gbu4fibjTOI_09597.mp4 4;12;99;123
H0Zv1eWZKrY_10448.mp4 4;12;57;113
H0Zv1eWZKrY_10449.mp4 3;57;113
H19_nhpvsT0_04921.mp4 1;4;5;12;13;104
H19_nhpvsT0_04922.mp4 1;3;4;12;15;104
HRSADguKNB8_11914.mp4 1;69;116
HRSADguKNB8_11915.mp4 3;4;72;116
HfNS58GCmUs_10065.mp4 3;4;12;54;113
HfNS58GCmUs_10066.mp4 3;57;113
HfNS58GCmUs_10067.mp4 1;3;4;12;54;113
HfNS58GCmUs_10068.mp4 3;12;57;113
HfNS58GCmUs_10069.mp4 1;3;12;54;113
HfNS58GCmUs_10070.mp4 1;4;12;54;113
HlugLE4TaLA_00032.mp4 0;32;108
HlugLE4TaLA_00033.mp4 0;1;32;108
HlugLE4TaLA_00034.mp4 0;1;32;108
HpmtecgPGBo_04426.mp4 1;4;8;12;59;114
HpmtecgPGBo_04427.mp4 3;4;8;12;58;114
HpmtecgPGBo_04428.mp4 1;4;8;59;114
HpmtecgPGBo_04429.mp4 6;8;58;114
HpmtecgPGBo_04430.mp4 4;8;59;114
HpmtecgPGBo_04431.mp4 4;8;12;58;114
HpmtecgPGBo_04432.mp4 4;8;59;114
HpmtecgPGBo_04433.mp4 1;4;8;59;114
HpmtecgPGBo_04434.mp4 4;6;8;58;114
HpmtecgPGBo_04435.mp4 3;4;8;59;114
HpmtecgPGBo_04436.mp4 6;8;58;114
HpmtecgPGBo_04437.mp4 1;4;8;59;114
HpmtecgPGBo_04438.mp4 3;8;12;58;114
HpmtecgPGBo_04439.mp4 3;4;8;12;59;114
HpmtecgPGBo_04440.mp4 1;3;4;6;8;12;59;114
HpmtecgPGBo_04441.mp4 3;4;6;8;12;58;114
HpmtecgPGBo_04442.mp4 4;6;8;12;59;114
HpmtecgPGBo_04443.mp4 3;4;6;12;58;114
HpmtecgPGBo_04444.mp4 8;58;114
HpmtecgPGBo_04445.mp4 3;6;8;58;114
HzOXjqmzGuY_10298.mp4 1;3;4;8;12;55;113
HzOXjqmzGuY_10299.mp4 3;4;12;54;113
HzOXjqmzGuY_10300.mp4 1;3;4;12;54;113
HzOXjqmzGuY_10301.mp4 1;3;4;12;54;113
HzOXjqmzGuY_10302.mp4 0;2;3;4;12;54;113
HzOXjqmzGuY_10303.mp4 1;2;3;4;12;56;113
HzOXjqmzGuY_10304.mp4 1;2;3;4;12;56;113
HzOXjqmzGuY_10305.mp4 1;2;3;4;12;56;113
I7iJPeN1wH4_00018.mp4 1;4;32;108
I7iJPeN1wH4_00019.mp4 1;4;33;108
ICN26rD0i6Q_00144.mp4 1;3;93;121
ICN26rD0i6Q_00145.mp4 1;3;93;121
ICN26rD0i6Q_00146.mp4 1;3;4;93;121
ICN26rD0i6Q_00147.mp4 1;3;4;93;121
ICN26rD0i6Q_00148.mp4 1;3;4;12;93;121
ICN26rD0i6Q_00149.mp4 1;3;93;121
ICN26rD0i6Q_00150.mp4 1;3;93;121
ICN26rD0i6Q_00151.mp4 1;3;4;93;121
ICN26rD0i6Q_00152.mp4 1;3;4;93;121
ICN26rD0i6Q_00153.mp4 1;3;4;93;121
IMuoOkm9NTg_14296.mp4 1;4;8;102;123
IMuoOkm9NTg_14297.mp4 1;3;4;8;100;123
IMuoOkm9NTg_14298.mp4 3;4;12;102;123
IMuoOkm9NTg_14299.mp4 1;3;4;8;103;123
IMuoOkm9NTg_14300.mp4 1;3;4;12;100;123
IMuoOkm9NTg_14301.mp4 1;4;8;100;123
IMuoOkm9NTg_14302.mp4 1;4;6;8;102;123
IMuoOkm9NTg_14303.mp4 1;4;8;103;123
IMuoOkm9NTg_14304.mp4 1;8;12;101;123
IMuoOkm9NTg_14305.mp4 1;4;8;100;123
IMuoOkm9NTg_14306.mp4 1;4;8;103;123
IMuoOkm9NTg_14307.mp4 1;3;4;8;100;123
IMuoOkm9NTg_14308.mp4 4;8;102;123
IMuoOkm9NTg_14309.mp4 4;8;103;123
IMuoOkm9NTg_14310.mp4 4;8;100;123
IMuoOkm9NTg_14311.mp4 1;4;8;102;123
IMuoOkm9NTg_14312.mp4 1;4;8;103;123
IMuoOkm9NTg_14313.mp4 1;3;4;8;12;100;123
IMuoOkm9NTg_14314.mp4 1;3;4;12;103;123
IMuoOkm9NTg_14315.mp4 1;4;8;100;123
IMuoOkm9NTg_14316.mp4 4;8;102;123
IMuoOkm9NTg_14317.mp4 1;3;4;8;103;123
IMuoOkm9NTg_14318.mp4 1;3;4;12;100;123
IMuoOkm9NTg_14319.mp4 1;3;4;8;102;123
IMuoOkm9NTg_14320.mp4 1;3;4;8;103;123
IMuoOkm9NTg_14321.mp4 1;4;8;100;123
IMuoOkm9NTg_14322.mp4 1;4;8;102;123
IMuoOkm9NTg_14323.mp4 1;4;8;103;123
IMuoOkm9NTg_14324.mp4 1;4;8;102;123
IMuoOkm9NTg_14325.mp4 1;4;8;103;123
IMuoOkm9NTg_14326.mp4 1;4;8;102;123
IT9f-0ir1R8_10983.mp4 1;3;4;8;12;25;106
IT9f-0ir1R8_10984.mp4 3;4;8;12;25;106
IT9f-0ir1R8_10985.mp4 3;4;8;12;25;106
IT9f-0ir1R8_10986.mp4 1;3;4;5;12;24;106
IT9f-0ir1R8_10987.mp4 8;25;106
IT9f-0ir1R8_10988.mp4 1;4;8;12;25;106
IT9f-0ir1R8_10989.mp4 1;4;6;8;12;25;106
IT9f-0ir1R8_10990.mp4 1;3;4;8;12;25;106
IT9f-0ir1R8_10991.mp4 3;4;6;8;12;25;106
IT9f-0ir1R8_10992.mp4 1;3;4;8;12;25;106
IT9f-0ir1R8_10993.mp4 25;106
IT9f-0ir1R8_10994.mp4 3;5;8;12;24;106
IT9f-0ir1R8_10995.mp4 8;12;24;106
IT9f-0ir1R8_10996.mp4 3;12;24;106
ITnWfGE6ymQ_09551.mp4 3;4;8;22;106
ITnWfGE6ymQ_09552.mp4 1;3;4;6;8;12;22;106
ITnWfGE6ymQ_09553.mp4 3;4;6;8;22;106
ITnWfGE6ymQ_09554.mp4 3;4;6;8;12;25;106
ITnWfGE6ymQ_09555.mp4 3;4;6;8;12;25;106
ITnWfGE6ymQ_09556.mp4 3;4;6;8;12;25;106
ITnWfGE6ymQ_09557.mp4 8;12;24;106
ITnWfGE6ymQ_09558.mp4 3;4;6;8;12;25;106
ITnWfGE6ymQ_09559.mp4 4;6;8;22;106
ITnWfGE6ymQ_09560.mp4 4;8;12;22;106
ITnWfGE6ymQ_09561.mp4 3;4;8;12;24;106
ITnWfGE6ymQ_09562.mp4 4;6;8;12;25;106
ITnWfGE6ymQ_09563.mp4 1;4;8;12;25;106
ITnWfGE6ymQ_09564.mp4 4;8;25;106
ITnWfGE6ymQ_09565.mp4 1;3;4;8;12;24;106
ITnWfGE6ymQ_09566.mp4 1;4;8;12;25;106
ITnWfGE6ymQ_09567.mp4 3;8;24;106
ITnWfGE6ymQ_09568.mp4 1;4;8;12;25;106
ITnWfGE6ymQ_09569.mp4 3;4;8;25;106
ITnWfGE6ymQ_09570.mp4 1;3;4;12;24;106
ITnWfGE6ymQ_09571.mp4 1;3;12;24;106
IYvXpUuHOl8_14211.mp4 1;3;4;12;102;123
IYvXpUuHOl8_14212.mp4 8;102;123
IYvXpUuHOl8_14213.mp4 1;3;4;8;12;102;123
IZ6DVRte3Z8_11941.mp4 1;3;73;116
IZ6DVRte3Z8_11942.mp4 1;3;73;116
IZ6DVRte3Z8_11943.mp4 3;73;116
IZ6DVRte3Z8_11944.mp4 0;3;4;69;116
IZ6DVRte3Z8_11945.mp4 3;73;116
IZ6DVRte3Z8_11946.mp4 3;71;116
IZ6DVRte3Z8_11947.mp4 3;70;116
IZ6DVRte3Z8_11948.mp4 3;70;116
IZ6DVRte3Z8_11949.mp4 3;71;116
Ifivsc8aK3o_05146.mp4 1;3;4;5;12;13;104
Ifivsc8aK3o_05147.mp4 1;3;12;15;104
IglgwMkS-IM_07704.mp4 43;110
IglgwMkS-IM_07705.mp4 42;110
IglgwMkS-IM_07706.mp4 39;110
IglgwMkS-IM_07707.mp4 39;110
IglgwMkS-IM_07708.mp4 42;110
IglgwMkS-IM_07709.mp4 39;110
IglgwMkS-IM_07710.mp4 42;110
IglgwMkS-IM_07711.mp4 43;110
IjO2_t8nmNI_12633.mp4 3;90;120
IjO2_t8nmNI_12634.mp4 3;90;120
IjO2_t8nmNI_12635.mp4 3;89;120
IjO2_t8nmNI_12636.mp4 1;3;90;120
IjO2_t8nmNI_12637.mp4 1;3;89;120
IjO2_t8nmNI_12638.mp4 1;3;89;120
IjO2_t8nmNI_12639.mp4 3;90;120
IjO2_t8nmNI_12640.mp4 1;3;90;120
IjO2_t8nmNI_12641.mp4 1;3;89;120
IjO2_t8nmNI_12642.mp4 1;3;4;89;120
IjO2_t8nmNI_12643.mp4 1;3;89;120
IjO2_t8nmNI_12644.mp4 3;89;120
IjO2_t8nmNI_12645.mp4 3;90;120
IjO2_t8nmNI_12646.mp4 3;89;120
IjO2_t8nmNI_12647.mp4 1;3;89;120
IjO2_t8nmNI_12648.mp4 1;3;90;120
IjO2_t8nmNI_12649.mp4 3;89;120
IjO2_t8nmNI_12650.mp4 3;90;120
IjO2_t8nmNI_12651.mp4 1;3;90;120
IjO2_t8nmNI_12652.mp4 1;3;90;120
Imm_5QkMx6I_09999.mp4 3;54;113
Imm_5QkMx6I_10000.mp4 3;8;12;54;113
Imm_5QkMx6I_10001.mp4 1;3;4;12;56;113
Imm_5QkMx6I_10002.mp4 1;3;12;56;113
Imm_5QkMx6I_10003.mp4 3;12;56;113
Imm_5QkMx6I_10004.mp4 1;3;12;56;113
Imm_5QkMx6I_10005.mp4 1;3;4;56;113
Iy6UEZaz3uI_05080.mp4 3;5;12;13;104
Iy6UEZaz3uI_05081.mp4 1;12;15;104
J7Lxv7-Qsdg_04299.mp4 1;4;8;59;114
J7Lxv7-Qsdg_04300.mp4 4;6;8;59;114
JAt9Xz-QOGs_03246.mp4 1;3;12;71;116
JAt9Xz-QOGs_03247.mp4 3;72;116
JHcxkUeuIqY_08356.mp4 1;3;4;66;115
JHcxkUeuIqY_08357.mp4 1;3;66;115
JHcxkUeuIqY_08358.mp4 1;3;12;66;115
JHcxkUeuIqY_08359.mp4 1;3;4;66;115
JHcxkUeuIqY_08360.mp4 1;12;66;115
JHcxkUeuIqY_08361.mp4 3;66;115
JHcxkUeuIqY_08362.mp4 1;4;66;115
JHcxkUeuIqY_08363.mp4 66;115
JHcxkUeuIqY_08364.mp4 66;115
JHcxkUeuIqY_08365.mp4 1;66;115
JHcxkUeuIqY_08366.mp4 1;3;65;115
JK5slvV7Lbw_04869.mp4 1;3;4;5;12;13;104
JK5slvV7Lbw_04870.mp4 3;12;15;104
JLmHxRbOm78_10928.mp4 29;107
JLmHxRbOm78_10929.mp4 29;107
JLmHxRbOm78_10930.mp4 29;107
JLmHxRbOm78_10931.mp4 29;107
JLmHxRbOm78_10932.mp4 29;107
JLmHxRbOm78_10933.mp4 27;107
JLmHxRbOm78_10934.mp4 27;107
JLmHxRbOm78_10935.mp4 27;107
JLmHxRbOm78_10936.mp4 26;107
JLmHxRbOm78_10937.mp4 26;107
JLmHxRbOm78_10938.mp4 26;107
JLmHxRbOm78_10939.mp4 26;107
JLmHxRbOm78_10940.mp4 26;107
JLmHxRbOm78_10941.mp4 26;107
JLmHxRbOm78_10942.mp4 26;107
JLmHxRbOm78_10943.mp4 26;107
JLmHxRbOm78_10944.mp4 26;107
JLmHxRbOm78_10945.mp4 26;107
JLqdAuGEmfs_06467.mp4 3;4;6;8;12;25;106
JLqdAuGEmfs_06468.mp4 1;3;4;8;12;22;106
JLqdAuGEmfs_06469.mp4 4;8;12;22;106
JLqdAuGEmfs_06470.mp4 1;3;4;6;8;12;25;106
JLqdAuGEmfs_06471.mp4 4;6;8;12;25;106
JLqdAuGEmfs_06472.mp4 3;4;8;25;106
JLqdAuGEmfs_06473.mp4 3;4;6;8;12;25;106
JLqdAuGEmfs_06474.mp4 3;4;8;25;106
JLqdAuGEmfs_06475.mp4 4;6;8;12;22;106
JLqdAuGEmfs_06476.mp4 3;4;6;8;12;25;106
JLqdAuGEmfs_06477.mp4 3;4;8;12;25;106
JLqdAuGEmfs_06479.mp4 12;25;106
JLqdAuGEmfs_06480.mp4 3;4;6;8;22;106
JLqdAuGEmfs_06481.mp4 1;3;4;6;8;22;106
JLqdAuGEmfs_06482.mp4 4;8;22;106
JLqdAuGEmfs_06483.mp4 3;4;6;8;22;106
JQV4R8EwLPU_04515.mp4 1;3;4;8;12;59;114
JQV4R8EwLPU_04516.mp4 3;6;8;59;114
JQV4R8EwLPU_04517.mp4 3;4;8;12;59;114
JQV4R8EwLPU_04518.mp4 1;4;8;59;114
JQV4R8EwLPU_04519.mp4 1;4;8;12;59;114
JQV4R8EwLPU_04520.mp4 3;8;59;114
JQV4R8EwLPU_04521.mp4 4;8;12;59;114
JQV4R8EwLPU_04522.mp4 8;12;59;114
JQV4R8EwLPU_04523.mp4 1;4;6;8;12;58;114
JR7p4krjmZk_00394.mp4 3;19;105
JR7p4krjmZk_00395.mp4 2;12;19;105
JR7p4krjmZk_00396.mp4 1;3;12;21;105
JR7p4krjmZk_00397.mp4 1;19;105
JR7p4krjmZk_00398.mp4 1;3;12;19;105
JR7p4krjmZk_00399.mp4 1;3;4;19;105
JR7p4krjmZk_00400.mp4 1;3;4;21;105
JR7p4krjmZk_00401.mp4 1;3;12;19;105
JR7p4krjmZk_00402.mp4 3;19;105
JR7p4krjmZk_00403.mp4 3;4;12;19;105
JR7p4krjmZk_00404.mp4 1;19;105
JR7p4krjmZk_00405.mp4 1;4;19;105
JR7p4krjmZk_00406.mp4 1;12;20;105
JR7p4krjmZk_00407.mp4 12;20;105
JR7p4krjmZk_00408.mp4 1;3;21;105
JR7p4krjmZk_00409.mp4 1;3;4;5;21;105
JR7p4krjmZk_00410.mp4 1;3;4;17;105
JdEbopjoLnI_13920.mp4 1;3;12;85;119
JdEbopjoLnI_13921.mp4 1;3;4;85;119
JdEbopjoLnI_13922.mp4 1;3;4;85;119
JdEbopjoLnI_13923.mp4 1;3;5;85;119
JdEbopjoLnI_13924.mp4 1;3;4;5;12;85;119
JdEbopjoLnI_13925.mp4 1;3;4;85;119
JdEbopjoLnI_13926.mp4 1;3;4;84;119
JdEbopjoLnI_13927.mp4 1;3;4;85;119
JdEbopjoLnI_13928.mp4 3;12;85;119
JdEbopjoLnI_13929.mp4 1;3;4;84;119
JdEbopjoLnI_13930.mp4 1;3;4;12;84;119
JdEbopjoLnI_13931.mp4 1;3;83;119
JdEbopjoLnI_13932.mp4 1;3;4;84;119
Jo4xiYESWvo_08254.mp4 1;3;62;115
Jo4xiYESWvo_08255.mp4 1;3;62;115
Jo4xiYESWvo_08256.mp4 1;3;62;115
Jo4xiYESWvo_08257.mp4 1;3;62;115
Jo4xiYESWvo_08258.mp4 1;3;62;115
Jo4xiYESWvo_08259.mp4 1;3;4;12;62;115
Jo4xiYESWvo_08260.mp4 1;62;115
Jo4xiYESWvo_08261.mp4 1;3;62;115
Jo4xiYESWvo_08262.mp4 1;3;62;115
Jo4xiYESWvo_08263.mp4 1;3;62;115
Jo4xiYESWvo_08264.mp4 1;3;4;12;65;115
JolmVvwTTHA_12304.mp4 30;107
JolmVvwTTHA_12305.mp4 30;107
JolmVvwTTHA_12306.mp4 30;107
JolmVvwTTHA_12307.mp4 30;107
JolmVvwTTHA_12308.mp4 30;107
JolmVvwTTHA_12309.mp4 30;107
JolmVvwTTHA_12310.mp4 30;107
JolmVvwTTHA_12311.mp4 30;107
JolmVvwTTHA_12312.mp4 30;107
Jp9VT_wCS0w_12005.mp4 1;3;73;116
Jp9VT_wCS0w_12006.mp4 1;3;73;116
Jp9VT_wCS0w_12007.mp4 0;1;2;3;4;11;12;69;116
Jp9VT_wCS0w_12008.mp4 1;3;12;71;116
Jpsq_9MCi6I_06604.mp4 1;3;4;11;80;118
Jpsq_9MCi6I_06605.mp4 1;4;12;82;118
Jpsq_9MCi6I_06606.mp4 1;4;12;82;118
Jpsq_9MCi6I_06607.mp4 1;4;12;81;118
JqvoaItWKl8_02309.mp4 1;3;4;6;8;12;25;106
JqvoaItWKl8_02310.mp4 3;4;8;12;25;106
JqvoaItWKl8_02311.mp4 3;4;5;8;12;25;106
JqvoaItWKl8_02312.mp4 3;4;8;12;25;106
JqvoaItWKl8_02313.mp4 3;4;8;12;25;106
JqvoaItWKl8_02314.mp4 1;3;4;6;8;12;25;106
JqvoaItWKl8_02315.mp4 3;4;8;12;25;106
JqvoaItWKl8_02316.mp4 3;4;6;8;12;25;106
JqvoaItWKl8_02317.mp4 3;4;6;8;12;25;106
JqvoaItWKl8_02318.mp4 0;3;4;8;12;25;106
JqvoaItWKl8_02319.mp4 3;12;24;106
JqvoaItWKl8_02320.mp4 3;22;106
JqvoaItWKl8_02321.mp4 1;3;4;8;12;22;106
JqvoaItWKl8_02322.mp4 4;6;8;12;22;106
JqvoaItWKl8_02323.mp4 1;4;8;12;22;106
JqvoaItWKl8_02324.mp4 3;4;6;8;12;22;106
JqvoaItWKl8_02325.mp4 3;4;6;8;12;22;106
JqvoaItWKl8_02326.mp4 3;4;8;12;22;106
JqvoaItWKl8_02327.mp4 3;4;8;12;22;106
JqvoaItWKl8_02328.mp4 3;4;6;8;12;22;106
JqvoaItWKl8_02329.mp4 3;4;8;12;22;106
JqvoaItWKl8_02330.mp4 1;3;12;24;106
JqvoaItWKl8_02331.mp4 0;1;3;4;8;11;12;24;106
Jr2vJXx75oM_09992.mp4 1;3;4;12;56;113
Jr2vJXx75oM_09993.mp4 3;56;113
Jr2vJXx75oM_09994.mp4 1;3;12;57;113
Jr2vJXx75oM_09995.mp4 3;12;54;113
Jr2vJXx75oM_09996.mp4 3;54;113
Jr2vJXx75oM_09997.mp4 12;57;113
Jr2vJXx75oM_09998.mp4 1;3;12;54;113
Jylt5Fs13g8_00311.mp4 12;19;105
Jylt5Fs13g8_00312.mp4 1;3;4;19;105
Jylt5Fs13g8_00313.mp4 3;12;20;105
Jylt5Fs13g8_00314.mp4 20;105
Jylt5Fs13g8_00315.mp4 1;12;19;105
JzEOVsrdhkg_05778.mp4 1;3;4;8;12;96;122
JzEOVsrdhkg_05779.mp4 8;96;122
JzEOVsrdhkg_05780.mp4 1;4;8;95;122
JzEOVsrdhkg_05781.mp4 1;3;4;8;97;122
JzEOVsrdhkg_05782.mp4 1;4;8;95;122
JzEOVsrdhkg_05783.mp4 1;4;8;96;122
JzEOVsrdhkg_05784.mp4 1;3;4;8;12;95;122
JzEOVsrdhkg_05785.mp4 3;4;8;12;95;122
JzEOVsrdhkg_05786.mp4 6;8;95;122
JzEOVsrdhkg_05787.mp4 3;4;8;96;122
JzEOVsrdhkg_05788.mp4 3;4;8;12;96;122
JzEOVsrdhkg_05789.mp4 1;3;4;8;12;96;122
JzEOVsrdhkg_05790.mp4 3;4;6;8;12;96;122
JzEOVsrdhkg_05791.mp4 2;3;4;6;8;12;96;122
JzEOVsrdhkg_05792.mp4 4;8;95;122
JzEOVsrdhkg_05793.mp4 2;3;4;8;12;95;122
JzEOVsrdhkg_05794.mp4 4;8;96;122
JzEOVsrdhkg_05795.mp4 0;1;3;4;8;12;96;122
JzEOVsrdhkg_05796.mp4 4;6;8;95;122
K-iy1SR2g-Q_12114.mp4 2;3;10;12;69;116
K-iy1SR2g-Q_12115.mp4 2;11;12;69;116
K-iy1SR2g-Q_12116.mp4 3;72;116
K-iy1SR2g-Q_12117.mp4 3;12;70;116
K-iy1SR2g-Q_12118.mp4 1;3;72;116
K-iy1SR2g-Q_12119.mp4 1;2;3;69;116
K-iy1SR2g-Q_12120.mp4 1;2;3;69;116
K-iy1SR2g-Q_12121.mp4 1;2;3;69;116
K-iy1SR2g-Q_12122.mp4 3;71;116
K-iy1SR2g-Q_12123.mp4 1;2;3;4;12;69;116
K-iy1SR2g-Q_12124.mp4 3;71;116
K-iy1SR2g-Q_12125.mp4 1;73;116
K-iy1SR2g-Q_12126.mp4 1;73;116
K-iy1SR2g-Q_12127.mp4 0;2;3;12;69;116
K50aHl3UcU0_12908.mp4 3;4;6;8;12;25;106
K50aHl3UcU0_12909.mp4 4;6;8;12;25;106
K50aHl3UcU0_12910.mp4 6;8;12;25;106
K50aHl3UcU0_12911.mp4 1;3;4;8;25;106
K50aHl3UcU0_12912.mp4 3;4;6;8;12;25;106
K50aHl3UcU0_12913.mp4 0;3;4;8;12;25;106
K50aHl3UcU0_12914.mp4 3;4;6;8;12;25;106
K50aHl3UcU0_12915.mp4 1;4;6;8;25;106
K50aHl3UcU0_12916.mp4 2;3;4;5;8;12;25;106
K50aHl3UcU0_12917.mp4 3;4;8;12;25;106
K50aHl3UcU0_12918.mp4 3;4;8;12;22;106
K50aHl3UcU0_12919.mp4 4;8;12;22;106
K50aHl3UcU0_12920.mp4 3;4;8;12;22;106
K50aHl3UcU0_12921.mp4 3;4;6;8;12;22;106
K50aHl3UcU0_12922.mp4 3;4;8;22;106
K50aHl3UcU0_12923.mp4 1;3;5;8;12;24;106
K50aHl3UcU0_12924.mp4 4;6;8;22;106
K50aHl3UcU0_12925.mp4 3;4;6;8;12;22;106
K50aHl3UcU0_12926.mp4 4;8;22;106
K50aHl3UcU0_12927.mp4 4;6;8;12;22;106
K50aHl3UcU0_12928.mp4 3;4;6;8;12;22;106
K50aHl3UcU0_12930.mp4 3;8;12;24;106
KIlXNWeCiqE_02737.mp4 12;20;105
KIlXNWeCiqE_02738.mp4 12;20;105
KIlXNWeCiqE_02739.mp4 1;12;20;105
KIlXNWeCiqE_02740.mp4 12;20;105
KIlXNWeCiqE_02741.mp4 12;20;105
KIlXNWeCiqE_02742.mp4 12;20;105
KIlXNWeCiqE_02743.mp4 12;20;105
KMBND9YNWLQ_09531.mp4 29;107
KMBND9YNWLQ_09532.mp4 29;107
KMBND9YNWLQ_09533.mp4 29;107
KR1d29KjAmU_10466.mp4 1;2;3;4;10;12;54;113
KR1d29KjAmU_10467.mp4 1;3;4;56;113
KR1d29KjAmU_10468.mp4 2;3;12;54;113
KR1d29KjAmU_10469.mp4 1;3;4;12;54;113
KR1d29KjAmU_10470.mp4 1;2;3;4;12;54;113
KR1d29KjAmU_10471.mp4 1;3;4;12;56;113
KR1d29KjAmU_10472.mp4 3;12;54;113
KR1d29KjAmU_10473.mp4 1;3;12;57;113
KR1d29KjAmU_10474.mp4 1;3;54;113
KR1d29KjAmU_10475.mp4 1;3;54;113
KR1d29KjAmU_10476.mp4 54;113
KZi_Jchx-Ew_15473.mp4 0;1;3;4;8;11;12;102;123
KZi_Jchx-Ew_15474.mp4 1;4;12;102;123
KZi_Jchx-Ew_15475.mp4 1;4;8;12;102;123
K_ON-pByORA_02209.mp4 4;6;8;12;25;106
K_ON-pByORA_02210.mp4 3;4;6;8;12;25;106
K_ON-pByORA_02211.mp4 3;4;8;12;25;106
K_ON-pByORA_02212.mp4 3;4;6;8;12;25;106
K_ON-pByORA_02213.mp4 4;6;8;12;25;106
K_ON-pByORA_02214.mp4 1;3;4;8;12;24;106
K_ON-pByORA_02215.mp4 4;6;8;25;106
K_ON-pByORA_02216.mp4 4;8;25;106
K_ON-pByORA_02217.mp4 3;4;6;8;12;25;106
K_ON-pByORA_02218.mp4 1;3;4;6;8;12;25;106
K_ON-pByORA_02219.mp4 3;4;12;25;106
K_ON-pByORA_02220.mp4 1;6;12;24;106
K_ON-pByORA_02221.mp4 3;8;12;22;106
K_ON-pByORA_02222.mp4 1;3;4;6;8;12;24;106
K_ON-pByORA_02223.mp4 3;4;6;8;22;106
K_ON-pByORA_02224.mp4 1;3;4;6;8;22;106
K_ON-pByORA_02225.mp4 3;4;8;12;22;106
K_ON-pByORA_02226.mp4 1;3;4;6;8;12;22;106
K_ON-pByORA_02227.mp4 3;4;6;8;12;22;106
K_ON-pByORA_02228.mp4 3;4;6;8;22;106
K_ON-pByORA_02229.mp4 6;8;22;106
K_ON-pByORA_02230.mp4 8;12;24;106
K_ON-pByORA_02231.mp4 4;8;12;22;106
K_ON-pByORA_02232.mp4 4;6;8;12;22;106
Kh4rpc8SlnM_10232.mp4 8;12;54;113
Kh4rpc8SlnM_10233.mp4 3;12;54;113
Kh4rpc8SlnM_10234.mp4 1;4;12;56;113
Kh4rpc8SlnM_10235.mp4 1;3;4;12;56;113
Kh4rpc8SlnM_10236.mp4 0;1;3;4;12;56;113
Kh4rpc8SlnM_10237.mp4 1;2;3;4;12;56;113
Kh4rpc8SlnM_10238.mp4 3;4;12;56;113
Kh4rpc8SlnM_10239.mp4 3;12;56;113
Kh4rpc8SlnM_10240.mp4 1;3;4;12;56;113
Kh4rpc8SlnM_10241.mp4 1;2;3;4;12;56;113
Kh4rpc8SlnM_10242.mp4 1;3;4;12;54;113
Kh4rpc8SlnM_10243.mp4 1;3;4;12;54;113
Kh4rpc8SlnM_10244.mp4 1;3;12;54;113
KmRmwTzqGGc_01843.mp4 4;6;8;25;106
KmRmwTzqGGc_01844.mp4 4;8;22;106
KmRmwTzqGGc_01845.mp4 1;4;6;8;12;25;106
KmRmwTzqGGc_01846.mp4 4;6;8;12;22;106
KmRmwTzqGGc_01847.mp4 3;4;6;8;12;25;106
KmRmwTzqGGc_01848.mp4 3;4;8;12;22;106
KmRmwTzqGGc_01849.mp4 3;4;8;12;25;106
KmRmwTzqGGc_01850.mp4 3;4;6;8;12;25;106
KmRmwTzqGGc_01851.mp4 1;4;6;8;12;22;106
KqVP6ASLiz8_03287.mp4 3;12;72;116
KqVP6ASLiz8_03288.mp4 1;3;4;72;116
KqVP6ASLiz8_03289.mp4 3;72;116
KqVP6ASLiz8_03290.mp4 1;3;72;116
KqVP6ASLiz8_03291.mp4 1;3;5;71;116
KqVP6ASLiz8_03292.mp4 3;72;116
KqVP6ASLiz8_03293.mp4 1;2;3;4;5;12;69;116
KqVP6ASLiz8_03294.mp4 2;3;5;12;72;116
KqVP6ASLiz8_03295.mp4 3;72;116
KqVP6ASLiz8_03296.mp4 1;3;5;6;71;116
KqVP6ASLiz8_03297.mp4 1;3;72;116
KqVP6ASLiz8_03298.mp4 1;3;5;12;72;116
KqVP6ASLiz8_03299.mp4 1;3;72;116
KqVP6ASLiz8_03300.mp4 3;71;116
Kuhc6od_huU_06389.mp4 3;91;121
Kuhc6od_huU_06391.mp4 3;12;92;121
Kz7HLnGDUys_02894.mp4 1;4;17;105
Kz7HLnGDUys_02895.mp4 1;17;105
Kz7HLnGDUys_02896.mp4 17;105
Kz7HLnGDUys_02897.mp4 17;105
Kz7HLnGDUys_02898.mp4 1;17;105
KzfVQWAi2hk_10769.mp4 3;51;112
KzfVQWAi2hk_10770.mp4 3;51;112
L4hCri3lEoI_15759.mp4 0;1;3;4;12;35;109
L4hCri3lEoI_15760.mp4 1;2;4;12;35;109
L4hCri3lEoI_15761.mp4 2;12;35;109
LDEacu8lneY_08592.mp4 3;12;60;115
LDEacu8lneY_08593.mp4 60;115
LDEacu8lneY_08594.mp4 3;60;115
LDEacu8lneY_08596.mp4 3;68;115
LDEacu8lneY_08597.mp4 65;115
LDEacu8lneY_08598.mp4 3;65;115
LDEacu8lneY_08599.mp4 3;65;115
LDEacu8lneY_08600.mp4 3;68;115
LDEacu8lneY_08601.mp4 3;12;68;115
LDEacu8lneY_08602.mp4 3;68;115
LDEacu8lneY_08603.mp4 3;12;68;115
LDEacu8lneY_08604.mp4 3;68;115
LDEacu8lneY_08605.mp4 3;68;115
LDEacu8lneY_08606.mp4 3;4;12;65;115
LDEacu8lneY_08607.mp4 1;3;65;115
LEEm9fssRuY_08481.mp4 3;4;68;115
LEEm9fssRuY_08482.mp4 3;68;115
LEEm9fssRuY_08483.mp4 3;60;115
LEEm9fssRuY_08484.mp4 3;60;115
LEEm9fssRuY_08485.mp4 3;4;68;115
LEEm9fssRuY_08486.mp4 3;68;115
LEEm9fssRuY_08487.mp4 3;4;12;65;115
LEEm9fssRuY_08488.mp4 3;65;115
LEEm9fssRuY_08489.mp4 3;4;65;115
LEEm9fssRuY_08490.mp4 3;68;115
LEEm9fssRuY_08491.mp4 3;4;68;115
LEEm9fssRuY_08492.mp4 3;4;64;115
LEug_xUPupU_03111.mp4 1;4;55;113
LEug_xUPupU_03112.mp4 1;3;12;54;113
LEug_xUPupU_03113.mp4 1;3;4;12;55;113
LEug_xUPupU_03114.mp4 4;12;54;113
LEug_xUPupU_03115.mp4 1;2;12;57;113
LEug_xUPupU_03116.mp4 3;12;56;113
LFBva_GoCwI_09905.mp4 3;4;56;113
LFBva_GoCwI_09906.mp4 1;3;4;12;54;113
LGFcrz0WC28_05026.mp4 1;3;4;5;12;13;104
LGFcrz0WC28_05027.mp4 12;15;104
LGJjVSnydGs_12036.mp4 1;3;4;12;73;116
LGJjVSnydGs_12037.mp4 2;3;69;116
LMIoX6OkXT0_04474.mp4 3;58;114
LMIoX6OkXT0_04475.mp4 3;58;114
LMIoX6OkXT0_04476.mp4 1;3;4;12;58;114
LMIoX6OkXT0_04477.mp4 3;4;58;114
LMIoX6OkXT0_04478.mp4 3;4;8;58;114
LMIoX6OkXT0_04479.mp4 1;3;4;12;58;114
LMIoX6OkXT0_04480.mp4 4;12;58;114
LMIoX6OkXT0_04481.mp4 1;3;4;58;114
LMIoX6OkXT0_04482.mp4 3;4;12;58;114
LMIoX6OkXT0_04483.mp4 1;3;4;12;58;114
LMUOVQAI2ew_14866.mp4 3;4;12;100;123
LMUOVQAI2ew_14867.mp4 4;8;103;123
LMUOVQAI2ew_14868.mp4 1;4;12;101;123
LMUOVQAI2ew_14869.mp4 1;4;12;101;123
LMUOVQAI2ew_14870.mp4 12;101;123
LMUOVQAI2ew_14871.mp4 1;4;8;100;123
LMUOVQAI2ew_14872.mp4 1;4;8;100;123
LMUOVQAI2ew_14873.mp4 4;8;103;123
LMUOVQAI2ew_14874.mp4 4;6;8;100;123
LMUOVQAI2ew_14875.mp4 1;4;8;12;103;123
LMUOVQAI2ew_14876.mp4 4;6;8;12;100;123
LMUOVQAI2ew_14877.mp4 4;8;100;123
LMUOVQAI2ew_14878.mp4 1;4;8;103;123
LMUOVQAI2ew_14879.mp4 1;4;12;103;123
LMUOVQAI2ew_14880.mp4 1;4;6;8;100;123
LMUOVQAI2ew_14881.mp4 4;12;100;123
LMUOVQAI2ew_14882.mp4 4;8;100;123
LMUOVQAI2ew_14883.mp4 4;8;100;123
LMUOVQAI2ew_14884.mp4 4;8;103;123
LMUOVQAI2ew_14885.mp4 4;8;103;123
LMUOVQAI2ew_14886.mp4 1;4;8;103;123
LOJbM0aXZp0_15572.mp4 1;4;37;109
LOJbM0aXZp0_15573.mp4 1;3;4;35;109
LOJbM0aXZp0_15574.mp4 1;4;35;109
LOJbM0aXZp0_15575.mp4 1;3;4;12;36;109
LOJbM0aXZp0_15576.mp4 0;3;4;12;35;109
LPp1HyUg0vc_09111.mp4 3;65;115
LPp1HyUg0vc_09112.mp4 66;115
LPp1HyUg0vc_09113.mp4 66;115
LPp1HyUg0vc_09114.mp4 66;115
LPp1HyUg0vc_09115.mp4 66;115
LPp1HyUg0vc_09116.mp4 66;115
LPp1HyUg0vc_09117.mp4 3;66;115
LPp1HyUg0vc_09118.mp4 66;115
LPp1HyUg0vc_09119.mp4 66;115
LPp1HyUg0vc_09120.mp4 66;115
LPp1HyUg0vc_09121.mp4 66;115
LPp1HyUg0vc_09122.mp4 67;115
LPp1HyUg0vc_09123.mp4 67;115
LPp1HyUg0vc_09124.mp4 67;115
LPp1HyUg0vc_09125.mp4 67;115
LPp1HyUg0vc_09126.mp4 3;67;115
LPp1HyUg0vc_09127.mp4 67;115
LPp1HyUg0vc_09128.mp4 3;67;115
LPp1HyUg0vc_09129.mp4 3;68;115
LPp1HyUg0vc_09130.mp4 3;60;115
LPp1HyUg0vc_09131.mp4 3;4;60;115
LPp1HyUg0vc_09132.mp4 3;68;115
LPp1HyUg0vc_09133.mp4 3;4;68;115
LPp1HyUg0vc_09134.mp4 3;68;115
LURACJUWdg8_00595.mp4 1;3;74;117
LURACJUWdg8_00596.mp4 1;3;76;117
Ll63IzYVfOY_12536.mp4 3;90;120
Ll63IzYVfOY_12537.mp4 3;90;120
Ll63IzYVfOY_12538.mp4 3;90;120
Ll63IzYVfOY_12539.mp4 1;3;90;120
Ll63IzYVfOY_12540.mp4 3;90;120
Ll63IzYVfOY_12541.mp4 3;89;120
Ll63IzYVfOY_12542.mp4 1;3;90;120
Ll63IzYVfOY_12543.mp4 1;3;89;120
Ll63IzYVfOY_12544.mp4 3;89;120
Ll63IzYVfOY_12545.mp4 1;3;90;120
Ll63IzYVfOY_12546.mp4 1;3;89;120
Ll63IzYVfOY_12547.mp4 3;90;120
Ll63IzYVfOY_12548.mp4 1;3;89;120
Ll63IzYVfOY_12549.mp4 3;90;120
Ll63IzYVfOY_12550.mp4 3;90;120
Ll63IzYVfOY_12551.mp4 1;3;89;120
Ll63IzYVfOY_12552.mp4 3;89;120
Ll63IzYVfOY_12553.mp4 1;3;89;120
LvccqWHJKQs_06790.mp4 3;4;8;12;95;122
LvccqWHJKQs_06791.mp4 4;6;8;12;95;122
M04EFUD7Kn4_00742.mp4 1;4;34;108
M04EFUD7Kn4_00743.mp4 1;4;12;34;108
M04EFUD7Kn4_00744.mp4 1;4;34;108
M04EFUD7Kn4_00745.mp4 4;34;108
M04EFUD7Kn4_00746.mp4 1;4;34;108
M04EFUD7Kn4_00747.mp4 1;4;34;108
M04EFUD7Kn4_00748.mp4 1;4;34;108
M04EFUD7Kn4_00749.mp4 1;4;34;108
M04EFUD7Kn4_00750.mp4 1;4;34;108
M04EFUD7Kn4_00751.mp4 1;3;4;34;108
M3p3hp4qvso_01556.mp4 3;4;6;8;12;25;106
M3p3hp4qvso_01557.mp4 8;12;24;106
M3p3hp4qvso_01558.mp4 3;4;6;8;22;106
M3p3hp4qvso_01559.mp4 0;3;4;6;8;12;25;106
M3p3hp4qvso_01560.mp4 1;3;4;8;12;25;106
M3p3hp4qvso_01561.mp4 3;8;12;24;106
M3p3hp4qvso_01562.mp4 4;6;8;25;106
M4JIBNn9FMA_02681.mp4 3;4;6;8;12;25;106
M4JIBNn9FMA_02682.mp4 1;3;4;6;8;12;25;106
M4JIBNn9FMA_02683.mp4 1;4;8;12;25;106
M4JIBNn9FMA_02684.mp4 3;4;8;12;25;106
M4JIBNn9FMA_02685.mp4 3;4;8;25;106
M4JIBNn9FMA_02686.mp4 1;12;24;106
M4JIBNn9FMA_02687.mp4 3;4;6;8;12;25;106
M4JIBNn9FMA_02688.mp4 3;4;8;12;25;106
M4JIBNn9FMA_02689.mp4 3;4;8;12;25;106
M4JIBNn9FMA_02690.mp4 3;4;8;12;25;106
M4JIBNn9FMA_02691.mp4 3;4;6;8;12;25;106
M4JIBNn9FMA_02692.mp4 3;4;8;12;22;106
M4JIBNn9FMA_02693.mp4 3;4;8;12;22;106
M4JIBNn9FMA_02694.mp4 3;4;6;8;12;22;106
M4JIBNn9FMA_02695.mp4 3;4;5;6;8;12;22;106
M4JIBNn9FMA_02696.mp4 3;4;8;12;22;106
M4JIBNn9FMA_02697.mp4 3;4;8;12;22;106
M4JIBNn9FMA_02698.mp4 3;4;6;8;12;22;106
M4JIBNn9FMA_02699.mp4 3;4;8;12;22;106
M4JIBNn9FMA_02700.mp4 3;4;8;12;22;106
M4JIBNn9FMA_02701.mp4 1;4;12;24;106
M4JIBNn9FMA_02702.mp4 3;4;12;22;106
M4JIBNn9FMA_02703.mp4 3;8;12;24;106
M4JIBNn9FMA_02704.mp4 1;3;12;24;106
M4JIBNn9FMA_02705.mp4 3;4;8;12;24;106
M7ac2OUy6Ss_06770.mp4 1;3;4;8;12;96;122
M7ac2OUy6Ss_06771.mp4 4;8;96;122
M7ac2OUy6Ss_06772.mp4 0;1;3;4;8;12;95;122
M7ac2OUy6Ss_06773.mp4 8;95;122
M7ac2OUy6Ss_06774.mp4 2;3;4;8;12;95;122
M7ac2OUy6Ss_06775.mp4 4;8;12;96;122
M7ac2OUy6Ss_06776.mp4 4;8;12;95;122
M7ac2OUy6Ss_06777.mp4 1;3;4;8;12;95;122
M7ac2OUy6Ss_06778.mp4 4;8;95;122
M7ac2OUy6Ss_06779.mp4 4;8;12;95;122
M7ac2OUy6Ss_06780.mp4 4;8;12;96;122
M7ac2OUy6Ss_06781.mp4 4;8;12;95;122
M7ac2OUy6Ss_06782.mp4 3;4;8;12;96;122
M7ac2OUy6Ss_06783.mp4 4;8;12;96;122
M7ac2OUy6Ss_06784.mp4 4;8;12;96;122
M7ac2OUy6Ss_06785.mp4 1;3;4;8;12;95;122
M7ac2OUy6Ss_06786.mp4 4;8;12;95;122
M7ac2OUy6Ss_06787.mp4 8;96;122
M7ac2OUy6Ss_06788.mp4 2;4;8;12;96;122
M7ac2OUy6Ss_06789.mp4 4;8;12;96;122
M8Gz60yb_iw_10197.mp4 3;12;54;113
M8Gz60yb_iw_10198.mp4 1;3;4;8;12;54;113
M8Gz60yb_iw_10199.mp4 3;4;12;54;113
M8Gz60yb_iw_10200.mp4 3;12;54;113
M95YVWnlqoc_12274.mp4 30;107
M95YVWnlqoc_12275.mp4 30;107
M95YVWnlqoc_12276.mp4 30;107
MCG2ycuoOg4_00465.mp4 1;3;4;6;8;12;95;122
MCG2ycuoOg4_00466.mp4 4;6;8;12;95;122
MCG2ycuoOg4_00467.mp4 3;8;12;95;122
MCG2ycuoOg4_00468.mp4 8;95;122
MCG2ycuoOg4_00469.mp4 4;8;95;122
MCG2ycuoOg4_00470.mp4 1;4;8;97;122
MCG2ycuoOg4_00471.mp4 0;2;3;4;6;8;12;95;122
MCG2ycuoOg4_00472.mp4 3;4;8;11;12;95;122
MCG2ycuoOg4_00473.mp4 4;8;95;122
MCIxgRKAIqE_03009.mp4 3;4;102;123
MCIxgRKAIqE_03010.mp4 1;4;12;101;123
MCIxgRKAIqE_03011.mp4 3;4;8;12;100;123
MCIxgRKAIqE_03012.mp4 4;8;102;123
MCIxgRKAIqE_03013.mp4 1;3;4;8;100;123
MCIxgRKAIqE_03014.mp4 1;4;8;102;123
MCIxgRKAIqE_03015.mp4 1;4;8;100;123
MCIxgRKAIqE_03016.mp4 4;8;100;123
MCIxgRKAIqE_03017.mp4 1;4;8;102;123
MCIxgRKAIqE_03018.mp4 4;8;100;123
MCIxgRKAIqE_03019.mp4 1;4;8;102;123
MCIxgRKAIqE_03020.mp4 0;3;4;8;102;123
MCIxgRKAIqE_03021.mp4 1;3;4;12;100;123
MCIxgRKAIqE_03022.mp4 4;8;100;123
MCIxgRKAIqE_03023.mp4 1;4;8;102;123
MCIxgRKAIqE_03024.mp4 4;12;100;123
MCIxgRKAIqE_03025.mp4 3;4;8;102;123
MCIxgRKAIqE_03026.mp4 1;3;4;8;12;100;123
MCIxgRKAIqE_03027.mp4 1;4;8;100;123
MCIxgRKAIqE_03028.mp4 4;8;102;123
MCIxgRKAIqE_03029.mp4 4;8;12;102;123
MCIxgRKAIqE_03030.mp4 8;103;123
MCIxgRKAIqE_03031.mp4 1;4;8;12;103;123
MCIxgRKAIqE_03032.mp4 4;8;103;123
MCIxgRKAIqE_03033.mp4 1;4;12;101;123
MCIxgRKAIqE_03034.mp4 1;4;6;8;103;123
MCIxgRKAIqE_03035.mp4 4;12;103;123
MCIxgRKAIqE_03036.mp4 1;4;8;12;99;123
MCIxgRKAIqE_03037.mp4 4;12;99;123
MCIxgRKAIqE_03038.mp4 1;3;4;6;12;103;123
MCIxgRKAIqE_03039.mp4 1;4;8;103;123
MCIxgRKAIqE_03040.mp4 4;8;103;123
MCIxgRKAIqE_03041.mp4 1;4;6;8;103;123
MCIxgRKAIqE_03042.mp4 1;4;8;103;123
MCIxgRKAIqE_03043.mp4 8;12;101;123
MCIxgRKAIqE_03044.mp4 1;3;4;12;101;123
MGZh2QYVT4A_04703.mp4 1;4;8;59;114
MGZh2QYVT4A_04704.mp4 6;8;12;58;114
MGZh2QYVT4A_04705.mp4 4;8;59;114
MGZh2QYVT4A_04706.mp4 4;8;12;59;114
MGZh2QYVT4A_04707.mp4 4;6;8;59;114
MGZh2QYVT4A_04708.mp4 4;6;8;59;114
MGZh2QYVT4A_04709.mp4 4;6;8;59;114
MGZh2QYVT4A_04710.mp4 6;8;12;58;114
MGZh2QYVT4A_04711.mp4 4;8;59;114
MGZh2QYVT4A_04712.mp4 8;58;114
MGZh2QYVT4A_04713.mp4 4;8;12;59;114
MGZh2QYVT4A_04714.mp4 4;8;59;114
MGZh2QYVT4A_04715.mp4 4;8;59;114
MGZh2QYVT4A_04716.mp4 8;12;58;114
MGZh2QYVT4A_04717.mp4 6;8;58;114
MGZh2QYVT4A_04718.mp4 1;4;6;8;12;58;114
MGZh2QYVT4A_04719.mp4 8;58;114
MQ6ggOdQz2k_06608.mp4 1;4;12;82;118
MQ6ggOdQz2k_06609.mp4 12;82;118
MQ6ggOdQz2k_06610.mp4 0;1;3;82;118
MQ6ggOdQz2k_06611.mp4 1;12;82;118
MQ6ggOdQz2k_06612.mp4 1;12;82;118
MWOuN6d29zg_06860.mp4 4;8;12;95;122
MWOuN6d29zg_06861.mp4 4;8;95;122
MWOuN6d29zg_06862.mp4 3;4;8;12;95;122
MWOuN6d29zg_06863.mp4 1;3;4;8;12;95;122
MWOuN6d29zg_06864.mp4 1;4;6;8;12;95;122
MWOuN6d29zg_06865.mp4 8;95;122
MWOuN6d29zg_06866.mp4 2;4;8;95;122
MXq13PjO-FQ_02961.mp4 1;4;8;12;95;122
MXq13PjO-FQ_02962.mp4 1;3;4;8;12;96;122
MXq13PjO-FQ_02963.mp4 3;4;8;12;95;122
MXq13PjO-FQ_02964.mp4 4;8;95;122
MXq13PjO-FQ_02965.mp4 3;4;6;8;12;95;122
MXq13PjO-FQ_02966.mp4 8;12;95;122
MXq13PjO-FQ_02967.mp4 0;3;6;8;12;95;122
MeX92Wj_7Bw_08174.mp4 1;3;62;115
MeX92Wj_7Bw_08175.mp4 62;115
MeX92Wj_7Bw_08176.mp4 3;62;115
MeX92Wj_7Bw_08177.mp4 62;115
MeX92Wj_7Bw_08178.mp4 3;61;115
MeX92Wj_7Bw_08179.mp4 1;3;4;12;62;115
MeX92Wj_7Bw_08180.mp4 1;3;12;62;115
MeX92Wj_7Bw_08181.mp4 3;62;115
MeX92Wj_7Bw_08182.mp4 66;115
MeX92Wj_7Bw_08183.mp4 66;115
MeX92Wj_7Bw_08184.mp4 3;12;65;115
MeX92Wj_7Bw_08185.mp4 1;3;4;12;65;115
MeX92Wj_7Bw_08186.mp4 3;65;115
MeX92Wj_7Bw_08187.mp4 3;66;115
MeX92Wj_7Bw_08188.mp4 3;66;115
MeX92Wj_7Bw_08189.mp4 66;115
MeX92Wj_7Bw_08190.mp4 3;65;115
MeX92Wj_7Bw_08191.mp4 66;115
MeX92Wj_7Bw_08192.mp4 3;66;115
MeX92Wj_7Bw_08193.mp4 3;66;115
MqfY0WqThYQ_15336.mp4 1;4;8;100;123
MqfY0WqThYQ_15337.mp4 4;8;100;123
MqfY0WqThYQ_15338.mp4 3;4;12;100;123
MqfY0WqThYQ_15339.mp4 4;8;100;123
MqfY0WqThYQ_15340.mp4 1;4;8;100;123
MqfY0WqThYQ_15341.mp4 4;8;99;123
MqfY0WqThYQ_15342.mp4 4;8;100;123
MqfY0WqThYQ_15343.mp4 1;3;4;103;123
MqfY0WqThYQ_15344.mp4 4;8;12;100;123
MqfY0WqThYQ_15345.mp4 1;3;4;8;100;123
MqfY0WqThYQ_15346.mp4 4;8;12;100;123
MqfY0WqThYQ_15347.mp4 4;12;100;123
MqfY0WqThYQ_15348.mp4 4;8;99;123
MqfY0WqThYQ_15349.mp4 1;4;8;99;123
MqfY0WqThYQ_15350.mp4 0;1;3;4;8;12;99;123
MqfY0WqThYQ_15351.mp4 1;4;12;103;123
MqfY0WqThYQ_15352.mp4 4;8;103;123
MqfY0WqThYQ_15353.mp4 3;4;12;99;123
MqfY0WqThYQ_15354.mp4 3;4;8;103;123
MqfY0WqThYQ_15355.mp4 1;4;8;99;123
MqfY0WqThYQ_15356.mp4 1;4;12;103;123
MqfY0WqThYQ_15357.mp4 1;3;4;12;99;123
MqfY0WqThYQ_15358.mp4 4;8;12;99;123
MqfY0WqThYQ_15359.mp4 1;4;8;103;123
MqfY0WqThYQ_15360.mp4 4;8;12;103;123
MqfY0WqThYQ_15361.mp4 1;4;12;103;123
MqfY0WqThYQ_15362.mp4 1;4;8;12;99;123
MqfY0WqThYQ_15363.mp4 1;3;4;8;103;123
MqfY0WqThYQ_15364.mp4 4;12;99;123
MqfY0WqThYQ_15365.mp4 3;4;8;103;123
Mr3HnKfWh_g_05923.mp4 1;3;4;89;120
Mr3HnKfWh_g_05924.mp4 1;3;4;90;120
Mr3HnKfWh_g_05925.mp4 1;3;4;12;88;120
Mr3HnKfWh_g_05926.mp4 1;3;4;8;87;120
MsxmLrkx2Og_12459.mp4 1;3;48;111
MsxmLrkx2Og_12460.mp4 1;3;48;111
MsxmLrkx2Og_12461.mp4 3;48;111
Mtlr9C7dI7s_10657.mp4 3;51;112
Mtlr9C7dI7s_10658.mp4 1;3;51;112
Mtlr9C7dI7s_10659.mp4 1;3;50;112
Mtlr9C7dI7s_10660.mp4 1;3;51;112
Mtlr9C7dI7s_10661.mp4 1;3;51;112
Mtlr9C7dI7s_10662.mp4 3;51;112
Mtlr9C7dI7s_10663.mp4 3;51;112
Mtlr9C7dI7s_10664.mp4 3;12;51;112
Mtlr9C7dI7s_10665.mp4 1;3;51;112
Mtlr9C7dI7s_10666.mp4 1;3;4;51;112
MvDqulw8V3s_04559.mp4 1;3;4;6;8;59;114
MvDqulw8V3s_04560.mp4 3;4;6;8;58;114
MvDqulw8V3s_04561.mp4 1;4;8;12;59;114
MvDqulw8V3s_04562.mp4 3;6;8;12;58;114
MvDqulw8V3s_04563.mp4 1;3;4;8;12;59;114
MvDqulw8V3s_04564.mp4 3;4;8;12;59;114
MvDqulw8V3s_04565.mp4 3;4;6;8;12;59;114
MvDqulw8V3s_04566.mp4 3;4;6;8;58;114
MvDqulw8V3s_04567.mp4 3;4;6;8;12;58;114
MvDqulw8V3s_04568.mp4 1;4;6;8;59;114
MvDqulw8V3s_04569.mp4 3;6;8;59;114
MvDqulw8V3s_04570.mp4 6;8;59;114
MvDqulw8V3s_04571.mp4 4;6;8;12;59;114
MvDqulw8V3s_04572.mp4 4;6;8;59;114
MxECcph9Yj8_04990.mp4 3;5;14;104
MxECcph9Yj8_04991.mp4 1;3;14;104
MxECcph9Yj8_04992.mp4 1;3;14;104
MxECcph9Yj8_04993.mp4 3;5;14;104
MxECcph9Yj8_04994.mp4 1;3;4;5;12;13;104
MxECcph9Yj8_04995.mp4 3;14;104
MxECcph9Yj8_04996.mp4 1;4;5;12;13;104
MxECcph9Yj8_04997.mp4 3;5;14;104
MxECcph9Yj8_04998.mp4 1;3;5;12;13;104
MxECcph9Yj8_04999.mp4 1;3;5;14;104
MxECcph9Yj8_05000.mp4 3;14;104
MxECcph9Yj8_05001.mp4 1;3;4;14;104
N7mxN3Xtqb0_04797.mp4 1;4;8;59;114
N7mxN3Xtqb0_04798.mp4 3;4;8;12;59;114
N7mxN3Xtqb0_04799.mp4 4;6;8;59;114
N7mxN3Xtqb0_04800.mp4 3;4;8;12;59;114
N7mxN3Xtqb0_04801.mp4 3;4;8;12;59;114
N7mxN3Xtqb0_04802.mp4 4;6;8;12;59;114
N7mxN3Xtqb0_04803.mp4 4;8;12;59;114
N7mxN3Xtqb0_04804.mp4 1;3;4;8;12;59;114
N7mxN3Xtqb0_04805.mp4 3;4;8;59;114
N7mxN3Xtqb0_04806.mp4 2;8;12;59;114
N7mxN3Xtqb0_04807.mp4 3;8;12;58;114
N7mxN3Xtqb0_04808.mp4 8;12;58;114
N7mxN3Xtqb0_04809.mp4 4;6;8;9;58;114
N7mxN3Xtqb0_04810.mp4 3;4;6;8;12;58;114
N7mxN3Xtqb0_04811.mp4 3;6;8;12;58;114
N7mxN3Xtqb0_04812.mp4 1;3;4;6;8;12;58;114
N7mxN3Xtqb0_04813.mp4 6;8;58;114
N7mxN3Xtqb0_04814.mp4 3;4;8;12;58;114
NCFQ_JYRD4o_03311.mp4 1;4;12;33;108
NCFQ_JYRD4o_03312.mp4 1;8;12;31;108
NCFQ_JYRD4o_03313.mp4 1;4;33;108
NCFQ_JYRD4o_03314.mp4 1;4;12;31;108
NCnLtn5RR-s_07250.mp4 4;8;12;95;122
NCnLtn5RR-s_07251.mp4 1;2;4;8;12;95;122
NCnLtn5RR-s_07252.mp4 3;4;8;12;96;122
NCnLtn5RR-s_07253.mp4 3;4;8;12;95;122
NCnLtn5RR-s_07254.mp4 3;4;8;12;96;122
NCnLtn5RR-s_07255.mp4 4;8;96;122
NCnLtn5RR-s_07256.mp4 4;8;95;122
NCnLtn5RR-s_07257.mp4 4;6;8;11;12;95;122
NCnLtn5RR-s_07258.mp4 4;8;95;122
NCnLtn5RR-s_07259.mp4 3;4;8;95;122
NCnLtn5RR-s_07260.mp4 1;4;8;12;96;122
NCnLtn5RR-s_07261.mp4 4;8;95;122
NCnLtn5RR-s_07262.mp4 4;8;95;122
NG7E1OKqpIk_04202.mp4 2;75;117
NG7E1OKqpIk_04203.mp4 78;117
NG7E1OKqpIk_04204.mp4 74;117
NISPRTURy5E_07130.mp4 3;4;8;95;122
NISPRTURy5E_07131.mp4 3;4;95;122
NISPRTURy5E_07132.mp4 8;95;122
NISPRTURy5E_07133.mp4 4;8;95;122
NISPRTURy5E_07134.mp4 4;8;95;122
NISPRTURy5E_07135.mp4 4;8;95;122
NISPRTURy5E_07136.mp4 4;8;12;95;122
NISPRTURy5E_07137.mp4 3;4;8;12;95;122
NISPRTURy5E_07138.mp4 1;4;6;8;12;96;122
NISPRTURy5E_07139.mp4 4;8;12;95;122
NISPRTURy5E_07140.mp4 3;4;12;98;122
NISPRTURy5E_07141.mp4 2;3;4;6;8;10;12;97;122
NISPRTURy5E_07142.mp4 8;96;122
NISPRTURy5E_07143.mp4 3;4;8;96;122
NISPRTURy5E_07144.mp4 1;8;96;122
NISPRTURy5E_07145.mp4 4;8;12;97;122
NISPRTURy5E_07146.mp4 3;4;8;12;95;122
NISPRTURy5E_07147.mp4 3;4;8;12;97;122
NISPRTURy5E_07148.mp4 4;8;97;122
NO41Z4w0MRg_03908.mp4 12;92;121
NO41Z4w0MRg_03909.mp4 1;3;12;92;121
NO41Z4w0MRg_03910.mp4 92;121
NO41Z4w0MRg_03911.mp4 94;121
NO41Z4w0MRg_03912.mp4 1;3;4;94;121
NO41Z4w0MRg_03913.mp4 1;3;4;12;94;121
NO41Z4w0MRg_03914.mp4 12;92;121
NO41Z4w0MRg_03915.mp4 3;94;121
NO41Z4w0MRg_03916.mp4 1;3;12;94;121
NO41Z4w0MRg_03917.mp4 3;94;121
NO41Z4w0MRg_03918.mp4 1;3;4;94;121
NO41Z4w0MRg_03919.mp4 1;3;4;94;121
NO41Z4w0MRg_03920.mp4 3;94;121
NQxQk-cKEK0_05587.mp4 1;3;51;112
NQxQk-cKEK0_05588.mp4 3;51;112
NQxQk-cKEK0_05589.mp4 1;3;51;112
NQxQk-cKEK0_05590.mp4 1;3;4;51;112
NQxQk-cKEK0_05591.mp4 3;51;112
NR2igYf7fPQ_02359.mp4 3;4;8;25;106
NR2igYf7fPQ_02360.mp4 4;6;8;12;22;106
NR2igYf7fPQ_02361.mp4 1;3;4;6;8;12;25;106
NR2igYf7fPQ_02362.mp4 1;12;24;106
NR2igYf7fPQ_02363.mp4 3;4;6;8;12;22;106
NR2igYf7fPQ_02364.mp4 3;4;6;8;12;22;106
NR2igYf7fPQ_02365.mp4 3;4;6;8;12;25;106
NR2igYf7fPQ_02366.mp4 3;4;6;8;22;106
NR2igYf7fPQ_02367.mp4 3;4;6;8;12;22;106
NR2igYf7fPQ_02368.mp4 3;4;8;12;25;106
NR2igYf7fPQ_02369.mp4 3;4;6;8;12;25;106
NR2igYf7fPQ_02370.mp4 3;4;6;8;12;25;106
NR2igYf7fPQ_02371.mp4 1;4;6;8;25;106
NR2igYf7fPQ_02372.mp4 1;3;4;6;8;12;25;106
NR2igYf7fPQ_02373.mp4 3;4;6;12;25;106
NR2igYf7fPQ_02374.mp4 3;4;8;12;25;106
NR2igYf7fPQ_02375.mp4 3;4;8;12;22;106
NR2igYf7fPQ_02376.mp4 3;4;6;8;12;22;106
NR2igYf7fPQ_02377.mp4 4;6;8;12;22;106
NR2igYf7fPQ_02379.mp4 4;8;12;22;106
NR2igYf7fPQ_02380.mp4 4;6;8;22;106
NYmgotQZE54_00217.mp4 1;3;4;80;118
NYmgotQZE54_00218.mp4 0;1;4;80;118
NYmgotQZE54_00219.mp4 3;4;79;118
NYmgotQZE54_00220.mp4 3;4;80;118
NYmgotQZE54_00221.mp4 3;4;79;118
NcZemue8hm4_08752.mp4 1;3;12;62;115
NcZemue8hm4_08753.mp4 3;4;12;62;115
NcZemue8hm4_08754.mp4 3;4;12;62;115
NcZemue8hm4_08755.mp4 12;61;115
NcZemue8hm4_08756.mp4 3;61;115
NcZemue8hm4_08757.mp4 1;3;62;115
NcZemue8hm4_08758.mp4 1;3;12;62;115
NcZemue8hm4_08759.mp4 3;62;115
NcZemue8hm4_08760.mp4 12;64;115
NcZemue8hm4_08761.mp4 3;62;115
NcZemue8hm4_08762.mp4 1;3;62;115
NcZemue8hm4_08763.mp4 1;3;4;12;62;115
NcZemue8hm4_08764.mp4 1;3;12;62;115
Nj8XNBZZsxY_11133.mp4 1;3;4;12;103;123
Nj8XNBZZsxY_11134.mp4 1;4;8;102;123
Nj8XNBZZsxY_11135.mp4 1;12;102;123
Nj8XNBZZsxY_11136.mp4 0;3;4;12;103;123
Nj8XNBZZsxY_11137.mp4 0;3;4;12;103;123
Nj8XNBZZsxY_11138.mp4 0;4;12;103;123
Nj8XNBZZsxY_11139.mp4 3;4;12;102;123
Nj8XNBZZsxY_11140.mp4 3;4;8;102;123
Nj8XNBZZsxY_11141.mp4 1;3;4;8;102;123
Nj8XNBZZsxY_11142.mp4 1;3;4;12;102;123
Nj8XNBZZsxY_11143.mp4 1;3;4;12;102;123
Nj8XNBZZsxY_11144.mp4 1;4;8;102;123
Nj8XNBZZsxY_11145.mp4 1;4;8;102;123
Nj8XNBZZsxY_11146.mp4 1;4;8;102;123
NkbM4AsZh3Q_08724.mp4 3;12;65;115
NkbM4AsZh3Q_08725.mp4 3;65;115
NkbM4AsZh3Q_08726.mp4 1;3;12;65;115
NkbM4AsZh3Q_08727.mp4 1;3;4;12;66;115
NkbM4AsZh3Q_08728.mp4 1;3;4;12;66;115
NkbM4AsZh3Q_08729.mp4 1;3;65;115
NkbM4AsZh3Q_08730.mp4 1;4;12;66;115
NkbM4AsZh3Q_08731.mp4 1;3;4;12;66;115
NkbM4AsZh3Q_08732.mp4 1;3;4;12;65;115
NkbM4AsZh3Q_08733.mp4 1;4;12;66;115
NkbM4AsZh3Q_08734.mp4 1;4;12;66;115
NkbM4AsZh3Q_08735.mp4 1;3;4;66;115
NkbM4AsZh3Q_08736.mp4 1;3;4;65;115
NkbM4AsZh3Q_08737.mp4 1;3;65;115
Ns0sWp5tYWo_05592.mp4 1;3;50;112
Ns0sWp5tYWo_05593.mp4 3;49;112
Ns0sWp5tYWo_05594.mp4 1;3;12;53;112
Nu4lKx-zAvs_04859.mp4 3;5;12;13;104
Nu4lKx-zAvs_04860.mp4 1;3;5;12;15;104
Nu4lKx-zAvs_04861.mp4 3;14;104
Nwel6QF3Cxs_12612.mp4 1;3;90;120
Nwel6QF3Cxs_12613.mp4 1;3;90;120
Nwel6QF3Cxs_12614.mp4 3;90;120
Nwel6QF3Cxs_12615.mp4 1;3;90;120
Nwel6QF3Cxs_12616.mp4 1;3;4;89;120
Nwel6QF3Cxs_12617.mp4 1;3;90;120
Nwel6QF3Cxs_12618.mp4 1;3;90;120
Nwel6QF3Cxs_12619.mp4 1;3;89;120
Nwel6QF3Cxs_12620.mp4 1;3;90;120
Nwel6QF3Cxs_12621.mp4 1;3;90;120
Nwel6QF3Cxs_12622.mp4 3;90;120
Nwel6QF3Cxs_12623.mp4 1;3;4;12;88;120
Nwel6QF3Cxs_12624.mp4 3;90;120
Nwel6QF3Cxs_12625.mp4 1;3;89;120
Nwel6QF3Cxs_12626.mp4 1;3;4;12;88;120
Nwel6QF3Cxs_12627.mp4 3;90;120
Nwel6QF3Cxs_12628.mp4 1;3;4;12;88;120
Nwel6QF3Cxs_12629.mp4 3;4;12;88;120
Nwel6QF3Cxs_12630.mp4 3;4;89;120
Nwel6QF3Cxs_12631.mp4 1;3;89;120
Nwel6QF3Cxs_12632.mp4 1;3;4;12;89;120
Nwmi6XdCVPA_00168.mp4 1;3;4;12;94;121
Nwmi6XdCVPA_00170.mp4 1;3;4;12;94;121
Nwmi6XdCVPA_00171.mp4 1;3;4;12;94;121
Nwmi6XdCVPA_00172.mp4 1;3;4;94;121
O-H7DA2fEec_14287.mp4 4;8;12;102;123
O-H7DA2fEec_14288.mp4 1;4;8;12;102;123
O-H7DA2fEec_14289.mp4 3;4;102;123
OBVqxwggZ3U_00213.mp4 1;4;12;80;118
OBVqxwggZ3U_00214.mp4 4;79;118
OD9eNEiS2_s_05963.mp4 3;65;115
OD9eNEiS2_s_05964.mp4 3;65;115
OD9eNEiS2_s_05965.mp4 3;12;65;115
OD9eNEiS2_s_05966.mp4 3;65;115
OD9eNEiS2_s_05967.mp4 3;65;115
OD9eNEiS2_s_05968.mp4 3;65;115
OD9eNEiS2_s_05969.mp4 3;65;115
OD9eNEiS2_s_05970.mp4 3;65;115
OD9eNEiS2_s_05971.mp4 3;65;115
OD9eNEiS2_s_05972.mp4 3;65;115
OD9eNEiS2_s_05973.mp4 3;68;115
OD9eNEiS2_s_05974.mp4 3;4;68;115
OGJzAcPyHJM_10788.mp4 1;3;51;112
OGJzAcPyHJM_10789.mp4 3;51;112
ONuCfzGCE8w_00046.mp4 1;12;33;108
ONuCfzGCE8w_00047.mp4 8;31;108
OS0XWoTkjCA_04495.mp4 4;9;12;59;114
OS0XWoTkjCA_04496.mp4 4;8;12;59;114
OS0XWoTkjCA_04497.mp4 4;6;8;12;59;114
OS0XWoTkjCA_04498.mp4 3;4;6;8;12;59;114
OS0XWoTkjCA_04499.mp4 3;4;6;8;12;59;114
OS0XWoTkjCA_04500.mp4 4;6;8;12;59;114
OUptxK_36TM_00505.mp4 3;50;112
OUptxK_36TM_00506.mp4 3;50;112
OUptxK_36TM_00507.mp4 3;12;50;112
OUptxK_36TM_00508.mp4 3;50;112
OUptxK_36TM_00509.mp4 1;3;12;53;112
OUptxK_36TM_00510.mp4 1;3;12;50;112
OUptxK_36TM_00512.mp4 3;53;112
OZ68-sV7QZk_14083.mp4 1;4;84;119
OZ68-sV7QZk_14084.mp4 1;4;84;119
OZ68-sV7QZk_14085.mp4 1;84;119
OZ68-sV7QZk_14086.mp4 1;84;119
Oeml6UdpFvk_11030.mp4 30;107
Oeml6UdpFvk_11031.mp4 30;107
Oeml6UdpFvk_11032.mp4 30;107
Oeml6UdpFvk_11033.mp4 30;107
Ol-bem_bdro_01104.mp4 4;6;8;25;106
Ol-bem_bdro_01105.mp4 3;4;22;106
Ol-bem_bdro_01106.mp4 1;2;3;4;10;22;106
Ol-bem_bdro_01107.mp4 3;4;6;22;106
Ol-bem_bdro_01108.mp4 2;3;4;12;22;106
Ol-bem_bdro_01109.mp4 3;4;8;12;25;106
Ol-bem_bdro_01110.mp4 6;8;12;25;106
Ol-bem_bdro_01111.mp4 3;4;6;8;12;22;106
Ol-bem_bdro_01112.mp4 3;4;8;22;106
Ol-bem_bdro_01113.mp4 3;4;12;22;106
Ol-bem_bdro_01114.mp4 3;4;6;8;12;22;106
Ol-bem_bdro_01115.mp4 3;4;8;12;22;106
Ol-bem_bdro_01116.mp4 2;3;4;6;10;12;22;106
Ol1O-rnoFoo_00102.mp4 0;1;3;4;11;12;94;121
Ol1O-rnoFoo_00103.mp4 1;3;4;94;121
Ol1O-rnoFoo_00104.mp4 3;4;94;121
Ol1O-rnoFoo_00105.mp4 1;3;4;12;94;121
Ol1O-rnoFoo_00106.mp4 1;3;4;12;94;121
Ol1O-rnoFoo_00107.mp4 0;1;3;4;94;121
Ol1O-rnoFoo_00108.mp4 0;94;121
OntHJBepEkk_15813.mp4 3;37;109
OntHJBepEkk_15814.mp4 0;3;4;12;37;109
OntHJBepEkk_15815.mp4 0;1;3;4;8;37;109
OntHJBepEkk_15816.mp4 1;3;4;12;35;109
OntHJBepEkk_15817.mp4 3;12;36;109
OntHJBepEkk_15818.mp4 35;109
OntHJBepEkk_15819.mp4 0;1;2;3;4;35;109
OntHJBepEkk_15820.mp4 1;2;3;4;8;12;35;109
Oqp9sKzYUZU_14348.mp4 1;4;8;100;123
Oqp9sKzYUZU_14349.mp4 4;8;102;123
Oqp9sKzYUZU_14350.mp4 1;4;8;103;123
Oqp9sKzYUZU_14351.mp4 1;4;8;100;123
Oqp9sKzYUZU_14352.mp4 1;4;8;103;123
Oqp9sKzYUZU_14353.mp4 4;8;100;123
Oqp9sKzYUZU_14354.mp4 4;8;102;123
Oqp9sKzYUZU_14355.mp4 1;4;8;103;123
Oqp9sKzYUZU_14356.mp4 1;3;4;8;100;123
Oqp9sKzYUZU_14357.mp4 1;4;8;103;123
Oqp9sKzYUZU_14358.mp4 1;12;101;123
Oqp9sKzYUZU_14359.mp4 1;3;4;8;100;123
Oqp9sKzYUZU_14360.mp4 1;4;8;103;123
Oqp9sKzYUZU_14361.mp4 3;4;8;100;123
Oqp9sKzYUZU_14362.mp4 4;12;102;123
Oqp9sKzYUZU_14363.mp4 1;3;4;103;123
Oqp9sKzYUZU_14364.mp4 1;4;8;100;123
Oqp9sKzYUZU_14365.mp4 4;8;100;123
Oqp9sKzYUZU_14366.mp4 4;8;12;102;123
Oqp9sKzYUZU_14367.mp4 4;8;103;123
Oww65QJ7ix8_11777.mp4 1;4;48;111
Oww65QJ7ix8_11778.mp4 1;48;111
Oww65QJ7ix8_11779.mp4 48;111
Oww65QJ7ix8_11780.mp4 4;48;111
Oww65QJ7ix8_11781.mp4 47;111
Oww65QJ7ix8_11782.mp4 48;111
Oww65QJ7ix8_11783.mp4 48;111
Oww65QJ7ix8_11784.mp4 47;111
Oww65QJ7ix8_11785.mp4 1;4;48;111
Oww65QJ7ix8_11786.mp4 1;47;111
Oww65QJ7ix8_11787.mp4 1;47;111
P7G7MyRvQrc_03714.mp4 3;12;94;121
P7G7MyRvQrc_03715.mp4 1;3;4;12;94;121
P7G7MyRvQrc_03716.mp4 3;12;92;121
P7G7MyRvQrc_03717.mp4 3;12;94;121
P7G7MyRvQrc_03718.mp4 1;3;12;94;121
P7z3ylDKFeY_11906.mp4 0;1;2;3;4;7;69;116
P7z3ylDKFeY_11907.mp4 69;116
P7z3ylDKFeY_11908.mp4 1;69;116
P7z3ylDKFeY_11909.mp4 1;4;69;116
P7z3ylDKFeY_11910.mp4 3;71;116
P7z3ylDKFeY_11911.mp4 1;3;71;116
P7z3ylDKFeY_11912.mp4 1;12;71;116
P7z3ylDKFeY_11913.mp4 1;3;12;71;116
P83OHSaEIBk_08564.mp4 3;62;115
P83OHSaEIBk_08565.mp4 3;62;115
P83OHSaEIBk_08566.mp4 1;3;62;115
P83OHSaEIBk_08567.mp4 1;3;62;115
P83OHSaEIBk_08568.mp4 1;3;62;115
P83OHSaEIBk_08569.mp4 3;62;115
P83OHSaEIBk_08570.mp4 62;115
P83OHSaEIBk_08571.mp4 1;3;12;62;115
P83OHSaEIBk_08572.mp4 3;63;115
P83OHSaEIBk_08573.mp4 61;115
P83OHSaEIBk_08574.mp4 61;115
P83OHSaEIBk_08575.mp4 3;63;115
P83OHSaEIBk_08576.mp4 61;115
P83OHSaEIBk_08577.mp4 1;3;4;63;115
P83OHSaEIBk_08578.mp4 3;61;115
P83OHSaEIBk_08579.mp4 3;63;115
P83OHSaEIBk_08580.mp4 3;61;115
P83OHSaEIBk_08581.mp4 66;115
P83OHSaEIBk_08582.mp4 3;66;115
P83OHSaEIBk_08583.mp4 3;66;115
P83OHSaEIBk_08584.mp4 66;115
P83OHSaEIBk_08585.mp4 3;66;115
P83OHSaEIBk_08586.mp4 66;115
P83OHSaEIBk_08587.mp4 1;3;4;63;115
P83OHSaEIBk_08588.mp4 12;61;115
P83OHSaEIBk_08589.mp4 1;3;63;115
P83OHSaEIBk_08590.mp4 3;63;115
P90aXjVHeho_12875.mp4 12;82;118
P90aXjVHeho_12876.mp4 1;2;4;12;82;118
P90aXjVHeho_12877.mp4 3;12;82;118
P90aXjVHeho_12878.mp4 12;82;118
P98PU-5JvoA_09677.mp4 3;4;6;8;12;25;106
P98PU-5JvoA_09678.mp4 3;4;6;8;12;25;106
P98PU-5JvoA_09679.mp4 1;3;4;8;25;106
P98PU-5JvoA_09680.mp4 1;4;6;8;12;25;106
P98PU-5JvoA_09681.mp4 12;24;106
P98PU-5JvoA_09682.mp4 4;6;8;25;106
P98PU-5JvoA_09683.mp4 1;4;6;8;12;25;106
P98PU-5JvoA_09684.mp4 3;4;6;8;12;25;106
P98PU-5JvoA_09685.mp4 3;4;6;8;12;25;106
P98PU-5JvoA_09686.mp4 4;6;8;22;106
PJqe4wHNm7c_05766.mp4 1;3;12;50;112
PJqe4wHNm7c_05767.mp4 1;3;4;12;50;112
PJqe4wHNm7c_05768.mp4 3;4;51;112
PML7wJkXFq8_03338.mp4 1;3;4;12;55;113
PML7wJkXFq8_03339.mp4 1;3;4;9;12;54;113
PML7wJkXFq8_03340.mp4 0;1;3;4;12;54;113
PU_IGbSfpHM_00574.mp4 1;12;31;108
PU_IGbSfpHM_00575.mp4 3;12;31;108
PU_IGbSfpHM_00576.mp4 1;12;31;108
PeIqXgaoSNM_15672.mp4 0;3;4;35;109
PeIqXgaoSNM_15673.mp4 1;2;4;35;109
PfCsqTtKIGU_03103.mp4 74;117
PfCsqTtKIGU_03104.mp4 74;117
PfCsqTtKIGU_03105.mp4 74;117
PpVTV4iDRNU_13987.mp4 1;86;119
PpVTV4iDRNU_13989.mp4 1;86;119
PpVTV4iDRNU_13990.mp4 1;83;119
PpVTV4iDRNU_13991.mp4 1;4;83;119
PpVTV4iDRNU_13992.mp4 1;86;119
PpVTV4iDRNU_13993.mp4 1;4;83;119
PpVTV4iDRNU_13994.mp4 1;86;119
PpVTV4iDRNU_13995.mp4 1;83;119
PpVTV4iDRNU_13996.mp4 1;83;119
PpVTV4iDRNU_13997.mp4 4;86;119
PpVTV4iDRNU_13998.mp4 1;83;119
PpVTV4iDRNU_13999.mp4 1;86;119
PpVTV4iDRNU_14000.mp4 1;83;119
PpVTV4iDRNU_14001.mp4 1;86;119
PpVTV4iDRNU_14002.mp4 1;83;119
PpVTV4iDRNU_14003.mp4 1;86;119
PpVTV4iDRNU_14004.mp4 1;83;119
PpVTV4iDRNU_14005.mp4 1;3;4;85;119
PpVTV4iDRNU_14006.mp4 1;86;119
PpVTV4iDRNU_14007.mp4 1;86;119
Ppjq5LIuDN0_09629.mp4 1;3;89;120
Ppjq5LIuDN0_09630.mp4 1;3;4;12;90;120
Ppjq5LIuDN0_09631.mp4 1;3;4;12;89;120
Ppjq5LIuDN0_09632.mp4 3;90;120
Ppjq5LIuDN0_09633.mp4 3;89;120
Ppjq5LIuDN0_09634.mp4 1;3;90;120
Ppjq5LIuDN0_09635.mp4 3;90;120
Ppjq5LIuDN0_09636.mp4 1;3;89;120
PqVrh4hM7wg_05043.mp4 1;3;16;104
PqVrh4hM7wg_05044.mp4 1;3;4;12;13;104
PqVrh4hM7wg_05045.mp4 1;3;4;12;15;104
PqVrh4hM7wg_05046.mp4 1;3;12;14;104
PqVrh4hM7wg_05047.mp4 1;3;14;104
PqVrh4hM7wg_05048.mp4 3;14;104
PqVrh4hM7wg_05049.mp4 3;14;104
PqVrh4hM7wg_05050.mp4 3;14;104
PxL9SRHXbng_07794.mp4 1;3;4;12;43;110
PxL9SRHXbng_07795.mp4 1;4;12;43;110
Pzggh3QdMlI_09770.mp4 1;3;4;8;12;55;113
Pzggh3QdMlI_09771.mp4 1;3;4;12;54;113
Pzggh3QdMlI_09772.mp4 12;56;113
Pzggh3QdMlI_09773.mp4 4;12;56;113
QBZ4ZMVtXIA_08738.mp4 3;61;115
QBZ4ZMVtXIA_08739.mp4 1;3;61;115
QBZ4ZMVtXIA_08740.mp4 3;61;115
QBZ4ZMVtXIA_08741.mp4 12;61;115
QBZ4ZMVtXIA_08742.mp4 12;61;115
QBZ4ZMVtXIA_08743.mp4 3;63;115
QBZ4ZMVtXIA_08744.mp4 3;12;61;115
QBZ4ZMVtXIA_08745.mp4 3;12;63;115
QBZ4ZMVtXIA_08746.mp4 1;3;4;63;115
QBZ4ZMVtXIA_08747.mp4 3;12;61;115
QBZ4ZMVtXIA_08748.mp4 3;63;115
QBZ4ZMVtXIA_08749.mp4 3;63;115
QBZ4ZMVtXIA_08750.mp4 61;115
QBZ4ZMVtXIA_08751.mp4 1;3;63;115
QC8ObYHIDJk_09868.mp4 3;12;56;113
QC8ObYHIDJk_09869.mp4 1;3;4;12;54;113
QF5z54oKsug_12128.mp4 0;1;2;3;4;9;10;12;69;116
QF5z54oKsug_12129.mp4 0;1;2;3;4;9;11;12;69;116
QF5z54oKsug_12130.mp4 0;1;2;3;4;12;69;116
QF5z54oKsug_12131.mp4 1;2;3;69;116
QF5z54oKsug_12132.mp4 0;1;3;12;69;116
QF5z54oKsug_12133.mp4 1;2;3;69;116
QNOYwn52y_M_07712.mp4 1;3;4;12;40;110
QNOYwn52y_M_07713.mp4 1;3;44;110
QNOYwn52y_M_07714.mp4 1;3;12;43;110
QNOYwn52y_M_07715.mp4 1;3;4;43;110
QNOYwn52y_M_07716.mp4 1;3;4;12;43;110
QRtJnFvKimY_06953.mp4 3;4;8;12;96;122
QRtJnFvKimY_06954.mp4 4;8;96;122
QRtJnFvKimY_06955.mp4 3;4;8;12;97;122
QRtJnFvKimY_06956.mp4 1;2;3;4;8;95;122
QRtJnFvKimY_06957.mp4 1;3;4;8;12;96;122
QRtJnFvKimY_06958.mp4 1;4;8;12;96;122
QRtJnFvKimY_06959.mp4 3;4;8;12;95;122
QRtJnFvKimY_06960.mp4 8;12;96;122
QRtJnFvKimY_06961.mp4 0;3;4;8;12;95;122
QRtJnFvKimY_06962.mp4 4;8;96;122
QRtJnFvKimY_06963.mp4 1;8;96;122
QRtJnFvKimY_06964.mp4 4;8;12;95;122
QTrHES9Flwo_08814.mp4 61;115
QTrHES9Flwo_08815.mp4 3;62;115
QTrHES9Flwo_08816.mp4 62;115
QTrHES9Flwo_08817.mp4 3;62;115
QTrHES9Flwo_08818.mp4 62;115
QTrHES9Flwo_08819.mp4 62;115
QTrHES9Flwo_08820.mp4 3;61;115
QTrHES9Flwo_08821.mp4 62;115
QTrHES9Flwo_08822.mp4 3;62;115
QTrHES9Flwo_08823.mp4 3;62;115
QTrHES9Flwo_08824.mp4 62;115
QTrHES9Flwo_08825.mp4 62;115
QTrHES9Flwo_08826.mp4 3;63;115
QTrHES9Flwo_08827.mp4 66;115
QTrHES9Flwo_08828.mp4 66;115
QTrHES9Flwo_08829.mp4 66;115
QTrHES9Flwo_08830.mp4 1;3;64;115
QTrHES9Flwo_08831.mp4 66;115
QTrHES9Flwo_08832.mp4 1;68;115
QTrHES9Flwo_08833.mp4 1;3;4;60;115
QTrHES9Flwo_08834.mp4 1;68;115
QTrHES9Flwo_08835.mp4 1;4;60;115
QTrHES9Flwo_08836.mp4 3;12;65;115
QTrHES9Flwo_08837.mp4 3;64;115
QWtFe_CXe8I_06918.mp4 4;8;95;122
QWtFe_CXe8I_06919.mp4 3;4;6;8;12;95;122
QWtFe_CXe8I_06920.mp4 1;2;3;4;8;12;98;122
QYmyO3S72a4_12342.mp4 1;29;107
QYmyO3S72a4_12343.mp4 27;107
QYmyO3S72a4_12344.mp4 27;107
QYmyO3S72a4_12345.mp4 26;107
QYmyO3S72a4_12346.mp4 1;26;107
QYmyO3S72a4_12347.mp4 1;26;107
QYmyO3S72a4_12348.mp4 26;107
QYmyO3S72a4_12349.mp4 26;107
QYmyO3S72a4_12350.mp4 26;107
QYmyO3S72a4_12351.mp4 1;26;107
QYmyO3S72a4_12352.mp4 1;27;107
QYmyO3S72a4_12353.mp4 26;107
QlqfrjGwIWM_06460.mp4 1;19;105
QlqfrjGwIWM_06461.mp4 1;18;105
QlqfrjGwIWM_06462.mp4 1;18;105
QlqfrjGwIWM_06463.mp4 1;4;19;105
QlqfrjGwIWM_06464.mp4 1;18;105
QlqfrjGwIWM_06465.mp4 18;105
QlqfrjGwIWM_06466.mp4 18;105
QrAklm_Oks8_05800.mp4 4;12;31;108
QrAklm_Oks8_05801.mp4 31;108
QvVOEdfEKvE_02970.mp4 1;3;4;89;120
QvVOEdfEKvE_02971.mp4 1;3;90;120
QvVOEdfEKvE_02972.mp4 3;90;120
QvVOEdfEKvE_02973.mp4 1;3;4;12;90;120
QvVOEdfEKvE_02974.mp4 3;89;120
QvVOEdfEKvE_02975.mp4 1;3;89;120
QvVOEdfEKvE_02976.mp4 1;3;90;120
QvVOEdfEKvE_02977.mp4 1;3;89;120
QvVOEdfEKvE_02978.mp4 1;3;89;120
QvVOEdfEKvE_02979.mp4 1;3;89;120
QvVOEdfEKvE_02980.mp4 1;3;90;120
QvVOEdfEKvE_02981.mp4 1;3;90;120
QvVOEdfEKvE_02982.mp4 1;3;4;90;120
QvVOEdfEKvE_02983.mp4 1;3;89;120
QvVOEdfEKvE_02984.mp4 1;3;90;120
QvVOEdfEKvE_02985.mp4 3;90;120
QvVOEdfEKvE_02986.mp4 1;3;90;120
QvVOEdfEKvE_02987.mp4 1;3;89;120
QvVOEdfEKvE_02988.mp4 1;3;4;89;120
QvVOEdfEKvE_02989.mp4 1;3;4;89;120
QxGVgXf_LNk_11737.mp4 1;3;4;48;111
QxGVgXf_LNk_11738.mp4 3;47;111
QxGVgXf_LNk_11739.mp4 3;4;48;111
QxGVgXf_LNk_11740.mp4 47;111
QxGVgXf_LNk_11741.mp4 47;111
QxGVgXf_LNk_11742.mp4 3;47;111
QxGVgXf_LNk_11743.mp4 3;47;111
QxGVgXf_LNk_11744.mp4 1;3;47;111
QxGVgXf_LNk_11745.mp4 1;4;48;111
QxGVgXf_LNk_11746.mp4 3;47;111
R27_OIjwJvg_07855.mp4 1;3;43;110
R27_OIjwJvg_07856.mp4 1;3;4;43;110
R27_OIjwJvg_07857.mp4 1;3;12;43;110
R27_OIjwJvg_07858.mp4 1;3;4;12;43;110
R27_OIjwJvg_07859.mp4 1;3;43;110
R27_OIjwJvg_07860.mp4 38;110
R27_OIjwJvg_07861.mp4 1;3;4;43;110
R27_OIjwJvg_07862.mp4 43;110
R490Ar-XlrQ_11532.mp4 1;3;90;120
R490Ar-XlrQ_11533.mp4 1;3;89;120
R490Ar-XlrQ_11534.mp4 1;3;90;120
R490Ar-XlrQ_11535.mp4 3;89;120
R490Ar-XlrQ_11536.mp4 1;3;12;90;120
R490Ar-XlrQ_11537.mp4 1;3;12;90;120
R490Ar-XlrQ_11538.mp4 1;3;12;90;120
R490Ar-XlrQ_11539.mp4 1;3;4;12;87;120
R490Ar-XlrQ_11540.mp4 1;12;90;120
R490Ar-XlrQ_11541.mp4 1;3;12;90;120
R490Ar-XlrQ_11542.mp4 1;3;90;120
R490Ar-XlrQ_11543.mp4 1;3;90;120
R490Ar-XlrQ_11544.mp4 1;3;12;90;120
R5Y1mHxfnA8_05213.mp4 1;12;13;104
R5Y1mHxfnA8_05214.mp4 12;15;104
R5jd4SDEcsA_04142.mp4 1;3;78;117
R5jd4SDEcsA_04143.mp4 1;3;74;117
R5jd4SDEcsA_04144.mp4 1;3;76;117
RAFDivdruEM_11245.mp4 3;4;8;12;25;106
RAFDivdruEM_11247.mp4 8;12;24;106
RAFDivdruEM_11248.mp4 1;3;4;6;8;12;25;106
RAFDivdruEM_11249.mp4 4;6;8;12;25;106
RAFDivdruEM_11250.mp4 4;8;22;106
RAFDivdruEM_11251.mp4 3;4;6;8;12;25;106
RAFDivdruEM_11252.mp4 3;4;6;8;12;22;106
RAFDivdruEM_11253.mp4 6;8;23;106
RAFDivdruEM_11254.mp4 1;4;6;8;12;25;106
RAFDivdruEM_11255.mp4 3;4;6;8;25;106
RAFDivdruEM_11256.mp4 1;4;6;8;25;106
RAFDivdruEM_11257.mp4 1;3;4;6;8;12;22;106
RAFDivdruEM_11258.mp4 1;3;4;6;8;12;22;106
RAFDivdruEM_11259.mp4 3;4;6;8;22;106
RAFDivdruEM_11260.mp4 1;3;4;6;8;12;25;106
RAFDivdruEM_11262.mp4 3;4;6;8;12;25;106
RAFDivdruEM_11263.mp4 3;4;8;22;106
RAFDivdruEM_11264.mp4 3;4;6;8;22;106
RAFDivdruEM_11265.mp4 3;4;6;8;12;22;106
RAFDivdruEM_11266.mp4 6;8;22;106
RKthtXjda6M_04446.mp4 4;8;59;114
RKthtXjda6M_04447.mp4 3;4;6;8;12;59;114
RKthtXjda6M_04448.mp4 8;12;58;114
RKthtXjda6M_04449.mp4 6;8;12;58;114
RKthtXjda6M_04450.mp4 4;8;12;59;114
RKthtXjda6M_04451.mp4 3;8;58;114
RKthtXjda6M_04452.mp4 8;12;59;114
RKthtXjda6M_04453.mp4 8;58;114
RKthtXjda6M_04454.mp4 3;4;8;12;59;114
RKthtXjda6M_04455.mp4 1;3;4;8;12;59;114
RKthtXjda6M_04456.mp4 3;4;6;8;12;59;114
RKthtXjda6M_04457.mp4 4;8;59;114
RKthtXjda6M_04458.mp4 3;4;8;59;114
RKthtXjda6M_04459.mp4 3;6;8;12;58;114
RKthtXjda6M_04460.mp4 0;3;6;8;12;58;114
RKthtXjda6M_04461.mp4 3;6;8;58;114
RKthtXjda6M_04462.mp4 8;12;58;114
RKthtXjda6M_04463.mp4 6;8;58;114
RKthtXjda6M_04464.mp4 3;4;8;12;59;114
RKthtXjda6M_04465.mp4 8;12;58;114
RZRNYGO0OI8_06347.mp4 1;3;4;78;117
RZRNYGO0OI8_06348.mp4 1;3;4;74;117
RaaAtGl9DNs_07431.mp4 4;8;95;122
RaaAtGl9DNs_07432.mp4 8;95;122
RaaAtGl9DNs_07433.mp4 2;3;4;8;12;95;122
RaaAtGl9DNs_07434.mp4 1;4;8;12;96;122
RaaAtGl9DNs_07435.mp4 0;1;3;4;8;12;96;122
RaaAtGl9DNs_07436.mp4 4;8;95;122
RaaAtGl9DNs_07437.mp4 3;4;8;95;122
RaaAtGl9DNs_07438.mp4 1;4;6;8;96;122
RaaAtGl9DNs_07439.mp4 4;8;95;122
RaaAtGl9DNs_07440.mp4 4;6;8;95;122
RaaAtGl9DNs_07441.mp4 1;4;8;96;122
RaaAtGl9DNs_07442.mp4 3;8;95;122
RaaAtGl9DNs_07443.mp4 4;8;12;97;122
RaaAtGl9DNs_07444.mp4 3;4;8;12;95;122
RaaAtGl9DNs_07445.mp4 4;8;98;122
Rcb64ovmE0I_06650.mp4 8;96;122
Rcb64ovmE0I_06651.mp4 4;6;8;12;96;122
Rcb64ovmE0I_06652.mp4 3;4;8;12;96;122
Rcb64ovmE0I_06653.mp4 4;6;8;12;96;122
Rcb64ovmE0I_06654.mp4 4;8;12;96;122
Rcb64ovmE0I_06655.mp4 1;3;4;8;12;95;122
Rcb64ovmE0I_06656.mp4 0;4;8;12;96;122
Rcb64ovmE0I_06657.mp4 4;8;12;96;122
Rcb64ovmE0I_06658.mp4 4;8;95;122
Rcb64ovmE0I_06659.mp4 1;4;8;12;96;122
Rcb64ovmE0I_06660.mp4 4;8;12;96;122
Rcb64ovmE0I_06661.mp4 4;8;12;96;122
RdC2rVhrnwc_02915.mp4 1;29;107
RdC2rVhrnwc_02916.mp4 28;107
RdC2rVhrnwc_02917.mp4 29;107
RdC2rVhrnwc_02918.mp4 27;107
RdC2rVhrnwc_02919.mp4 27;107
RtNf3xC8bbU_13676.mp4 1;3;12;86;119
RtNf3xC8bbU_13677.mp4 85;119
RtNf3xC8bbU_13678.mp4 1;86;119
RtNf3xC8bbU_13679.mp4 1;83;119
RtNf3xC8bbU_13680.mp4 1;84;119
RtNf3xC8bbU_13681.mp4 1;83;119
RtNf3xC8bbU_13682.mp4 1;85;119
RtNf3xC8bbU_13683.mp4 1;85;119
RtNf3xC8bbU_13684.mp4 1;83;119
RtNf3xC8bbU_13685.mp4 1;85;119
RtNf3xC8bbU_13686.mp4 1;4;83;119
RtNf3xC8bbU_13687.mp4 1;4;83;119
RtNf3xC8bbU_13688.mp4 1;3;86;119
RuiSExp2s7M_07661.mp4 1;3;4;40;110
RuiSExp2s7M_07662.mp4 1;3;4;12;40;110
RuiSExp2s7M_07663.mp4 1;3;44;110
RuiSExp2s7M_07664.mp4 1;4;41;110
RuiSExp2s7M_07665.mp4 1;3;44;110
RuiSExp2s7M_07666.mp4 3;4;44;110
RuiSExp2s7M_07667.mp4 1;3;40;110
RuiSExp2s7M_07668.mp4 1;3;4;12;42;110
RuiSExp2s7M_07669.mp4 1;3;4;12;40;110
RuiSExp2s7M_07670.mp4 1;3;4;40;110
RuiSExp2s7M_07671.mp4 1;3;4;12;40;110
RuiSExp2s7M_07672.mp4 1;3;4;39;110
RuiSExp2s7M_07673.mp4 4;43;110
RuiSExp2s7M_07674.mp4 1;4;39;110
RuiSExp2s7M_07675.mp4 0;3;4;11;40;110
RuiSExp2s7M_07676.mp4 1;3;4;43;110
RuiSExp2s7M_07677.mp4 4;39;110
RuiSExp2s7M_07678.mp4 3;12;40;110
RuiSExp2s7M_07679.mp4 1;3;4;40;110
RxweLKLqeQo_14417.mp4 4;12;100;123
RxweLKLqeQo_14418.mp4 4;8;100;123
RxweLKLqeQo_14419.mp4 4;8;100;123
RxweLKLqeQo_14420.mp4 4;8;100;123
RxweLKLqeQo_14421.mp4 4;12;102;123
RxweLKLqeQo_14422.mp4 1;4;8;12;103;123
RxweLKLqeQo_14423.mp4 1;3;4;8;12;102;123
RxweLKLqeQo_14424.mp4 4;12;101;123
RxweLKLqeQo_14425.mp4 4;8;12;100;123
RxweLKLqeQo_14426.mp4 1;4;8;12;102;123
RxweLKLqeQo_14427.mp4 1;4;8;12;103;123
RxweLKLqeQo_14428.mp4 4;6;8;12;102;123
RxweLKLqeQo_14429.mp4 4;8;100;123
RxweLKLqeQo_14430.mp4 4;8;100;123
RxweLKLqeQo_14431.mp4 1;4;8;102;123
RxweLKLqeQo_14432.mp4 3;4;12;100;123
RxweLKLqeQo_14433.mp4 4;8;102;123
RxweLKLqeQo_14434.mp4 3;4;12;100;123
RxweLKLqeQo_14435.mp4 4;8;12;102;123
RxweLKLqeQo_14436.mp4 1;4;8;102;123
RxweLKLqeQo_14437.mp4 1;4;8;12;102;123
RxweLKLqeQo_14438.mp4 4;8;100;123
RxweLKLqeQo_14439.mp4 1;4;6;8;102;123
S1VB6cevY5o_14707.mp4 4;8;100;123
S1VB6cevY5o_14708.mp4 1;4;8;12;103;123
S1VB6cevY5o_14709.mp4 4;6;8;102;123
S1VB6cevY5o_14710.mp4 4;8;100;123
S1VB6cevY5o_14711.mp4 1;4;8;103;123
S1VB6cevY5o_14712.mp4 4;8;102;123
S1VB6cevY5o_14713.mp4 1;4;8;100;123
S1VB6cevY5o_14714.mp4 3;4;8;102;123
S1VB6cevY5o_14715.mp4 4;8;100;123
S1VB6cevY5o_14716.mp4 4;8;103;123
S1VB6cevY5o_14717.mp4 3;4;12;103;123
S1VB6cevY5o_14718.mp4 1;4;8;100;123
S1VB6cevY5o_14719.mp4 4;8;12;103;123
S1VB6cevY5o_14720.mp4 4;8;100;123
S1VB6cevY5o_14721.mp4 1;4;8;12;99;123
S1VB6cevY5o_14722.mp4 1;4;8;100;123
S1VB6cevY5o_14723.mp4 1;3;4;100;123
S1VB6cevY5o_14724.mp4 4;8;100;123
S1VB6cevY5o_14725.mp4 4;12;102;123
S1VB6cevY5o_14726.mp4 1;4;8;100;123
S1VB6cevY5o_14727.mp4 4;6;8;12;102;123
S1VB6cevY5o_14728.mp4 1;4;12;103;123
S1VB6cevY5o_14729.mp4 1;4;8;102;123
S7nyVrqGhqY_11775.mp4 3;46;111
S7nyVrqGhqY_11776.mp4 3;4;47;111
S9TDlYq95zk_14097.mp4 1;4;85;119
S9TDlYq95zk_14098.mp4 1;5;85;119
SC1ppuamF0Q_01343.mp4 4;6;8;12;22;106
SC1ppuamF0Q_01344.mp4 4;8;12;25;106
SC1ppuamF0Q_01345.mp4 3;4;6;8;12;22;106
SC1ppuamF0Q_01346.mp4 4;6;8;12;22;106
SC1ppuamF0Q_01347.mp4 1;4;6;8;12;25;106
SC1ppuamF0Q_01348.mp4 1;3;4;6;8;12;25;106
SC1ppuamF0Q_01349.mp4 3;4;6;8;12;22;106
SC1ppuamF0Q_01350.mp4 12;24;106
SC1ppuamF0Q_01351.mp4 3;4;8;12;22;106
SC1ppuamF0Q_01352.mp4 3;4;6;8;12;22;106
SC1ppuamF0Q_01353.mp4 4;6;8;12;25;106
SC1ppuamF0Q_01354.mp4 3;4;8;12;22;106
SC1ppuamF0Q_01355.mp4 1;3;4;6;8;12;25;106
SC1ppuamF0Q_01356.mp4 4;6;8;12;25;106
SC1ppuamF0Q_01357.mp4 3;4;6;8;12;22;106
SC1ppuamF0Q_01358.mp4 3;4;8;12;25;106
SC1ppuamF0Q_01359.mp4 4;6;8;12;22;106
SC1ppuamF0Q_01360.mp4 3;4;8;12;22;106
SQK_DNc70k8_12208.mp4 1;30;107
SQK_DNc70k8_12210.mp4 30;107
SQK_DNc70k8_12211.mp4 30;107
SQK_DNc70k8_12212.mp4 30;107
SQK_DNc70k8_12213.mp4 30;107
SQK_DNc70k8_12214.mp4 30;107
SQK_DNc70k8_12215.mp4 30;107
SQK_DNc70k8_12216.mp4 30;107
SQK_DNc70k8_12217.mp4 30;107
SQK_DNc70k8_12218.mp4 30;107
SQK_DNc70k8_12219.mp4 30;107
SeqmIk8aIiI_10148.mp4 3;56;113
SeqmIk8aIiI_10149.mp4 1;3;4;54;113
SeqmIk8aIiI_10150.mp4 1;2;3;4;12;56;113
SeqmIk8aIiI_10151.mp4 1;3;4;54;113
SeqmIk8aIiI_10152.mp4 1;3;4;12;56;113
SsC4RrcKeR8_01805.mp4 4;6;8;22;106
SsC4RrcKeR8_01806.mp4 1;4;6;8;12;22;106
SsC4RrcKeR8_01807.mp4 3;4;6;8;12;25;106
SsC4RrcKeR8_01808.mp4 3;4;6;8;12;22;106
SsC4RrcKeR8_01809.mp4 3;12;24;106
SsC4RrcKeR8_01811.mp4 3;4;6;8;12;25;106
SsC4RrcKeR8_01812.mp4 3;8;12;24;106
SsC4RrcKeR8_01813.mp4 1;3;4;6;8;25;106
SsC4RrcKeR8_01814.mp4 1;3;4;6;8;12;25;106
SsC4RrcKeR8_01815.mp4 3;4;8;22;106
SsC4RrcKeR8_01816.mp4 3;12;24;106
SsC4RrcKeR8_01817.mp4 3;4;6;8;12;25;106
SsC4RrcKeR8_01818.mp4 1;3;4;6;8;12;25;106
SsC4RrcKeR8_01819.mp4 4;8;11;12;24;106
SsC4RrcKeR8_01820.mp4 3;4;6;8;12;25;106
SsC4RrcKeR8_01821.mp4 3;4;6;8;12;25;106
SsC4RrcKeR8_01822.mp4 3;4;12;24;106
SsMlsns6bro_12680.mp4 1;3;90;120
SsMlsns6bro_12681.mp4 1;3;90;120
SsMlsns6bro_12682.mp4 1;3;4;90;120
SsMlsns6bro_12683.mp4 3;4;89;120
SsMlsns6bro_12684.mp4 1;3;90;120
SsMlsns6bro_12685.mp4 1;3;89;120
SsMlsns6bro_12686.mp4 1;3;4;90;120
SsMlsns6bro_12687.mp4 1;3;4;89;120
SsMlsns6bro_12688.mp4 1;3;89;120
SsMlsns6bro_12689.mp4 1;3;89;120
SsMlsns6bro_12690.mp4 1;3;90;120
Su1YLAjty-U_03283.mp4 0;3;4;12;69;116
Su1YLAjty-U_03284.mp4 1;3;69;116
Su1YLAjty-U_03285.mp4 1;3;72;116
Su1YLAjty-U_03286.mp4 1;3;4;70;116
SwPfxKZ6L9Q_09399.mp4 3;4;8;12;25;106
SwPfxKZ6L9Q_09400.mp4 3;4;8;25;106
SwPfxKZ6L9Q_09401.mp4 4;8;25;106
SwPfxKZ6L9Q_09402.mp4 1;4;6;8;25;106
SwPfxKZ6L9Q_09403.mp4 4;8;25;106
SwPfxKZ6L9Q_09404.mp4 4;6;8;25;106
SwPfxKZ6L9Q_09405.mp4 3;4;6;8;12;25;106
SwPfxKZ6L9Q_09406.mp4 3;4;8;12;25;106
SwPfxKZ6L9Q_09407.mp4 4;8;12;25;106
SwPfxKZ6L9Q_09408.mp4 4;8;12;25;106
SwPfxKZ6L9Q_09409.mp4 4;6;8;22;106
Sy91oNEIVSo_10715.mp4 3;4;12;50;112
Sy91oNEIVSo_10716.mp4 1;3;4;12;50;112
Sy91oNEIVSo_10717.mp4 3;4;50;112
Sy91oNEIVSo_10718.mp4 3;12;52;112
Sy91oNEIVSo_10719.mp4 3;50;112
Sy91oNEIVSo_10720.mp4 1;3;50;112
T2Ysl1-1Qhs_08527.mp4 3;61;115
T2Ysl1-1Qhs_08528.mp4 1;4;12;61;115
T2Ysl1-1Qhs_08529.mp4 1;3;63;115
T2Ysl1-1Qhs_08530.mp4 3;63;115
T2Ysl1-1Qhs_08531.mp4 12;61;115
T2Ysl1-1Qhs_08532.mp4 1;3;4;63;115
T2Ysl1-1Qhs_08533.mp4 1;3;62;115
T2Ysl1-1Qhs_08534.mp4 1;3;62;115
T2Ysl1-1Qhs_08535.mp4 1;3;62;115
T2Ysl1-1Qhs_08536.mp4 3;62;115
T2Ysl1-1Qhs_08537.mp4 1;3;4;65;115
T5DZpXQUKwA_10821.mp4 3;51;112
T5DZpXQUKwA_10822.mp4 3;51;112
T5DZpXQUKwA_10823.mp4 3;4;12;50;112
T5DZpXQUKwA_10824.mp4 1;3;12;51;112
T5DZpXQUKwA_10825.mp4 1;3;51;112
T5DZpXQUKwA_10826.mp4 3;50;112
T5DZpXQUKwA_10827.mp4 3;51;112
T5DZpXQUKwA_10828.mp4 3;51;112
T5DZpXQUKwA_10829.mp4 1;3;50;112
T6_OBLgqteU_15855.mp4 3;4;35;109
T6_OBLgqteU_15856.mp4 0;1;2;3;4;37;109
T6_OBLgqteU_15857.mp4 0;3;4;35;109
T6_OBLgqteU_15858.mp4 1;2;3;4;12;36;109
T7rDQbRpxPI_09603.mp4 1;3;4;80;118
T7rDQbRpxPI_09604.mp4 1;3;4;80;118
T8b3Ppb1jrw_00664.mp4 8;95;122
T8b3Ppb1jrw_00665.mp4 4;8;12;95;122
T8b3Ppb1jrw_00666.mp4 3;4;8;95;122
T8b3Ppb1jrw_00667.mp4 2;3;4;8;12;95;122
T8b3Ppb1jrw_00668.mp4 3;4;8;12;95;122
TEfNudHbZBw_06639.mp4 1;3;4;12;80;118
TEfNudHbZBw_06640.mp4 1;12;82;118
TEfNudHbZBw_06641.mp4 1;4;12;82;118
TEfNudHbZBw_06642.mp4 1;12;82;118
TEfNudHbZBw_06643.mp4 12;82;118
TEfNudHbZBw_06644.mp4 1;12;82;118
TPLZdBNYaYg_04969.mp4 3;4;5;12;13;104
TPLZdBNYaYg_04970.mp4 3;4;5;12;15;104
TkY8wE1IbQQ_00222.mp4 1;3;4;80;118
TkY8wE1IbQQ_00223.mp4 1;3;4;80;118
TkY8wE1IbQQ_00224.mp4 1;4;12;79;118
TmRjJfd_dTA_06589.mp4 1;3;4;80;118
TmRjJfd_dTA_06590.mp4 1;3;4;12;82;118
TnvWqKaBp8M_00355.mp4 1;18;105
TnvWqKaBp8M_00356.mp4 1;3;4;12;18;105
TnvWqKaBp8M_00357.mp4 3;12;18;105
TnvWqKaBp8M_00358.mp4 1;3;18;105
TnvWqKaBp8M_00359.mp4 3;12;18;105
TqeNOxY7Wdg_08194.mp4 1;3;62;115
TqeNOxY7Wdg_08195.mp4 3;62;115
TqeNOxY7Wdg_08196.mp4 62;115
TqeNOxY7Wdg_08197.mp4 63;115
TqeNOxY7Wdg_08198.mp4 12;61;115
TqeNOxY7Wdg_08199.mp4 3;63;115
TqeNOxY7Wdg_08200.mp4 3;61;115
TqeNOxY7Wdg_08201.mp4 63;115
TqeNOxY7Wdg_08202.mp4 3;61;115
TqeNOxY7Wdg_08203.mp4 3;61;115
TqeNOxY7Wdg_08204.mp4 3;63;115
TqeNOxY7Wdg_08205.mp4 61;115
TqeNOxY7Wdg_08206.mp4 3;67;115
TqeNOxY7Wdg_08207.mp4 3;67;115
TqeNOxY7Wdg_08208.mp4 12;67;115
TqeNOxY7Wdg_08209.mp4 67;115
TqeNOxY7Wdg_08210.mp4 1;3;67;115
TqeNOxY7Wdg_08211.mp4 67;115
TqeNOxY7Wdg_08212.mp4 3;66;115
TqeNOxY7Wdg_08213.mp4 1;3;66;115
TqeNOxY7Wdg_08214.mp4 1;3;4;62;115
Tsh4HiNzIpo_05281.mp4 1;3;12;50;112
Tsh4HiNzIpo_05282.mp4 1;3;12;50;112
Tsh4HiNzIpo_05283.mp4 3;50;112
Tsh4HiNzIpo_05284.mp4 1;3;12;49;112
Tsh4HiNzIpo_05285.mp4 3;49;112
Tsh4HiNzIpo_05286.mp4 1;3;49;112
Tsh4HiNzIpo_05287.mp4 1;3;49;112
Tsh4HiNzIpo_05288.mp4 3;12;53;112
Tsh4HiNzIpo_05289.mp4 1;3;53;112
Tsh4HiNzIpo_05290.mp4 1;3;12;53;112
Tsh4HiNzIpo_05291.mp4 1;3;12;53;112
Tsh4HiNzIpo_05292.mp4 1;3;52;112
Tsh4HiNzIpo_05293.mp4 1;3;52;112
Tsh4HiNzIpo_05294.mp4 3;12;49;112
TtoDuZmEg80_03124.mp4 1;3;4;12;56;113
TtoDuZmEg80_03125.mp4 1;3;4;12;56;113
TtoDuZmEg80_03126.mp4 3;12;56;113
TtoDuZmEg80_03127.mp4 1;3;4;12;56;113
TtoDuZmEg80_03128.mp4 1;3;4;12;56;113
TtoDuZmEg80_03129.mp4 3;4;12;56;113
TtoDuZmEg80_03130.mp4 3;56;113
TtoDuZmEg80_03131.mp4 3;12;56;113
TtoDuZmEg80_03132.mp4 1;3;4;12;56;113
TtoDuZmEg80_03133.mp4 3;4;12;56;113
Txz1j3sxZ7k_00822.mp4 1;4;34;108
Txz1j3sxZ7k_00823.mp4 1;3;4;34;108
Txz1j3sxZ7k_00824.mp4 1;4;34;108
Txz1j3sxZ7k_00825.mp4 4;10;11;34;108
Txz1j3sxZ7k_00826.mp4 3;12;34;108
TzR3CUU51IU_04832.mp4 1;3;4;5;12;13;104
TzR3CUU51IU_04833.mp4 3;4;5;12;13;104
TzR3CUU51IU_04834.mp4 12;15;104
TzR3CUU51IU_04835.mp4 3;5;14;104
U0XiPW5bijM_15478.mp4 1;4;8;100;123
U0XiPW5bijM_15479.mp4 4;12;100;123
U0XiPW5bijM_15480.mp4 3;4;12;100;123
U0XiPW5bijM_15481.mp4 1;4;8;100;123
U0XiPW5bijM_15482.mp4 1;4;8;100;123
U0XiPW5bijM_15483.mp4 1;4;8;12;100;123
U0XiPW5bijM_15484.mp4 3;4;100;123
U0XiPW5bijM_15485.mp4 4;12;100;123
U0XiPW5bijM_15486.mp4 4;8;100;123
U0XiPW5bijM_15487.mp4 1;4;12;100;123
U5YyYUplS9A_15821.mp4 1;4;35;109
U5YyYUplS9A_15822.mp4 0;2;3;4;12;35;109
U839TygN3rU_10855.mp4 1;3;50;112
U839TygN3rU_10857.mp4 3;12;50;112
U839TygN3rU_10858.mp4 1;3;12;53;112
U839TygN3rU_10859.mp4 3;12;53;112
U839TygN3rU_10860.mp4 3;12;53;112
U839TygN3rU_10861.mp4 1;3;12;53;112
U839TygN3rU_10862.mp4 1;3;12;53;112
U839TygN3rU_10863.mp4 1;3;12;53;112
U839TygN3rU_10864.mp4 1;3;12;53;112
U839TygN3rU_10865.mp4 1;3;12;53;112
U839TygN3rU_10866.mp4 1;3;12;53;112
U839TygN3rU_10867.mp4 1;3;12;50;112
U839TygN3rU_10868.mp4 1;3;12;50;112
U839TygN3rU_10869.mp4 1;3;12;52;112
U839TygN3rU_10870.mp4 1;3;12;52;112
U839TygN3rU_10871.mp4 1;3;12;50;112
U839TygN3rU_10872.mp4 1;3;12;50;112
U839TygN3rU_10873.mp4 3;50;112
U839TygN3rU_10874.mp4 1;3;50;112
U839TygN3rU_10875.mp4 3;50;112
UFm3OblNXOY_09397.mp4 3;4;74;117
UFm3OblNXOY_09398.mp4 3;74;117
UHFIU5rTAEM_05502.mp4 50;112
UHFIU5rTAEM_05503.mp4 3;51;112
ULBMdULXm5U_05347.mp4 1;12;31;108
ULBMdULXm5U_05348.mp4 1;12;31;108
UM1wMCspFRI_00371.mp4 3;75;117
UM1wMCspFRI_00372.mp4 3;78;117
UM1wMCspFRI_00373.mp4 3;75;117
UM1wMCspFRI_00375.mp4 1;3;4;76;117
UMYEoSW7hFA_13445.mp4 1;4;84;119
UMYEoSW7hFA_13446.mp4 86;119
UMYEoSW7hFA_13447.mp4 1;83;119
UOwN1AMni3E_06486.mp4 4;8;100;123
UOwN1AMni3E_06487.mp4 4;12;103;123
UOwN1AMni3E_06488.mp4 4;12;102;123
UOwN1AMni3E_06489.mp4 4;12;103;123
UOwN1AMni3E_06490.mp4 3;4;100;123
UOwN1AMni3E_06491.mp4 1;4;8;99;123
UOwN1AMni3E_06492.mp4 4;8;99;123
UOwN1AMni3E_06493.mp4 4;8;102;123
UOwN1AMni3E_06494.mp4 4;12;99;123
UOwN1AMni3E_06495.mp4 4;12;102;123
UOwN1AMni3E_06496.mp4 4;8;99;123
UOwN1AMni3E_06497.mp4 4;8;102;123
UOwN1AMni3E_06498.mp4 4;8;12;99;123
UOwN1AMni3E_06499.mp4 4;8;99;123
UOwN1AMni3E_06500.mp4 3;4;12;100;123
UOwN1AMni3E_06501.mp4 4;12;102;123
UOwN1AMni3E_06502.mp4 4;8;99;123
UOwN1AMni3E_06503.mp4 4;8;99;123
UOwN1AMni3E_06504.mp4 1;3;4;100;123
UOwN1AMni3E_06505.mp4 4;12;103;123
UOwN1AMni3E_06506.mp4 4;8;102;123
UOwN1AMni3E_06507.mp4 8;9;11;12;99;123
UOwN1AMni3E_06508.mp4 4;8;99;123
UOwN1AMni3E_06509.mp4 1;4;8;100;123
UOwN1AMni3E_06510.mp4 1;4;12;103;123
UOwN1AMni3E_06511.mp4 4;12;103;123
UOwN1AMni3E_06512.mp4 3;4;12;101;123
UOwN1AMni3E_06513.mp4 4;8;100;123
UOwN1AMni3E_06514.mp4 4;8;12;102;123
UOwN1AMni3E_06515.mp4 4;12;103;123
UOwN1AMni3E_06516.mp4 1;4;12;103;123
UOwN1AMni3E_06517.mp4 1;4;8;100;123
UOwN1AMni3E_06518.mp4 4;12;102;123
UOwN1AMni3E_06519.mp4 4;12;103;123
UOwN1AMni3E_06520.mp4 1;4;12;103;123
UR3pf89uKSk_04373.mp4 6;8;59;114
UR3pf89uKSk_04374.mp4 4;8;59;114
UR3pf89uKSk_04376.mp4 3;4;8;12;59;114
UR3pf89uKSk_04377.mp4 6;8;59;114
UR3pf89uKSk_04378.mp4 4;6;8;12;59;114
UR3pf89uKSk_04379.mp4 1;4;6;8;59;114
UR3pf89uKSk_04380.mp4 3;6;8;59;114
UR3pf89uKSk_04381.mp4 8;12;59;114
UR3pf89uKSk_04382.mp4 4;8;12;59;114
UR3pf89uKSk_04383.mp4 1;3;4;8;12;59;114
UR3pf89uKSk_04384.mp4 1;3;6;8;12;58;114
UR3pf89uKSk_04385.mp4 2;3;4;8;12;58;114
UR3pf89uKSk_04386.mp4 8;58;114
UR3pf89uKSk_04387.mp4 1;4;6;8;12;58;114
UR3pf89uKSk_04388.mp4 4;6;8;58;114
UR3pf89uKSk_04389.mp4 8;12;58;114
UR3pf89uKSk_04390.mp4 4;6;8;58;114
UR3pf89uKSk_04391.mp4 6;8;12;58;114
UR3pf89uKSk_04392.mp4 3;4;8;12;58;114
UiDZfWPYgqA_09687.mp4 1;4;6;8;12;25;106
UiDZfWPYgqA_09688.mp4 3;4;8;12;25;106
UiDZfWPYgqA_09689.mp4 3;4;8;12;22;106
UiDZfWPYgqA_09690.mp4 3;4;6;8;25;106
UiDZfWPYgqA_09691.mp4 1;3;4;6;8;12;25;106
UiDZfWPYgqA_09692.mp4 1;3;4;6;8;12;25;106
UiDZfWPYgqA_09693.mp4 3;4;6;8;12;25;106
UiDZfWPYgqA_09694.mp4 3;4;6;8;22;106
UiDZfWPYgqA_09695.mp4 3;4;6;8;12;25;106
UiDZfWPYgqA_09696.mp4 3;4;6;8;12;22;106
UiDZfWPYgqA_09697.mp4 1;5;8;12;24;106
UiDZfWPYgqA_09698.mp4 3;4;8;12;22;106
UiDZfWPYgqA_09699.mp4 3;4;6;8;12;25;106
UiDZfWPYgqA_09700.mp4 1;4;6;8;12;25;106
UiDZfWPYgqA_09701.mp4 1;4;6;8;22;106
UiDZfWPYgqA_09702.mp4 1;3;4;6;8;12;25;106
UiDZfWPYgqA_09703.mp4 3;4;6;8;12;22;106
UiDZfWPYgqA_09704.mp4 3;4;6;8;22;106
UiDZfWPYgqA_09705.mp4 3;4;6;8;12;22;106
UiDZfWPYgqA_09706.mp4 1;3;4;6;8;12;22;106
UiDZfWPYgqA_09707.mp4 2;5;12;24;106
UiDZfWPYgqA_09708.mp4 1;3;4;6;8;12;22;106
UnNUEvs2Ev0_04687.mp4 0;4;8;12;59;114
UnNUEvs2Ev0_04688.mp4 3;4;8;12;58;114
UnNUEvs2Ev0_04689.mp4 4;8;59;114
UnNUEvs2Ev0_04690.mp4 4;8;12;58;114
UnNUEvs2Ev0_04691.mp4 8;58;114
UnNUEvs2Ev0_04692.mp4 3;4;6;8;12;58;114
UnNUEvs2Ev0_04693.mp4 6;8;12;58;114
UvGTAJTaCc8_14445.mp4 4;8;102;123
UvGTAJTaCc8_14446.mp4 4;8;102;123
UvGTAJTaCc8_14447.mp4 1;4;8;102;123
UvGTAJTaCc8_14448.mp4 1;3;4;8;12;102;123
UvGTAJTaCc8_14449.mp4 3;4;12;102;123
UvGTAJTaCc8_14450.mp4 4;8;102;123
UvGTAJTaCc8_14451.mp4 4;8;102;123
UvGTAJTaCc8_14452.mp4 4;8;102;123
UvGTAJTaCc8_14453.mp4 4;8;102;123
UvGTAJTaCc8_14454.mp4 4;8;102;123
V0qvpfLHlYQ_11864.mp4 3;12;73;116
V0qvpfLHlYQ_11865.mp4 1;2;3;10;69;116
V0qvpfLHlYQ_11866.mp4 1;3;71;116
V6zryl9EKqQ_13502.mp4 4;12;86;119
V6zryl9EKqQ_13503.mp4 3;83;119
V6zryl9EKqQ_13504.mp4 1;3;4;12;83;119
V6zryl9EKqQ_13505.mp4 1;3;4;12;83;119
V6zryl9EKqQ_13506.mp4 1;3;4;85;119
V6zryl9EKqQ_13507.mp4 3;4;83;119
V6zryl9EKqQ_13508.mp4 1;4;85;119
V6zryl9EKqQ_13509.mp4 1;3;4;12;83;119
V6zryl9EKqQ_13510.mp4 1;3;4;83;119
V6zryl9EKqQ_13511.mp4 1;3;4;83;119
V6zryl9EKqQ_13512.mp4 1;3;4;85;119
V6zryl9EKqQ_13513.mp4 1;3;4;83;119
V6zryl9EKqQ_13514.mp4 1;3;4;12;86;119
V6zryl9EKqQ_13515.mp4 1;3;4;12;83;119
V6zryl9EKqQ_13516.mp4 1;3;4;83;119
V6zryl9EKqQ_13517.mp4 1;3;4;12;86;119
V6zryl9EKqQ_13518.mp4 1;3;4;85;119
V6zryl9EKqQ_13519.mp4 1;3;4;83;119
V6zryl9EKqQ_13520.mp4 1;3;4;12;86;119
V8nSpAiKWKo_05278.mp4 3;4;8;12;95;122
V8nSpAiKWKo_05279.mp4 1;4;8;12;95;122
V8nSpAiKWKo_05280.mp4 6;8;95;122
VBlKd14589c_11788.mp4 48;111
VBlKd14589c_11789.mp4 12;47;111
VBlKd14589c_11790.mp4 1;3;48;111
VBlKd14589c_11791.mp4 1;3;46;111
VBlKd14589c_11792.mp4 3;12;47;111
VCtch3DzLRs_04930.mp4 3;5;13;104
VCtch3DzLRs_04931.mp4 3;5;13;104
VCtch3DzLRs_04932.mp4 3;5;12;13;104
VCtch3DzLRs_04933.mp4 12;15;104
VCtch3DzLRs_04934.mp4 3;14;104
VKyMQEaEcsM_04967.mp4 3;4;5;12;13;104
VKyMQEaEcsM_04968.mp4 3;15;104
VRzpQ4wlu7Y_14124.mp4 3;4;12;100;123
VRzpQ4wlu7Y_14125.mp4 1;3;4;8;100;123
VRzpQ4wlu7Y_14126.mp4 1;4;8;100;123
VRzpQ4wlu7Y_14127.mp4 4;8;100;123
VRzpQ4wlu7Y_14128.mp4 1;3;4;8;12;100;123
VRzpQ4wlu7Y_14129.mp4 4;6;8;100;123
VRzpQ4wlu7Y_14130.mp4 1;4;8;100;123
VRzpQ4wlu7Y_14131.mp4 4;8;100;123
VRzpQ4wlu7Y_14132.mp4 4;12;100;123
VRzpQ4wlu7Y_14133.mp4 4;8;100;123
VVmPQG5u_3M_10310.mp4 1;3;4;54;113
VVmPQG5u_3M_10311.mp4 1;3;4;54;113
VVmPQG5u_3M_10312.mp4 1;3;4;56;113
VVmPQG5u_3M_10313.mp4 3;12;54;113
VVmPQG5u_3M_10314.mp4 1;3;56;113
VVmPQG5u_3M_10315.mp4 3;56;113
VVmPQG5u_3M_10316.mp4 1;3;12;54;113
VVmPQG5u_3M_10317.mp4 3;54;113
VVmPQG5u_3M_10318.mp4 3;56;113
VVmPQG5u_3M_10319.mp4 3;54;113
VVmPQG5u_3M_10320.mp4 3;54;113
VVmPQG5u_3M_10321.mp4 1;3;12;54;113
VVmPQG5u_3M_10322.mp4 1;3;4;54;113
VVmPQG5u_3M_10323.mp4 3;56;113
VVmPQG5u_3M_10324.mp4 1;3;54;113
VVmPQG5u_3M_10325.mp4 1;3;12;57;113
VVmPQG5u_3M_10326.mp4 3;57;113
VVmPQG5u_3M_10327.mp4 1;3;57;113
VVmPQG5u_3M_10328.mp4 3;12;57;113
VVmPQG5u_3M_10329.mp4 0;1;3;4;12;57;113
VVmPQG5u_3M_10330.mp4 0;1;3;4;12;57;113
VVmPQG5u_3M_10331.mp4 1;3;4;12;57;113
VVmPQG5u_3M_10332.mp4 1;3;4;57;113
V_1cchOYMFw_02140.mp4 1;4;8;22;106
V_1cchOYMFw_02141.mp4 3;4;6;8;12;22;106
V_1cchOYMFw_02142.mp4 3;4;6;8;25;106
V_1cchOYMFw_02143.mp4 1;4;8;12;25;106
V_1cchOYMFw_02144.mp4 3;4;8;12;25;106
V_1cchOYMFw_02145.mp4 4;8;25;106
V_1cchOYMFw_02146.mp4 2;3;4;8;12;22;106
V_1cchOYMFw_02147.mp4 4;8;25;106
V_1cchOYMFw_02148.mp4 3;4;8;12;22;106
V_1cchOYMFw_02149.mp4 3;4;6;8;12;22;106
V_1cchOYMFw_02150.mp4 4;8;12;22;106
V_1cchOYMFw_02151.mp4 1;4;6;8;12;22;106
V_1cchOYMFw_02152.mp4 3;4;8;12;22;106
V_1cchOYMFw_02153.mp4 3;4;8;12;22;106
V_1cchOYMFw_02154.mp4 8;25;106
V_1cchOYMFw_02155.mp4 4;8;12;25;106
V_1cchOYMFw_02156.mp4 3;4;8;25;106
V_1cchOYMFw_02157.mp4 3;4;12;25;106
V_1cchOYMFw_02158.mp4 1;3;4;6;8;12;25;106
V_1cchOYMFw_02159.mp4 3;4;6;8;12;22;106
V_PR9LUFJrc_11028.mp4 3;4;68;115
V_PR9LUFJrc_11029.mp4 3;4;68;115
V_S_VuS3194_04200.mp4 1;3;4;74;117
V_S_VuS3194_04201.mp4 1;3;74;117
Va6sIpGKQWw_04195.mp4 1;3;4;74;117
Va6sIpGKQWw_04196.mp4 1;3;4;74;117
Va6sIpGKQWw_04197.mp4 1;4;74;117
VdqWDENVu04_10760.mp4 1;3;12;53;112
VdqWDENVu04_10761.mp4 3;12;53;112
VdqWDENVu04_10762.mp4 3;50;112
VdqWDENVu04_10763.mp4 3;52;112
VdqWDENVu04_10764.mp4 1;3;12;52;112
VdqWDENVu04_10765.mp4 1;3;12;52;112
VfcTZOxjFsM_06628.mp4 12;81;118
VfcTZOxjFsM_06629.mp4 1;12;82;118
VnwLH_B3Pq0_04879.mp4 1;3;14;104
VnwLH_B3Pq0_04880.mp4 12;13;104
VnwLH_B3Pq0_04881.mp4 1;3;14;104
VnwLH_B3Pq0_04882.mp4 3;14;104
VnwLH_B3Pq0_04883.mp4 3;14;104
VnwLH_B3Pq0_04884.mp4 1;3;14;104
VnwLH_B3Pq0_04885.mp4 3;14;104
VnwLH_B3Pq0_04886.mp4 3;13;104
VnwLH_B3Pq0_04887.mp4 1;3;4;5;13;104
VnwLH_B3Pq0_04888.mp4 1;3;4;5;13;104
VnwLH_B3Pq0_04889.mp4 3;4;5;12;13;104
Vsj6r7ds31o_06020.mp4 4;6;8;25;106
Vsj6r7ds31o_06021.mp4 1;3;4;6;8;12;22;106
Vsj6r7ds31o_06022.mp4 3;4;6;8;12;25;106
Vsj6r7ds31o_06023.mp4 3;4;6;8;25;106
Vsj6r7ds31o_06024.mp4 4;6;8;12;25;106
Vsj6r7ds31o_06025.mp4 1;3;4;6;8;12;22;106
Vsj6r7ds31o_06026.mp4 4;6;8;12;25;106
Vsj6r7ds31o_06027.mp4 3;4;8;12;25;106
Vsj6r7ds31o_06028.mp4 3;4;6;8;12;25;106
Vsj6r7ds31o_06029.mp4 4;6;8;12;22;106
Vsj6r7ds31o_06030.mp4 4;6;8;12;25;106
Vsj6r7ds31o_06031.mp4 3;6;12;22;106
Vsj6r7ds31o_06032.mp4 1;3;4;6;8;22;106
Vsj6r7ds31o_06033.mp4 4;8;22;106
Vsj6r7ds31o_06034.mp4 3;4;6;8;12;25;106
Vsj6r7ds31o_06035.mp4 1;4;6;8;12;22;106
Vsj6r7ds31o_06036.mp4 3;4;6;8;12;22;106
Vsj6r7ds31o_06037.mp4 3;4;6;8;12;22;106
Vvi0txnCRnQ_00442.mp4 1;3;51;112
Vvi0txnCRnQ_00443.mp4 3;12;51;112
W1kIpdTQ08M_12187.mp4 1;2;3;4;7;69;116
W1kIpdTQ08M_12188.mp4 2;3;4;10;72;116
W3KlfiUHgd8_00446.mp4 3;4;8;12;95;122
W3KlfiUHgd8_00447.mp4 3;4;8;95;122
W3KlfiUHgd8_00448.mp4 1;4;8;95;122
W3KlfiUHgd8_00449.mp4 3;4;8;12;95;122
W3KlfiUHgd8_00450.mp4 4;8;96;122
W3KlfiUHgd8_00451.mp4 4;8;95;122
W3KlfiUHgd8_00452.mp4 4;8;12;95;122
W3KlfiUHgd8_00453.mp4 3;4;8;95;122
W3KlfiUHgd8_00454.mp4 1;2;4;8;95;122
W3KlfiUHgd8_00455.mp4 1;2;3;4;8;12;98;122
W3KlfiUHgd8_00456.mp4 4;6;8;95;122
W3KlfiUHgd8_00457.mp4 4;6;8;95;122
W3KlfiUHgd8_00458.mp4 4;8;96;122
W3KlfiUHgd8_00459.mp4 4;8;97;122
W3KlfiUHgd8_00460.mp4 4;8;97;122
W3KlfiUHgd8_00461.mp4 8;96;122
W3KlfiUHgd8_00462.mp4 1;4;8;96;122
W3KlfiUHgd8_00463.mp4 1;3;4;8;12;96;122
W3KlfiUHgd8_00464.mp4 4;8;12;97;122
W5xQpZBVMJw_14615.mp4 4;12;102;123
W5xQpZBVMJw_14616.mp4 3;4;12;100;123
W5xQpZBVMJw_14617.mp4 1;4;8;102;123
W5xQpZBVMJw_14618.mp4 1;4;8;103;123
W5xQpZBVMJw_14619.mp4 4;8;102;123
W5xQpZBVMJw_14620.mp4 4;100;123
W5xQpZBVMJw_14621.mp4 1;4;8;100;123
W5xQpZBVMJw_14622.mp4 4;8;102;123
W5xQpZBVMJw_14623.mp4 4;8;102;123
W5xQpZBVMJw_14624.mp4 4;12;100;123
W5xQpZBVMJw_14625.mp4 1;3;4;8;12;100;123
W5xQpZBVMJw_14626.mp4 1;4;8;102;123
W5xQpZBVMJw_14627.mp4 4;12;102;123
W5xQpZBVMJw_14628.mp4 1;4;8;102;123
W5xQpZBVMJw_14629.mp4 3;4;8;102;123
W5xQpZBVMJw_14630.mp4 1;4;8;102;123
W5xQpZBVMJw_14631.mp4 1;4;8;103;123
W5xQpZBVMJw_14632.mp4 1;4;8;12;100;123
W5xQpZBVMJw_14633.mp4 1;4;8;103;123
W5xQpZBVMJw_14634.mp4 1;4;8;103;123
W5xQpZBVMJw_14635.mp4 1;4;8;100;123
W5xQpZBVMJw_14636.mp4 4;8;99;123
W5xQpZBVMJw_14637.mp4 4;8;103;123
W5xQpZBVMJw_14638.mp4 1;4;8;103;123
W5xQpZBVMJw_14639.mp4 4;8;12;103;123
W5xQpZBVMJw_14640.mp4 1;4;8;103;123
W5xQpZBVMJw_14641.mp4 4;8;103;123
W5xQpZBVMJw_14642.mp4 1;4;8;103;123
W5xQpZBVMJw_14643.mp4 1;4;8;12;100;123
W5xQpZBVMJw_14644.mp4 3;4;12;100;123
W5xQpZBVMJw_14645.mp4 1;4;8;12;100;123
W5xQpZBVMJw_14646.mp4 1;4;8;99;123
W5xQpZBVMJw_14647.mp4 4;8;99;123
W76yK-g2ql0_15577.mp4 1;2;4;12;35;109
W76yK-g2ql0_15578.mp4 0;1;2;3;4;35;109
W76yK-g2ql0_15580.mp4 2;3;4;8;35;109
W76yK-g2ql0_15581.mp4 1;2;4;8;35;109
W76yK-g2ql0_15582.mp4 0;2;3;4;8;12;35;109
W76yK-g2ql0_15583.mp4 1;4;7;8;37;109
W76yK-g2ql0_15584.mp4 1;2;3;4;10;12;35;109
W76yK-g2ql0_15585.mp4 0;1;3;4;12;37;109
W76yK-g2ql0_15586.mp4 1;2;3;4;8;10;12;35;109
W76yK-g2ql0_15587.mp4 1;2;4;35;109
W76yK-g2ql0_15588.mp4 0;1;4;35;109
W76yK-g2ql0_15589.mp4 4;12;35;109
W76yK-g2ql0_15590.mp4 1;2;3;4;12;37;109
W76yK-g2ql0_15591.mp4 3;4;35;109
W7yfu42ceqY_06349.mp4 3;12;65;115
W7yfu42ceqY_06350.mp4 3;65;115
W7yfu42ceqY_06351.mp4 3;66;115
W7yfu42ceqY_06352.mp4 66;115
W7yfu42ceqY_06353.mp4 3;66;115
W7yfu42ceqY_06354.mp4 3;66;115
W7yfu42ceqY_06355.mp4 3;66;115
W7yfu42ceqY_06356.mp4 3;66;115
W7yfu42ceqY_06357.mp4 66;115
W7yfu42ceqY_06358.mp4 3;12;66;115
W7yfu42ceqY_06359.mp4 3;66;115
W7yfu42ceqY_06360.mp4 3;66;115
W8F97byUUvE_00242.mp4 3;12;50;112
W8F97byUUvE_00243.mp4 1;3;4;51;112
W8F97byUUvE_00244.mp4 3;50;112
W8F97byUUvE_00245.mp4 1;3;51;112
W8F97byUUvE_00246.mp4 3;12;50;112
W8F97byUUvE_00247.mp4 3;51;112
WA63Zsa_eiE_00698.mp4 1;17;105
WA63Zsa_eiE_00699.mp4 18;105
WA63Zsa_eiE_00700.mp4 1;4;17;105
WA63Zsa_eiE_00701.mp4 1;3;4;17;105
WA63Zsa_eiE_00702.mp4 1;3;4;17;105
WA63Zsa_eiE_00703.mp4 4;18;105
WA63Zsa_eiE_00704.mp4 3;4;18;105
WA63Zsa_eiE_00705.mp4 1;4;17;105
WA63Zsa_eiE_00706.mp4 0;1;3;4;17;105
WA63Zsa_eiE_00707.mp4 1;4;18;105
WA63Zsa_eiE_00708.mp4 3;4;18;105
WA63Zsa_eiE_00709.mp4 1;17;105
WA63Zsa_eiE_00710.mp4 3;21;105
WChj2iVnrRk_03071.mp4 4;8;12;100;123
WChj2iVnrRk_03072.mp4 1;3;4;8;100;123
WChj2iVnrRk_03073.mp4 4;8;102;123
WChj2iVnrRk_03074.mp4 4;8;103;123
WChj2iVnrRk_03075.mp4 4;8;102;123
WChj2iVnrRk_03076.mp4 3;4;8;102;123
WChj2iVnrRk_03077.mp4 3;8;12;100;123
WChj2iVnrRk_03078.mp4 1;4;8;102;123
WChj2iVnrRk_03079.mp4 1;4;8;100;123
WChj2iVnrRk_03080.mp4 4;8;102;123
WChj2iVnrRk_03081.mp4 1;4;12;103;123
WChj2iVnrRk_03082.mp4 1;3;4;8;12;101;123
WChj2iVnrRk_03083.mp4 4;8;102;123
WChj2iVnrRk_03084.mp4 1;3;4;12;103;123
WChj2iVnrRk_03085.mp4 1;4;8;100;123
WChj2iVnrRk_03086.mp4 4;8;102;123
WChj2iVnrRk_03087.mp4 4;8;103;123
WChj2iVnrRk_03088.mp4 4;8;100;123
WChj2iVnrRk_03089.mp4 4;8;102;123
WChj2iVnrRk_03090.mp4 3;4;8;102;123
WChj2iVnrRk_03091.mp4 1;4;12;103;123
WChj2iVnrRk_03092.mp4 4;8;100;123
WChj2iVnrRk_03093.mp4 1;4;8;102;123
WChj2iVnrRk_03094.mp4 4;12;103;123
WChj2iVnrRk_03095.mp4 1;3;4;8;12;100;123
WChj2iVnrRk_03096.mp4 4;8;103;123
WChj2iVnrRk_03097.mp4 3;4;12;100;123
WChj2iVnrRk_03098.mp4 1;3;4;6;12;103;123
WChj2iVnrRk_03099.mp4 1;4;8;100;123
WChj2iVnrRk_03100.mp4 1;3;4;12;103;123
WChj2iVnrRk_03101.mp4 3;4;12;101;123
WChj2iVnrRk_03102.mp4 1;4;12;103;123
WDU7zLAd2-U_05148.mp4 1;3;4;5;8;12;13;104
WDU7zLAd2-U_05149.mp4 1;3;12;15;104
WIaWTESJjrg_07611.mp4 1;4;8;96;122
WIaWTESJjrg_07612.mp4 3;4;8;96;122
WIaWTESJjrg_07613.mp4 3;4;8;12;95;122
WIaWTESJjrg_07614.mp4 4;6;8;95;122
WIaWTESJjrg_07615.mp4 3;4;6;8;12;95;122
WIaWTESJjrg_07616.mp4 8;95;122
WIaWTESJjrg_07617.mp4 1;3;4;6;8;95;122
WIaWTESJjrg_07618.mp4 3;6;8;12;95;122
WIaWTESJjrg_07619.mp4 3;8;95;122
WIaWTESJjrg_07620.mp4 2;3;4;8;12;95;122
WIaWTESJjrg_07621.mp4 4;6;8;95;122
WIaWTESJjrg_07622.mp4 0;4;8;12;95;122
WMQQUsNvqPE_06591.mp4 1;12;81;118
WMQQUsNvqPE_06592.mp4 1;12;81;118
WNY35Nfie5Y_09856.mp4 3;4;54;113
WNY35Nfie5Y_09857.mp4 3;12;54;113
WNY35Nfie5Y_09858.mp4 1;3;4;12;54;113
WNY35Nfie5Y_09859.mp4 3;4;12;54;113
WNY35Nfie5Y_09860.mp4 3;54;113
WNY35Nfie5Y_09861.mp4 3;4;12;54;113
WNY35Nfie5Y_09862.mp4 3;4;12;54;113
WNY35Nfie5Y_09863.mp4 1;3;4;12;54;113
WNY35Nfie5Y_09864.mp4 1;4;12;54;113
WNY35Nfie5Y_09865.mp4 3;4;12;56;113
WNY35Nfie5Y_09866.mp4 3;12;56;113
WNY35Nfie5Y_09867.mp4 3;56;113
WefZiurJ6vc_12009.mp4 1;2;3;11;69;116
WefZiurJ6vc_12010.mp4 1;3;70;116
WefZiurJ6vc_12011.mp4 1;3;71;116
Wg_Ql89fWy4_05058.mp4 1;3;5;13;104
Wg_Ql89fWy4_05059.mp4 3;4;5;12;13;104
Wg_Ql89fWy4_05060.mp4 3;5;12;15;104
Wg_Ql89fWy4_05061.mp4 3;5;12;14;104
Wg_Ql89fWy4_05062.mp4 3;4;5;14;104
Wg_Ql89fWy4_05063.mp4 1;3;14;104
Wg_Ql89fWy4_05064.mp4 3;5;14;104
Wg_Ql89fWy4_05065.mp4 3;14;104
Wg_Ql89fWy4_05066.mp4 3;14;104
Wg_Ql89fWy4_05067.mp4 1;3;5;12;14;104
Wg_Ql89fWy4_05068.mp4 3;12;14;104
Wg_Ql89fWy4_05069.mp4 3;5;14;104
WiLkrw6-5js_05464.mp4 1;3;12;50;112
WiLkrw6-5js_05465.mp4 1;3;12;50;112
WiLkrw6-5js_05466.mp4 1;3;12;53;112
WiLkrw6-5js_05467.mp4 3;51;112
WibnP1pWqBs_10848.mp4 1;3;12;50;112
WlKVTC9kZ6o_06327.mp4 75;117
WlKVTC9kZ6o_06328.mp4 1;74;117
WlKVTC9kZ6o_06329.mp4 76;117
WlWBNc8qL04_00066.mp4 1;4;12;33;108
WlWBNc8qL04_00067.mp4 4;12;33;108
WlWBNc8qL04_00068.mp4 1;4;8;12;33;108
WlWBNc8qL04_00069.mp4 8;33;108
WlWBNc8qL04_00070.mp4 4;12;33;108
WwBCJgVlaUA_13303.mp4 1;86;119
WwBCJgVlaUA_13304.mp4 1;85;119
WwBCJgVlaUA_13305.mp4 1;83;119
WwBCJgVlaUA_13306.mp4 1;83;119
WwBCJgVlaUA_13307.mp4 1;85;119
WwBCJgVlaUA_13308.mp4 1;86;119
WwBCJgVlaUA_13309.mp4 1;4;86;119
WwBCJgVlaUA_13310.mp4 1;4;83;119
WwBCJgVlaUA_13311.mp4 1;4;83;119
WwBCJgVlaUA_13312.mp4 1;83;119
WwBCJgVlaUA_13313.mp4 1;85;119
WwBCJgVlaUA_13314.mp4 85;119
WwBCJgVlaUA_13315.mp4 1;83;119
WwBCJgVlaUA_13316.mp4 1;83;119
WwBCJgVlaUA_13317.mp4 4;85;119
WwBCJgVlaUA_13318.mp4 1;86;119
WwBCJgVlaUA_13319.mp4 1;3;4;12;83;119
X-k36cUhNVQ_15944.mp4 3;12;37;109
X-k36cUhNVQ_15945.mp4 3;36;109
X-k36cUhNVQ_15946.mp4 1;3;4;12;35;109
X-k36cUhNVQ_15947.mp4 1;3;4;12;35;109
X-k36cUhNVQ_15948.mp4 0;1;3;4;8;35;109
X-k36cUhNVQ_15949.mp4 0;1;3;4;12;35;109
X-k36cUhNVQ_15950.mp4 0;1;3;4;8;12;35;109
X-k36cUhNVQ_15951.mp4 1;3;4;12;35;109
X-k36cUhNVQ_15952.mp4 1;3;4;12;35;109
X-k36cUhNVQ_15953.mp4 1;3;4;12;35;109
X-k36cUhNVQ_15954.mp4 3;4;12;37;109
X-k36cUhNVQ_15955.mp4 0;1;3;4;8;12;35;109
X-k36cUhNVQ_15956.mp4 0;1;3;4;12;35;109
X4XxCmZAfIA_00723.mp4 1;4;12;34;108
X4XxCmZAfIA_00724.mp4 3;4;12;34;108
X4XxCmZAfIA_00725.mp4 3;4;34;108
XDdgPY3f_0c_00020.mp4 1;2;32;108
XDdgPY3f_0c_00021.mp4 3;4;12;33;108
XDdgPY3f_0c_00022.mp4 1;4;12;33;108
XDdgPY3f_0c_00023.mp4 4;12;33;108
XDdgPY3f_0c_00024.mp4 4;8;31;108
XDdgPY3f_0c_00025.mp4 4;12;33;108
XDdgPY3f_0c_00026.mp4 12;33;108
XDdgPY3f_0c_00028.mp4 1;4;12;31;108
XDdgPY3f_0c_00029.mp4 1;4;12;31;108
XDdgPY3f_0c_00030.mp4 4;8;31;108
XDdgPY3f_0c_00031.mp4 12;31;108
XHKVltT6TIs_14442.mp4 4;12;102;123
XHKVltT6TIs_14443.mp4 1;4;12;102;123
XHKVltT6TIs_14444.mp4 1;4;8;12;102;123
XQXLt-zH3dw_08338.mp4 1;3;65;115
XQXLt-zH3dw_08339.mp4 1;3;64;115
XQXLt-zH3dw_08340.mp4 1;3;61;115
XQXLt-zH3dw_08341.mp4 3;64;115
XQXLt-zH3dw_08342.mp4 3;61;115
XQXLt-zH3dw_08343.mp4 3;64;115
XQXLt-zH3dw_08344.mp4 1;3;61;115
XQXLt-zH3dw_08345.mp4 3;61;115
XQXLt-zH3dw_08346.mp4 3;61;115
XQXLt-zH3dw_08347.mp4 3;61;115
XQXLt-zH3dw_08348.mp4 3;64;115
XQXLt-zH3dw_08349.mp4 3;61;115
XQXLt-zH3dw_08350.mp4 3;61;115
XQXLt-zH3dw_08351.mp4 3;64;115
XQXLt-zH3dw_08352.mp4 3;61;115
XQXLt-zH3dw_08353.mp4 3;61;115
XQXLt-zH3dw_08354.mp4 3;64;115
XQXLt-zH3dw_08355.mp4 3;64;115
XVClORjb4io_14648.mp4 1;4;8;12;102;123
XVClORjb4io_14649.mp4 1;4;8;100;123
XVClORjb4io_14650.mp4 1;3;4;8;12;102;123
XVClORjb4io_14651.mp4 4;8;100;123
XVClORjb4io_14652.mp4 1;4;8;102;123
XVClORjb4io_14653.mp4 1;4;12;103;123
XVClORjb4io_14654.mp4 4;6;8;12;102;123
XVClORjb4io_14655.mp4 1;4;8;12;103;123
XVClORjb4io_14656.mp4 3;4;8;100;123
XVClORjb4io_14657.mp4 4;8;102;123
XVClORjb4io_14658.mp4 1;4;8;103;123
XVClORjb4io_14659.mp4 12;101;123
XVClORjb4io_14660.mp4 1;4;8;102;123
XVClORjb4io_14661.mp4 4;8;100;123
XVClORjb4io_14662.mp4 1;4;8;102;123
XVClORjb4io_14663.mp4 1;4;8;100;123
XVClORjb4io_14664.mp4 4;8;102;123
XVClORjb4io_14665.mp4 4;8;12;102;123
XVClORjb4io_14666.mp4 4;8;99;123
XVClORjb4io_14667.mp4 1;4;8;100;123
XVClORjb4io_14668.mp4 4;8;102;123
XVClORjb4io_14669.mp4 4;6;8;12;103;123
XVClORjb4io_14670.mp4 1;4;8;100;123
XVClORjb4io_14671.mp4 1;4;8;103;123
XVClORjb4io_14672.mp4 4;12;100;123
XVClORjb4io_14673.mp4 4;8;103;123
XVClORjb4io_14674.mp4 1;4;8;103;123
XVClORjb4io_14675.mp4 4;8;12;103;123
XVClORjb4io_14676.mp4 1;4;12;101;123
X_66SqLWwpk_09774.mp4 4;8;102;123
X_66SqLWwpk_09775.mp4 1;3;4;8;100;123
X_66SqLWwpk_09776.mp4 1;4;8;102;123
X_66SqLWwpk_09777.mp4 1;4;8;100;123
X_66SqLWwpk_09778.mp4 4;12;102;123
X_66SqLWwpk_09779.mp4 4;8;100;123
X_66SqLWwpk_09780.mp4 1;4;8;102;123
X_66SqLWwpk_09781.mp4 4;8;99;123
X_66SqLWwpk_09782.mp4 3;4;8;100;123
X_66SqLWwpk_09783.mp4 4;8;102;123
X_66SqLWwpk_09784.mp4 1;4;8;100;123
X_66SqLWwpk_09785.mp4 4;12;102;123
X_66SqLWwpk_09786.mp4 1;4;8;102;123
X_66SqLWwpk_09787.mp4 4;12;100;123
X_66SqLWwpk_09788.mp4 4;8;12;99;123
X_66SqLWwpk_09789.mp4 4;8;100;123
X_66SqLWwpk_09790.mp4 4;12;102;123
X_66SqLWwpk_09791.mp4 4;12;102;123
X_66SqLWwpk_09792.mp4 1;3;4;12;100;123
X_66SqLWwpk_09793.mp4 1;2;3;4;6;8;102;123
X_66SqLWwpk_09794.mp4 4;12;100;123
X_66SqLWwpk_09795.mp4 1;4;8;100;123
X_66SqLWwpk_09796.mp4 1;4;8;99;123
X_66SqLWwpk_09797.mp4 12;101;123
X_66SqLWwpk_09798.mp4 1;4;12;99;123
X_66SqLWwpk_09799.mp4 4;12;99;123
X_66SqLWwpk_09800.mp4 3;4;8;12;101;123
XlU4caXe_40_07373.mp4 4;6;8;95;122
XlU4caXe_40_07374.mp4 2;8;98;122
XlU4caXe_40_07375.mp4 3;4;8;12;95;122
XlU4caXe_40_07376.mp4 1;3;4;8;12;96;122
XlU4caXe_40_07377.mp4 1;3;4;6;8;95;122
XlU4caXe_40_07378.mp4 3;4;8;12;95;122
XlU4caXe_40_07379.mp4 4;8;12;98;122
XlU4caXe_40_07380.mp4 3;6;8;95;122
XlU4caXe_40_07381.mp4 3;4;6;95;122
XlU4caXe_40_07382.mp4 1;4;6;8;12;95;122
XlU4caXe_40_07383.mp4 3;4;8;12;95;122
XlU4caXe_40_07384.mp4 3;4;8;12;96;122
XlU4caXe_40_07385.mp4 0;4;6;8;12;95;122
XlU4caXe_40_07386.mp4 3;8;95;122
XlU4caXe_40_07387.mp4 3;4;8;12;98;122
XlU4caXe_40_07388.mp4 2;4;6;8;12;98;122
XlU4caXe_40_07389.mp4 8;96;122
XlU4caXe_40_07390.mp4 12;98;122
XlU4caXe_40_07391.mp4 4;8;12;98;122
Xp1EV1GGPHs_02160.mp4 3;6;8;25;106
Xp1EV1GGPHs_02161.mp4 8;12;24;106
Xp1EV1GGPHs_02162.mp4 3;4;8;12;25;106
Xp1EV1GGPHs_02163.mp4 3;4;6;8;12;25;106
Xp1EV1GGPHs_02164.mp4 3;4;6;12;25;106
Xp1EV1GGPHs_02165.mp4 3;4;8;12;25;106
Xp1EV1GGPHs_02166.mp4 1;4;8;22;106
Xp1EV1GGPHs_02167.mp4 3;4;6;8;12;25;106
Xp1EV1GGPHs_02168.mp4 3;4;6;8;25;106
Xp1EV1GGPHs_02169.mp4 2;3;8;12;24;106
Xp1EV1GGPHs_02170.mp4 3;4;6;8;25;106
Xp1EV1GGPHs_02171.mp4 8;25;106
Xp1EV1GGPHs_02172.mp4 3;8;12;24;106
Xp1EV1GGPHs_02173.mp4 3;4;8;12;25;106
Xp1EV1GGPHs_02174.mp4 1;3;8;12;24;106
Xp1EV1GGPHs_02175.mp4 3;4;8;12;24;106
Xp1EV1GGPHs_02176.mp4 3;4;8;12;22;106
Xp1EV1GGPHs_02177.mp4 3;4;6;8;22;106
Xp1EV1GGPHs_02178.mp4 1;3;4;6;8;12;23;106
Xp1EV1GGPHs_02179.mp4 3;5;8;12;24;106
XxMl26rmUaA_12066.mp4 1;4;69;116
XxMl26rmUaA_12067.mp4 4;71;116
Y5qLmrvj9N0_00126.mp4 1;3;94;121
Y5qLmrvj9N0_00127.mp4 1;3;4;94;121
Y5qLmrvj9N0_00128.mp4 1;3;4;94;121
Y5qLmrvj9N0_00129.mp4 1;3;94;121
Y5qLmrvj9N0_00130.mp4 3;94;121
Y5qLmrvj9N0_00132.mp4 1;3;4;94;121
Y5qLmrvj9N0_00133.mp4 1;3;4;12;94;121
Y5qLmrvj9N0_00135.mp4 1;3;4;12;94;121
Y5qLmrvj9N0_00136.mp4 1;3;4;93;121
Y5qLmrvj9N0_00137.mp4 1;3;93;121
Y5qLmrvj9N0_00138.mp4 3;93;121
Y5qLmrvj9N0_00139.mp4 3;93;121
Y5qLmrvj9N0_00141.mp4 1;3;4;93;121
Y5qLmrvj9N0_00142.mp4 1;3;4;93;121
Y5qLmrvj9N0_00143.mp4 1;3;4;93;121
YHGD308Ksh0_09135.mp4 67;115
YHGD308Ksh0_09136.mp4 66;115
YHGD308Ksh0_09137.mp4 3;66;115
YHGD308Ksh0_09138.mp4 3;12;67;115
YHGD308Ksh0_09139.mp4 3;63;115
YHGD308Ksh0_09140.mp4 3;67;115
YHGD308Ksh0_09141.mp4 3;63;115
YHGD308Ksh0_09142.mp4 67;115
YHGD308Ksh0_09143.mp4 3;63;115
YHGD308Ksh0_09144.mp4 3;67;115
YHGD308Ksh0_09145.mp4 3;65;115
YHGD308Ksh0_09146.mp4 3;65;115
YHGD308Ksh0_09147.mp4 3;65;115
YHGD308Ksh0_09148.mp4 3;12;65;115
YHGD308Ksh0_09149.mp4 3;66;115
YHGD308Ksh0_09150.mp4 66;115
YHGD308Ksh0_09151.mp4 66;115
YHGD308Ksh0_09152.mp4 66;115
YHg-sh1t1rY_03567.mp4 3;12;91;121
YHg-sh1t1rY_03568.mp4 3;94;121
YIxhfyuoxxs_15719.mp4 1;3;12;37;109
YIxhfyuoxxs_15720.mp4 1;3;4;8;12;35;109
YIxhfyuoxxs_15721.mp4 1;3;4;8;35;109
YIxhfyuoxxs_15722.mp4 3;4;12;37;109
YIxhfyuoxxs_15723.mp4 1;4;12;35;109
YIxhfyuoxxs_15724.mp4 0;1;3;4;9;11;12;35;109
YIxhfyuoxxs_15725.mp4 36;109
YIxhfyuoxxs_15726.mp4 3;4;12;37;109
YIxhfyuoxxs_15727.mp4 1;3;4;12;35;109
YIxhfyuoxxs_15728.mp4 0;1;3;4;8;12;35;109
YIxhfyuoxxs_15729.mp4 3;12;37;109
YIxhfyuoxxs_15730.mp4 0;3;4;8;12;35;109
YIxhfyuoxxs_15731.mp4 0;1;2;4;8;12;35;109
YIxhfyuoxxs_15732.mp4 1;2;3;4;10;12;35;109
YOPDHRqi3Uo_05203.mp4 3;14;104
YOPDHRqi3Uo_05204.mp4 3;14;104
YOPDHRqi3Uo_05205.mp4 3;14;104
YUytvAg_hE4_05168.mp4 1;3;12;15;104
Yg2oElKPCas_01708.mp4 3;4;6;8;12;22;106
Yg2oElKPCas_01709.mp4 3;4;8;12;22;106
Yg2oElKPCas_01710.mp4 1;3;4;8;12;25;106
Yg2oElKPCas_01711.mp4 3;4;8;12;25;106
Yg2oElKPCas_01712.mp4 3;4;6;8;12;25;106
Yg2oElKPCas_01713.mp4 1;3;4;12;23;106
Yg2oElKPCas_01714.mp4 1;3;4;8;12;23;106
Yg2oElKPCas_01715.mp4 4;8;12;22;106
Yg2oElKPCas_01716.mp4 3;4;6;8;12;25;106
Yg2oElKPCas_01717.mp4 3;4;6;8;12;25;106
Yg2oElKPCas_01718.mp4 3;4;6;8;12;22;106
Yg2oElKPCas_01719.mp4 3;4;6;8;12;22;106
Yg2oElKPCas_01720.mp4 3;4;6;8;12;25;106
Yg2oElKPCas_01721.mp4 4;8;12;22;106
Yg2oElKPCas_01722.mp4 4;6;8;12;22;106
Yg2oElKPCas_01723.mp4 4;12;24;106
Yg2oElKPCas_01724.mp4 3;4;6;8;12;25;106
Yg2oElKPCas_01725.mp4 3;4;12;25;106
Yg2oElKPCas_01726.mp4 3;4;6;8;12;25;106
Yg2oElKPCas_01727.mp4 4;6;8;12;22;106
Yg2oElKPCas_01728.mp4 4;8;22;106
Yg2oElKPCas_01729.mp4 1;3;4;12;23;106
Yg2oElKPCas_01730.mp4 3;8;12;23;106
Yg2oElKPCas_01731.mp4 1;3;4;8;12;24;106
Yg2oElKPCas_01732.mp4 4;6;8;12;25;106
Yg2oElKPCas_01733.mp4 3;4;8;12;22;106
Yg2oElKPCas_01734.mp4 1;3;4;5;12;24;106
Yg2oElKPCas_01735.mp4 3;4;8;12;24;106
Yg2oElKPCas_01736.mp4 12;24;106
YhhmCzmg-BQ_05403.mp4 4;8;95;122
YhhmCzmg-BQ_05404.mp4 3;4;6;8;12;98;122
YhhmCzmg-BQ_05405.mp4 1;3;8;12;95;122
YhhmCzmg-BQ_05406.mp4 1;3;4;6;8;12;95;122
YhhmCzmg-BQ_05407.mp4 3;4;6;8;12;95;122
YhhmCzmg-BQ_05408.mp4 3;4;8;95;122
YhhmCzmg-BQ_05409.mp4 4;8;95;122
YlflNGhP9s8_07892.mp4 1;3;12;40;110
YlflNGhP9s8_07893.mp4 1;3;40;110
YlvE2UZ7ohM_10006.mp4 3;4;54;113
YlvE2UZ7ohM_10007.mp4 12;54;113
YlvE2UZ7ohM_10008.mp4 0;1;3;4;12;54;113
YlvE2UZ7ohM_10009.mp4 1;3;4;12;54;113
YlvE2UZ7ohM_10010.mp4 3;57;113
YlvE2UZ7ohM_10011.mp4 1;2;3;4;12;54;113
YlvE2UZ7ohM_10012.mp4 1;2;4;54;113
YuByajKtY30_08367.mp4 12;66;115
YuByajKtY30_08368.mp4 1;3;12;62;115
YuByajKtY30_08369.mp4 1;3;66;115
YuByajKtY30_08370.mp4 1;3;12;65;115
YuByajKtY30_08371.mp4 64;115
YuByajKtY30_08372.mp4 1;3;61;115
YuByajKtY30_08373.mp4 3;61;115
YuByajKtY30_08374.mp4 1;3;12;66;115
YuByajKtY30_08375.mp4 1;3;66;115
YuByajKtY30_08376.mp4 12;66;115
YuByajKtY30_08377.mp4 3;66;115
YuByajKtY30_08378.mp4 66;115
YuByajKtY30_08379.mp4 1;3;66;115
YuByajKtY30_08380.mp4 1;3;66;115
YuByajKtY30_08381.mp4 1;3;4;66;115
YzwxzJcGWmI_05345.mp4 1;8;12;31;108
YzwxzJcGWmI_05346.mp4 1;12;31;108
Z2fve5HdRwg_10372.mp4 3;8;12;54;113
Z2fve5HdRwg_10373.mp4 0;1;4;54;113
Z2fve5HdRwg_10374.mp4 3;4;12;54;113
Z2fve5HdRwg_10375.mp4 12;54;113
Z2fve5HdRwg_10376.mp4 54;113
Z2fve5HdRwg_10377.mp4 1;4;8;54;113
Z2fve5HdRwg_10378.mp4 1;3;4;54;113
Z2fve5HdRwg_10379.mp4 1;4;12;54;113
Z7Yp_TOt43s_05650.mp4 1;4;12;31;108
Z7Yp_TOt43s_05651.mp4 1;12;31;108
Z7Yp_TOt43s_05652.mp4 1;4;12;31;108
Z7Yp_TOt43s_05653.mp4 1;12;31;108
Z9tJBluH1Zw_02842.mp4 1;3;4;12;19;105
Z9tJBluH1Zw_02843.mp4 1;3;4;19;105
Z9tJBluH1Zw_02844.mp4 1;2;4;19;105
Z9tJBluH1Zw_02845.mp4 0;2;10;12;19;105
Z9tJBluH1Zw_02846.mp4 1;4;19;105
Z9tJBluH1Zw_02847.mp4 1;3;4;12;19;105
Z9tJBluH1Zw_02848.mp4 1;3;4;9;11;12;19;105
Z9tJBluH1Zw_02849.mp4 1;3;4;12;19;105
Z9tJBluH1Zw_02850.mp4 1;4;19;105
ZGeWkzK3nE8_10997.mp4 1;3;93;121
ZGeWkzK3nE8_10998.mp4 12;91;121
ZJr1QKXetuw_12657.mp4 3;12;88;120
ZJr1QKXetuw_12658.mp4 1;3;90;120
ZJr1QKXetuw_12659.mp4 1;3;90;120
ZJr1QKXetuw_12660.mp4 1;3;89;120
ZJr1QKXetuw_12661.mp4 1;3;89;120
ZJr1QKXetuw_12662.mp4 1;3;4;90;120
ZJr1QKXetuw_12663.mp4 1;3;89;120
ZJr1QKXetuw_12664.mp4 1;3;89;120
ZJr1QKXetuw_12665.mp4 3;12;90;120
ZJr1QKXetuw_12666.mp4 1;3;90;120
ZJr1QKXetuw_12667.mp4 1;3;90;120
ZJr1QKXetuw_12668.mp4 1;3;89;120
ZJr1QKXetuw_12669.mp4 1;3;89;120
ZJr1QKXetuw_12670.mp4 1;3;90;120
ZJr1QKXetuw_12671.mp4 1;3;90;120
ZJr1QKXetuw_12672.mp4 3;89;120
ZJr1QKXetuw_12673.mp4 1;3;90;120
ZJr1QKXetuw_12674.mp4 1;3;90;120
ZJr1QKXetuw_12675.mp4 3;12;87;120
Zb7mZzeM4OA_12134.mp4 1;2;3;69;116
Zb7mZzeM4OA_12135.mp4 3;72;116
Zb7mZzeM4OA_12136.mp4 1;3;69;116
Zb7mZzeM4OA_12137.mp4 1;2;3;69;116
Zb7mZzeM4OA_12138.mp4 3;12;70;116
Zb7mZzeM4OA_12139.mp4 1;2;69;116
Zb7mZzeM4OA_12140.mp4 1;2;3;69;116
Zb7mZzeM4OA_12141.mp4 1;3;72;116
Zb7mZzeM4OA_12142.mp4 1;3;69;116
ZbCTDaGSEaw_07490.mp4 4;8;96;122
ZbCTDaGSEaw_07491.mp4 3;4;8;97;122
ZbCTDaGSEaw_07492.mp4 3;4;8;12;97;122
ZbCTDaGSEaw_07493.mp4 3;4;8;12;96;122
ZbCTDaGSEaw_07494.mp4 1;3;4;8;12;96;122
ZbCTDaGSEaw_07495.mp4 4;8;95;122
ZbCTDaGSEaw_07496.mp4 0;1;3;4;8;96;122
ZbCTDaGSEaw_07497.mp4 3;4;8;12;95;122
ZbCTDaGSEaw_07498.mp4 4;6;8;95;122
ZbCTDaGSEaw_07499.mp4 4;8;97;122
ZbCTDaGSEaw_07500.mp4 1;4;8;12;97;122
ZbCTDaGSEaw_07501.mp4 1;8;95;122
ZcZWKvH_EBs_10632.mp4 38;110
ZcZWKvH_EBs_10633.mp4 38;110
ZcZWKvH_EBs_10634.mp4 38;110
ZcZWKvH_EBs_10635.mp4 38;110
ZcZWKvH_EBs_10636.mp4 3;43;110
ZcZWKvH_EBs_10637.mp4 38;110
ZiVD6iKuc1U_13793.mp4 1;3;83;119
ZiVD6iKuc1U_13794.mp4 1;3;4;83;119
ZiVD6iKuc1U_13795.mp4 1;3;86;119
ZiVD6iKuc1U_13796.mp4 1;3;86;119
ZiVD6iKuc1U_13797.mp4 1;5;83;119
ZiVD6iKuc1U_13798.mp4 1;83;119
ZiVD6iKuc1U_13799.mp4 1;3;4;83;119
ZiVD6iKuc1U_13800.mp4 1;3;4;12;83;119
ZiVD6iKuc1U_13801.mp4 1;3;4;83;119
ZiVD6iKuc1U_13802.mp4 1;3;4;12;83;119
ZiVD6iKuc1U_13803.mp4 3;86;119
ZiVD6iKuc1U_13804.mp4 1;85;119
ZiVD6iKuc1U_13805.mp4 1;4;12;83;119
ZiVD6iKuc1U_13806.mp4 1;3;83;119
ZiVD6iKuc1U_13807.mp4 1;3;86;119
ZiVD6iKuc1U_13808.mp4 1;3;4;85;119
ZiVD6iKuc1U_13809.mp4 3;4;12;86;119
ZiVD6iKuc1U_13810.mp4 1;3;4;86;119
ZiVD6iKuc1U_13811.mp4 1;3;12;86;119
Zlm48cbZgh4_12439.mp4 1;4;46;111
Zlm48cbZgh4_12440.mp4 3;47;111
ZmNE90DW57k_00209.mp4 1;4;79;118
ZmNE90DW57k_00210.mp4 4;79;118
_0w8modg7Zc_12143.mp4 0;1;3;4;12;69;116
_0w8modg7Zc_12144.mp4 1;3;71;116
_0w8modg7Zc_12145.mp4 1;3;72;116
_0w8modg7Zc_12146.mp4 1;3;70;116
_0w8modg7Zc_12147.mp4 1;3;12;71;116
_3QZ-fq8JZM_04501.mp4 8;12;58;114
_3QZ-fq8JZM_04502.mp4 3;4;6;8;59;114
_3QZ-fq8JZM_04503.mp4 6;8;12;58;114
_3QZ-fq8JZM_04504.mp4 4;6;8;12;59;114
_3QZ-fq8JZM_04505.mp4 1;3;4;8;12;59;114
_3QZ-fq8JZM_04506.mp4 4;8;59;114
_3QZ-fq8JZM_04507.mp4 1;4;6;8;59;114
_3QZ-fq8JZM_04508.mp4 4;6;8;12;59;114
_3QZ-fq8JZM_04509.mp4 4;6;8;12;59;114
_3QZ-fq8JZM_04510.mp4 3;4;8;12;59;114
_3QZ-fq8JZM_04511.mp4 6;8;12;58;114
_3QZ-fq8JZM_04512.mp4 4;6;8;12;59;114
_3QZ-fq8JZM_04513.mp4 2;4;6;8;58;114
_3QZ-fq8JZM_04514.mp4 1;4;6;8;58;114
_5ch0FUNaKM_03553.mp4 1;3;4;6;8;12;25;106
_5ch0FUNaKM_03554.mp4 3;4;6;8;12;25;106
_5ch0FUNaKM_03555.mp4 3;4;6;8;12;25;106
_5ch0FUNaKM_03556.mp4 3;8;12;24;106
_5ch0FUNaKM_03557.mp4 4;6;8;25;106
_5ch0FUNaKM_03558.mp4 3;4;6;8;12;25;106
_5ch0FUNaKM_03559.mp4 3;4;6;8;12;25;106
_5ch0FUNaKM_03560.mp4 3;4;6;8;12;25;106
_5ch0FUNaKM_03561.mp4 2;3;4;6;8;12;25;106
_5ch0FUNaKM_03562.mp4 1;4;6;8;12;24;106
_5ch0FUNaKM_03563.mp4 3;4;8;12;22;106
_5ch0FUNaKM_03564.mp4 3;4;8;12;24;106
_5ch0FUNaKM_03565.mp4 1;3;4;8;12;25;106
_5ch0FUNaKM_03566.mp4 3;4;6;8;25;106
_64NqBd6rTM_08652.mp4 29;107
_64NqBd6rTM_08653.mp4 29;107
_64NqBd6rTM_08654.mp4 29;107
_64NqBd6rTM_08655.mp4 29;107
_6Y52JHN-LA_13133.mp4 3;4;12;92;121
_6Y52JHN-LA_13134.mp4 3;9;11;94;121
_6Y52JHN-LA_13135.mp4 1;3;12;92;121
_6Y52JHN-LA_13136.mp4 1;3;12;92;121
_6Y52JHN-LA_13137.mp4 3;12;92;121
_6Y52JHN-LA_13138.mp4 1;3;12;92;121
_858pxtNmPI_04182.mp4 1;74;117
_858pxtNmPI_04183.mp4 1;74;117
_Bj0FbjFFJY_00231.mp4 1;3;4;80;118
_Bj0FbjFFJY_00232.mp4 1;4;79;118
_HbecwTgugc_00186.mp4 1;2;3;4;80;118
_HbecwTgugc_00187.mp4 0;1;3;4;11;12;80;118
_HbecwTgugc_00188.mp4 1;2;3;4;80;118
_HbecwTgugc_00189.mp4 1;3;4;12;79;118
_PxHGJArC00_03765.mp4 3;4;6;8;12;25;106
_PxHGJArC00_03766.mp4 1;4;6;8;25;106
_PxHGJArC00_03767.mp4 3;4;6;8;12;25;106
_PxHGJArC00_03768.mp4 1;3;4;8;25;106
_PxHGJArC00_03769.mp4 3;4;8;12;25;106
_PxHGJArC00_03770.mp4 4;6;8;25;106
_PxHGJArC00_03771.mp4 3;4;6;8;12;25;106
_PxHGJArC00_03772.mp4 3;4;6;8;25;106
_PxHGJArC00_03773.mp4 3;4;6;8;12;25;106
_PxHGJArC00_03774.mp4 1;3;4;8;12;25;106
_PxHGJArC00_03776.mp4 4;8;22;106
_PxHGJArC00_03777.mp4 4;6;8;22;106
_PxHGJArC00_03778.mp4 4;8;22;106
_PxHGJArC00_03779.mp4 3;4;8;22;106
_PxHGJArC00_03780.mp4 3;4;12;24;106
_TtPJJYKSK4_00225.mp4 1;3;4;80;118
_TtPJJYKSK4_00226.mp4 1;3;4;80;118
_TtPJJYKSK4_00227.mp4 1;4;79;118
_b5qkemFbJw_06921.mp4 4;6;8;12;96;122
_b5qkemFbJw_06922.mp4 4;8;12;96;122
_b5qkemFbJw_06923.mp4 8;98;122
_b5qkemFbJw_06924.mp4 4;8;12;96;122
_b5qkemFbJw_06925.mp4 8;98;122
_b5qkemFbJw_06926.mp4 4;8;12;96;122
_b5qkemFbJw_06927.mp4 3;8;98;122
_b5qkemFbJw_06928.mp4 4;8;96;122
_b5qkemFbJw_06929.mp4 3;4;8;12;96;122
_b5qkemFbJw_06930.mp4 4;8;12;95;122
_b5qkemFbJw_06931.mp4 1;3;4;8;12;98;122
_b5qkemFbJw_06932.mp4 4;8;12;95;122
_b5qkemFbJw_06933.mp4 0;4;12;95;122
_b5qkemFbJw_06934.mp4 1;4;8;95;122
_b5qkemFbJw_06935.mp4 4;8;12;96;122
_b5qkemFbJw_06936.mp4 4;8;96;122
_b5qkemFbJw_06937.mp4 1;3;4;5;12;98;122
_b5qkemFbJw_06938.mp4 4;8;12;96;122
_b5qkemFbJw_06939.mp4 3;4;8;12;96;122
_brT5Kl5ruc_04198.mp4 78;117
_brT5Kl5ruc_04199.mp4 74;117
_cWkp1jBcX8_07420.mp4 3;4;8;96;122
_cWkp1jBcX8_07421.mp4 3;4;8;96;122
_cWkp1jBcX8_07422.mp4 1;2;3;4;7;8;12;96;122
_cWkp1jBcX8_07423.mp4 4;8;12;96;122
_cWkp1jBcX8_07424.mp4 3;4;8;12;96;122
_cWkp1jBcX8_07425.mp4 1;3;4;8;12;96;122
_cWkp1jBcX8_07426.mp4 3;4;8;12;96;122
_cWkp1jBcX8_07427.mp4 1;3;4;8;12;96;122
_cWkp1jBcX8_07428.mp4 1;3;4;8;96;122
_cWkp1jBcX8_07429.mp4 1;4;8;96;122
_cWkp1jBcX8_07430.mp4 3;4;8;12;98;122
_moTtWvLOZ8_02820.mp4 3;4;21;105
_moTtWvLOZ8_02821.mp4 1;17;105
_moTtWvLOZ8_02822.mp4 1;3;4;21;105
_uiAg-cHJvI_11980.mp4 1;2;3;4;12;69;116
_uiAg-cHJvI_11981.mp4 1;3;4;70;116
_uiAg-cHJvI_11982.mp4 3;5;71;116
_uiAg-cHJvI_11983.mp4 0;1;3;5;71;116
a-VA5BPXty0_04031.mp4 3;4;6;8;12;25;106
a-VA5BPXty0_04032.mp4 4;6;12;25;106
a-VA5BPXty0_04033.mp4 1;3;4;6;8;25;106
a-VA5BPXty0_04034.mp4 4;6;8;22;106
a-VA5BPXty0_04035.mp4 3;4;6;8;12;25;106
a-VA5BPXty0_04036.mp4 1;3;4;8;25;106
a-VA5BPXty0_04037.mp4 1;3;4;8;12;24;106
a-VA5BPXty0_04038.mp4 1;4;6;8;22;106
a-VA5BPXty0_04039.mp4 1;4;12;24;106
a-VA5BPXty0_04040.mp4 9;12;24;106
a-VA5BPXty0_04041.mp4 4;6;8;12;25;106
a-VA5BPXty0_04042.mp4 3;4;6;8;12;22;106
a-VA5BPXty0_04043.mp4 6;8;12;22;106
a-VA5BPXty0_04044.mp4 1;4;6;8;12;25;106
a-VA5BPXty0_04045.mp4 1;4;8;12;25;106
a-VA5BPXty0_04046.mp4 1;4;6;8;12;25;106
a-VA5BPXty0_04047.mp4 1;3;4;8;12;24;106
a-VA5BPXty0_04048.mp4 3;4;6;8;12;22;106
a-VA5BPXty0_04049.mp4 6;8;12;22;106
a-VA5BPXty0_04050.mp4 3;4;8;12;25;106
a-VA5BPXty0_04051.mp4 1;4;8;12;24;106
a-VA5BPXty0_04052.mp4 3;12;24;106
a-VA5BPXty0_04053.mp4 1;3;5;6;8;12;24;106
a-VA5BPXty0_04054.mp4 3;4;6;8;22;106
a-VA5BPXty0_04055.mp4 3;4;8;12;22;106
a-VA5BPXty0_04056.mp4 3;4;6;8;12;22;106
a-VA5BPXty0_04058.mp4 3;4;6;8;24;106
a-VA5BPXty0_04057.mp4 3;4;6;8;12;22;106
a4Qvh6VIoSs_07194.mp4 8;12;96;122
a4Qvh6VIoSs_07195.mp4 8;96;122
a4Qvh6VIoSs_07196.mp4 3;4;8;12;96;122
a4Qvh6VIoSs_07197.mp4 3;4;8;12;96;122
a4Qvh6VIoSs_07198.mp4 1;3;4;8;12;96;122
a4Qvh6VIoSs_07199.mp4 1;3;4;8;12;98;122
a4Qvh6VIoSs_07200.mp4 4;6;8;12;96;122
a4Qvh6VIoSs_07201.mp4 1;4;8;96;122
a4Qvh6VIoSs_07202.mp4 1;3;4;8;96;122
a4Qvh6VIoSs_07203.mp4 1;3;4;6;8;12;98;122
a4Qvh6VIoSs_07204.mp4 8;98;122
a4Qvh6VIoSs_07205.mp4 3;4;8;12;95;122
a4Qvh6VIoSs_07206.mp4 1;2;4;7;8;12;98;122
a4Qvh6VIoSs_07207.mp4 4;6;8;96;122
a4Qvh6VIoSs_07208.mp4 4;8;96;122
a4Qvh6VIoSs_07209.mp4 8;98;122
a4Qvh6VIoSs_07210.mp4 8;12;98;122
a4Qvh6VIoSs_07211.mp4 1;3;8;98;122
a4Qvh6VIoSs_07212.mp4 2;8;98;122
a4Qvh6VIoSs_07213.mp4 2;3;4;8;12;98;122
a4Qvh6VIoSs_07214.mp4 8;98;122
a7-i2zpT2_Q_12191.mp4 2;3;6;69;116
a7-i2zpT2_Q_12192.mp4 2;3;72;116
a7-i2zpT2_Q_12193.mp4 2;3;71;116
a7-i2zpT2_Q_12194.mp4 1;2;3;69;116
aDdh2439hnU_09534.mp4 4;12;102;123
aDdh2439hnU_09535.mp4 3;12;101;123
aDdh2439hnU_09536.mp4 1;3;4;102;123
aDdh2439hnU_09537.mp4 3;101;123
aDdh2439hnU_09538.mp4 1;3;4;12;102;123
aDdh2439hnU_09539.mp4 1;4;12;102;123
aDdh2439hnU_09540.mp4 1;3;101;123
aDdh2439hnU_09541.mp4 1;3;4;102;123
aDdh2439hnU_09542.mp4 1;3;4;8;102;123
aDdh2439hnU_09543.mp4 1;4;12;102;123
aDdh2439hnU_09544.mp4 1;4;12;102;123
aDdh2439hnU_09545.mp4 1;3;101;123
aDdh2439hnU_09546.mp4 1;4;12;99;123
aDdh2439hnU_09547.mp4 1;3;4;5;12;99;123
aDdh2439hnU_09548.mp4 1;3;4;12;101;123
aDdh2439hnU_09549.mp4 4;12;100;123
aDdh2439hnU_09550.mp4 1;4;12;102;123
aFIYUSRZUEs_11753.mp4 1;4;46;111
aFIYUSRZUEs_11754.mp4 3;4;12;47;111
aHQn_B9xHmg_08000.mp4 1;3;4;68;115
aHQn_B9xHmg_08001.mp4 1;3;4;60;115
aHQn_B9xHmg_08002.mp4 1;3;4;68;115
aHQn_B9xHmg_08003.mp4 3;4;60;115
aHQn_B9xHmg_08004.mp4 1;3;4;68;115
aHQn_B9xHmg_08005.mp4 1;3;4;64;115
aHQn_B9xHmg_08006.mp4 3;12;65;115
aHQn_B9xHmg_08007.mp4 12;64;115
aHQn_B9xHmg_08008.mp4 3;64;115
aHQn_B9xHmg_08009.mp4 1;12;64;115
aHQn_B9xHmg_08010.mp4 1;3;12;64;115
aHQn_B9xHmg_08011.mp4 1;3;4;12;65;115
aHQn_B9xHmg_08012.mp4 3;64;115
aHQn_B9xHmg_08013.mp4 1;3;4;65;115
aHQn_B9xHmg_08014.mp4 1;3;4;65;115
aWQv8oApKQI_07623.mp4 1;4;8;96;122
aWQv8oApKQI_07624.mp4 1;4;8;12;96;122
aXw6ZSPtw2I_03448.mp4 3;4;8;12;22;106
aXw6ZSPtw2I_03449.mp4 3;4;6;8;12;25;106
aXw6ZSPtw2I_03450.mp4 3;4;6;8;12;22;106
aXw6ZSPtw2I_03451.mp4 3;4;8;12;22;106
aXw6ZSPtw2I_03452.mp4 1;3;4;5;8;12;24;106
aXw6ZSPtw2I_03453.mp4 3;4;8;12;22;106
aXw6ZSPtw2I_03454.mp4 3;4;6;8;25;106
aXw6ZSPtw2I_03455.mp4 3;4;6;8;12;25;106
aXw6ZSPtw2I_03456.mp4 3;4;8;12;22;106
aXw6ZSPtw2I_03457.mp4 3;4;8;12;22;106
aXw6ZSPtw2I_03458.mp4 3;4;6;8;12;22;106
aXw6ZSPtw2I_03459.mp4 3;4;6;8;12;22;106
aXw6ZSPtw2I_03460.mp4 1;4;8;12;25;106
aXw6ZSPtw2I_03461.mp4 3;4;6;8;12;22;106
aXw6ZSPtw2I_03462.mp4 3;8;12;24;106
aXw6ZSPtw2I_03463.mp4 3;4;8;12;25;106
aXw6ZSPtw2I_03464.mp4 1;4;8;25;106
aXw6ZSPtw2I_03465.mp4 3;4;6;8;12;25;106
aXw6ZSPtw2I_03466.mp4 3;8;12;24;106
aXw6ZSPtw2I_03467.mp4 3;4;6;8;12;25;106
aXw6ZSPtw2I_03468.mp4 3;4;6;8;12;25;106
aXw6ZSPtw2I_03469.mp4 1;3;4;8;12;25;106
aXw6ZSPtw2I_03470.mp4 3;4;6;8;12;22;106
aXw6ZSPtw2I_03471.mp4 1;3;5;24;106
aXw6ZSPtw2I_03472.mp4 3;5;24;106
aXw6ZSPtw2I_03473.mp4 3;12;24;106
aXw6ZSPtw2I_03474.mp4 1;3;12;24;106
acpFBY1TZbI_11916.mp4 1;3;12;73;116
acpFBY1TZbI_11917.mp4 1;2;3;12;69;116
acpFBY1TZbI_11918.mp4 1;3;4;12;73;116
acpFBY1TZbI_11919.mp4 1;2;3;69;116
aiWDOfVV3XM_04466.mp4 4;8;12;59;114
aiWDOfVV3XM_04467.mp4 6;8;12;59;114
aiWDOfVV3XM_04468.mp4 1;2;3;4;8;12;59;114
aiWDOfVV3XM_04469.mp4 8;58;114
aiWDOfVV3XM_04470.mp4 4;6;8;11;58;114
aiWDOfVV3XM_04471.mp4 3;6;8;12;59;114
aiWDOfVV3XM_04472.mp4 6;8;58;114
aiWDOfVV3XM_04473.mp4 4;6;8;12;59;114
ajOwanfJMws_10138.mp4 3;12;56;113
ajOwanfJMws_10139.mp4 1;3;4;56;113
ajOwanfJMws_10140.mp4 1;3;4;8;12;56;113
ajOwanfJMws_10141.mp4 1;2;3;4;12;56;113
ajOwanfJMws_10142.mp4 3;12;56;113
ajOwanfJMws_10143.mp4 3;12;56;113
ajOwanfJMws_10144.mp4 3;56;113
ajOwanfJMws_10145.mp4 3;56;113
ajOwanfJMws_10146.mp4 3;12;56;113
ajOwanfJMws_10147.mp4 3;12;56;113
aqD5jFxsaTo_03475.mp4 1;3;4;12;94;121
aqD5jFxsaTo_03476.mp4 1;2;3;4;94;121
aqD5jFxsaTo_03477.mp4 1;3;4;12;94;121
aqD5jFxsaTo_03478.mp4 1;3;4;94;121
aqD5jFxsaTo_03479.mp4 1;3;4;94;121
asCCeiLq9nc_07766.mp4 1;3;12;40;110
asCCeiLq9nc_07767.mp4 1;3;4;41;110
asCCeiLq9nc_07768.mp4 3;40;110
asCCeiLq9nc_07769.mp4 1;3;12;41;110
asCCeiLq9nc_07770.mp4 3;40;110
asCCeiLq9nc_07771.mp4 1;3;12;40;110
asCCeiLq9nc_07772.mp4 1;3;40;110
asCCeiLq9nc_07773.mp4 1;3;41;110
asCCeiLq9nc_07774.mp4 1;3;12;43;110
asCCeiLq9nc_07775.mp4 1;3;43;110
asCCeiLq9nc_07776.mp4 1;3;41;110
asCCeiLq9nc_07777.mp4 1;3;43;110
asCCeiLq9nc_07778.mp4 1;3;12;40;110
asCCeiLq9nc_07779.mp4 1;3;40;110
asCCeiLq9nc_07780.mp4 3;12;40;110
asCCeiLq9nc_07781.mp4 1;3;4;41;110
asCCeiLq9nc_07782.mp4 1;3;41;110
asCCeiLq9nc_07783.mp4 1;3;41;110
asCCeiLq9nc_07784.mp4 1;3;41;110
asCCeiLq9nc_07785.mp4 1;3;12;40;110
asCCeiLq9nc_07786.mp4 3;12;40;110
b1f51TOXWik_03441.mp4 3;4;35;109
b1f51TOXWik_03442.mp4 2;3;4;12;35;109
b1f51TOXWik_03443.mp4 3;4;12;35;109
b1f51TOXWik_03444.mp4 1;4;35;109
b1f51TOXWik_03445.mp4 1;4;35;109
b1f51TOXWik_03446.mp4 1;4;35;109
b1f51TOXWik_03447.mp4 1;3;4;12;35;109
b2eB_P38Pk4_12195.mp4 1;4;73;116
b2eB_P38Pk4_12196.mp4 4;12;69;116
b2eB_P38Pk4_12197.mp4 71;116
b2eB_P38Pk4_12198.mp4 1;4;69;116
b9uJxI9gh1E_05171.mp4 5;12;13;104
b9uJxI9gh1E_05172.mp4 14;104
b9uJxI9gh1E_05173.mp4 1;2;4;5;12;13;104
bFSqQJUABe0_11635.mp4 1;3;5;12;19;105
bFSqQJUABe0_11636.mp4 19;105
bFSqQJUABe0_11637.mp4 19;105
bFSqQJUABe0_11638.mp4 3;17;105
bFSqQJUABe0_11639.mp4 3;17;105
bFSqQJUABe0_11640.mp4 1;3;12;17;105
bG6I1jhg9Xw_05769.mp4 8;96;122
bG6I1jhg9Xw_05770.mp4 0;1;3;4;6;8;12;96;122
bG6I1jhg9Xw_05771.mp4 1;3;4;6;8;96;122
bG6I1jhg9Xw_05772.mp4 4;8;96;122
bG6I1jhg9Xw_05773.mp4 3;8;98;122
bG6I1jhg9Xw_05774.mp4 1;3;4;8;12;96;122
bG6I1jhg9Xw_05775.mp4 4;8;12;96;122
bG6I1jhg9Xw_05776.mp4 1;3;5;12;98;122
bG6I1jhg9Xw_05777.mp4 2;8;96;122
bW5FIkVQtyw_03625.mp4 12;92;121
bW5FIkVQtyw_03626.mp4 3;93;121
bW5FIkVQtyw_03627.mp4 3;93;121
bWqevIkfc9c_07548.mp4 1;4;8;95;122
bWqevIkfc9c_07549.mp4 1;4;8;96;122
bWqevIkfc9c_07550.mp4 1;4;8;96;122
bWqevIkfc9c_07551.mp4 0;3;4;6;12;98;122
bWqevIkfc9c_07552.mp4 4;8;96;122
bWqevIkfc9c_07553.mp4 3;4;8;12;98;122
bWqevIkfc9c_07554.mp4 3;4;8;12;95;122
bWqevIkfc9c_07555.mp4 1;4;8;12;96;122
bWqevIkfc9c_07556.mp4 1;4;8;12;96;122
bWqevIkfc9c_07557.mp4 4;8;12;98;122
bWqevIkfc9c_07558.mp4 1;4;8;12;96;122
bWqevIkfc9c_07559.mp4 4;8;95;122
bWqevIkfc9c_07560.mp4 1;3;4;8;12;96;122
bWqevIkfc9c_07561.mp4 3;4;6;8;12;95;122
bWqevIkfc9c_07562.mp4 4;8;96;122
bWqevIkfc9c_07563.mp4 2;3;4;8;95;122
bWqevIkfc9c_07564.mp4 3;4;8;12;96;122
bWqevIkfc9c_07565.mp4 8;98;122
bWqevIkfc9c_07566.mp4 1;3;4;8;96;122
bWqevIkfc9c_07567.mp4 3;4;8;12;95;122
bWqevIkfc9c_07568.mp4 1;3;4;6;8;12;98;122
bWqevIkfc9c_07569.mp4 3;4;6;8;95;122
bWqevIkfc9c_07570.mp4 1;3;4;8;12;98;122
bWqevIkfc9c_07571.mp4 1;4;5;6;8;95;122
bWqevIkfc9c_07572.mp4 4;6;8;95;122
bWqevIkfc9c_07573.mp4 3;8;12;98;122
bWqevIkfc9c_07574.mp4 8;95;122
bWqevIkfc9c_07575.mp4 3;8;12;98;122
b_lq5wORkYA_05021.mp4 3;4;5;12;13;104
b_lq5wORkYA_05022.mp4 1;3;5;12;15;104
bkg4FX5rinc_04169.mp4 3;74;117
bkg4FX5rinc_04170.mp4 74;117
boTaVnmK5gM_11201.mp4 30;107
boTaVnmK5gM_11202.mp4 29;107
boTaVnmK5gM_11203.mp4 29;107
boTaVnmK5gM_11204.mp4 29;107
boTaVnmK5gM_11205.mp4 30;107
boTaVnmK5gM_11206.mp4 30;107
boTaVnmK5gM_11207.mp4 30;107
boTaVnmK5gM_11208.mp4 30;107
boTaVnmK5gM_11209.mp4 30;107
boTaVnmK5gM_11210.mp4 30;107
boTaVnmK5gM_11211.mp4 30;107
boTaVnmK5gM_11212.mp4 30;107
boTaVnmK5gM_11213.mp4 30;107
boTaVnmK5gM_11214.mp4 30;107
brug5TAEXRM_13910.mp4 1;84;119
brug5TAEXRM_13911.mp4 1;4;84;119
brug5TAEXRM_13912.mp4 1;84;119
brug5TAEXRM_13913.mp4 1;4;84;119
brug5TAEXRM_13914.mp4 1;4;84;119
brug5TAEXRM_13915.mp4 1;84;119
brug5TAEXRM_13916.mp4 1;84;119
brug5TAEXRM_13917.mp4 1;84;119
brug5TAEXRM_13918.mp4 1;4;84;119
brug5TAEXRM_13919.mp4 1;84;119
bsJXk9ZHavA_02721.mp4 3;12;17;105
bsJXk9ZHavA_02722.mp4 3;17;105
bsJXk9ZHavA_02723.mp4 18;105
bsJXk9ZHavA_02724.mp4 18;105
bsJXk9ZHavA_02725.mp4 3;19;105
bsJXk9ZHavA_02726.mp4 1;19;105
bsJXk9ZHavA_02727.mp4 1;19;105
bsJXk9ZHavA_02728.mp4 1;19;105
bsJXk9ZHavA_02729.mp4 17;105
bsJXk9ZHavA_02730.mp4 1;3;19;105
bsJXk9ZHavA_02731.mp4 17;105
bsJXk9ZHavA_02732.mp4 1;3;21;105
bsJXk9ZHavA_02733.mp4 1;3;4;21;105
bsJXk9ZHavA_02734.mp4 1;4;9;11;12;19;105
bsJXk9ZHavA_02735.mp4 2;9;11;12;19;105
bsJXk9ZHavA_02736.mp4 18;105
bsVtuOhwH7M_04821.mp4 1;3;5;12;13;104
bsVtuOhwH7M_04822.mp4 1;12;13;104
bsVtuOhwH7M_04823.mp4 3;13;104
bsaAab8KCpM_05611.mp4 8;98;122
bsaAab8KCpM_05612.mp4 2;3;12;98;122
bsaAab8KCpM_05613.mp4 8;9;12;98;122
bsaAab8KCpM_05614.mp4 8;96;122
bsaAab8KCpM_05615.mp4 4;8;95;122
bsaAab8KCpM_05616.mp4 1;3;4;6;8;12;98;122
bsaAab8KCpM_05617.mp4 4;6;8;96;122
bsaAab8KCpM_05618.mp4 1;2;3;12;98;122
bsaAab8KCpM_05619.mp4 4;8;12;96;122
bsaAab8KCpM_05620.mp4 4;8;12;96;122
bsaAab8KCpM_05621.mp4 3;4;8;96;122
bsaAab8KCpM_05622.mp4 4;8;95;122
bsaAab8KCpM_05623.mp4 8;96;122
bsaAab8KCpM_05624.mp4 1;3;4;8;95;122
bsaAab8KCpM_05625.mp4 4;6;8;12;96;122
bsaAab8KCpM_05626.mp4 4;8;12;96;122
bsaAab8KCpM_05627.mp4 3;8;12;96;122
bsaAab8KCpM_05628.mp4 3;4;8;12;96;122
bsaAab8KCpM_05630.mp4 8;95;122
bsaAab8KCpM_05631.mp4 8;95;122
bsaAab8KCpM_05632.mp4 3;4;8;12;95;122
bsaAab8KCpM_05633.mp4 4;8;95;122
bsaAab8KCpM_05634.mp4 3;8;12;95;122
bsaAab8KCpM_05635.mp4 3;4;6;8;12;95;122
buKA9bRJ9dE_06219.mp4 4;12;102;123
buKA9bRJ9dE_06220.mp4 4;6;8;103;123
buKA9bRJ9dE_06221.mp4 1;3;4;12;100;123
buKA9bRJ9dE_06222.mp4 1;4;8;12;102;123
buKA9bRJ9dE_06223.mp4 1;4;12;103;123
buKA9bRJ9dE_06224.mp4 4;6;8;9;11;100;123
buKA9bRJ9dE_06225.mp4 1;4;12;103;123
buKA9bRJ9dE_06226.mp4 1;4;8;100;123
buKA9bRJ9dE_06227.mp4 4;12;103;123
buKA9bRJ9dE_06228.mp4 4;12;103;123
buKA9bRJ9dE_06229.mp4 4;8;100;123
buKA9bRJ9dE_06231.mp4 4;6;12;99;123
buKA9bRJ9dE_06232.mp4 1;3;4;8;100;123
buKA9bRJ9dE_06233.mp4 1;4;8;102;123
buKA9bRJ9dE_06234.mp4 4;12;103;123
buKA9bRJ9dE_06235.mp4 4;8;100;123
buKA9bRJ9dE_06236.mp4 4;12;102;123
buKA9bRJ9dE_06237.mp4 4;12;103;123
buKA9bRJ9dE_06238.mp4 1;3;4;8;12;100;123
buKA9bRJ9dE_06239.mp4 4;8;102;123
buKA9bRJ9dE_06240.mp4 1;4;12;103;123
buKA9bRJ9dE_06241.mp4 3;4;8;100;123
buKA9bRJ9dE_06242.mp4 4;12;102;123
buKA9bRJ9dE_06243.mp4 1;4;12;103;123
buKA9bRJ9dE_06244.mp4 1;4;8;100;123
buKA9bRJ9dE_06245.mp4 1;4;8;100;123
buKA9bRJ9dE_06246.mp4 1;4;9;11;12;103;123
buKA9bRJ9dE_06247.mp4 1;4;8;102;123
buKA9bRJ9dE_06248.mp4 1;4;6;8;102;123
buKA9bRJ9dE_06249.mp4 4;8;102;123
c55NNuvFD1U_07984.mp4 1;3;4;12;40;110
c55NNuvFD1U_07985.mp4 3;4;12;43;110
c55NNuvFD1U_07986.mp4 1;3;12;43;110
c55NNuvFD1U_07987.mp4 1;3;4;12;42;110
c55NNuvFD1U_07988.mp4 1;4;12;39;110
c55NNuvFD1U_07990.mp4 1;4;12;39;110
c55NNuvFD1U_07991.mp4 3;4;12;43;110
c55NNuvFD1U_07992.mp4 1;3;4;12;43;110
c55NNuvFD1U_07994.mp4 1;12;39;110
c55NNuvFD1U_07995.mp4 1;3;4;41;110
c55NNuvFD1U_07996.mp4 1;3;4;12;41;110
c55NNuvFD1U_07997.mp4 1;3;4;12;41;110
c55NNuvFD1U_07998.mp4 1;4;12;42;110
c55NNuvFD1U_07999.mp4 1;3;4;12;39;110
c5fpkq6Ndeg_00682.mp4 3;4;8;12;97;122
c5fpkq6Ndeg_00683.mp4 1;4;8;12;95;122
c5fpkq6Ndeg_00684.mp4 3;4;8;12;95;122
c5fpkq6Ndeg_00685.mp4 4;6;8;95;122
c5fpkq6Ndeg_00686.mp4 3;4;6;8;95;122
c5fpkq6Ndeg_00687.mp4 1;3;4;8;97;122
c5fpkq6Ndeg_00688.mp4 3;4;8;95;122
c5fpkq6Ndeg_00689.mp4 4;7;8;95;122
c5fpkq6Ndeg_00690.mp4 3;4;8;12;95;122
c5fpkq6Ndeg_00691.mp4 3;4;8;95;122
c5fpkq6Ndeg_00692.mp4 3;4;8;12;97;122
c5fpkq6Ndeg_00693.mp4 4;6;8;12;95;122
c5fpkq6Ndeg_00694.mp4 4;8;96;122
c5fpkq6Ndeg_00695.mp4 1;4;6;8;12;95;122
c5fpkq6Ndeg_00696.mp4 1;4;8;12;96;122
c5fpkq6Ndeg_00697.mp4 1;4;8;97;122
cL_nOKlE0O8_12220.mp4 29;107
cL_nOKlE0O8_12221.mp4 29;107
cL_nOKlE0O8_12222.mp4 29;107
cL_nOKlE0O8_12223.mp4 29;107
cL_nOKlE0O8_12224.mp4 29;107
cL_nOKlE0O8_12225.mp4 29;107
cL_nOKlE0O8_12226.mp4 26;107
cL_nOKlE0O8_12227.mp4 26;107
cL_nOKlE0O8_12228.mp4 27;107
cL_nOKlE0O8_12229.mp4 26;107
cL_nOKlE0O8_12230.mp4 26;107
cL_nOKlE0O8_12231.mp4 29;107
cL_nOKlE0O8_12232.mp4 27;107
cL_nOKlE0O8_12233.mp4 26;107
cL_nOKlE0O8_12234.mp4 26;107
cL_nOKlE0O8_12235.mp4 26;107
cL_nOKlE0O8_12236.mp4 26;107
cL_nOKlE0O8_12237.mp4 26;107
cL_nOKlE0O8_12238.mp4 26;107
cO_ju5UUpZ0_15649.mp4 0;1;2;3;4;12;35;109
cO_ju5UUpZ0_15650.mp4 4;12;35;109
cO_ju5UUpZ0_15651.mp4 1;2;3;4;12;37;109
cO_ju5UUpZ0_15652.mp4 1;2;3;4;12;35;109
cO_ju5UUpZ0_15653.mp4 0;3;4;12;37;109
cO_ju5UUpZ0_15654.mp4 1;3;4;12;35;109
cO_ju5UUpZ0_15655.mp4 3;4;12;36;109
cO_ju5UUpZ0_15656.mp4 3;4;37;109
cO_ju5UUpZ0_15657.mp4 1;3;4;35;109
cO_ju5UUpZ0_15658.mp4 2;3;4;12;37;109
cO_ju5UUpZ0_15659.mp4 3;4;35;109
cO_ju5UUpZ0_15660.mp4 1;4;37;109
cO_ju5UUpZ0_15661.mp4 1;3;4;36;109
cO_ju5UUpZ0_15662.mp4 0;3;4;12;37;109
cO_ju5UUpZ0_15663.mp4 0;1;2;3;4;12;35;109
cO_ju5UUpZ0_15664.mp4 3;4;12;36;109
cO_ju5UUpZ0_15665.mp4 3;4;37;109
cO_ju5UUpZ0_15666.mp4 1;3;4;12;35;109
cO_ju5UUpZ0_15667.mp4 1;3;4;12;37;109
cO_ju5UUpZ0_15668.mp4 0;1;4;35;109
cO_ju5UUpZ0_15669.mp4 1;3;4;12;35;109
cO_ju5UUpZ0_15670.mp4 1;3;4;12;35;109
cO_ju5UUpZ0_15671.mp4 1;3;4;36;109
cV4eiFeghq8_15771.mp4 1;2;3;4;37;109
cV4eiFeghq8_15772.mp4 1;3;4;12;35;109
cV4eiFeghq8_15773.mp4 0;1;3;4;37;109
cV4eiFeghq8_15774.mp4 0;1;4;8;9;11;12;35;109
cV4eiFeghq8_15775.mp4 0;1;3;4;37;109
cV4eiFeghq8_15776.mp4 0;1;3;4;8;12;35;109
cV4eiFeghq8_15777.mp4 0;1;2;3;4;8;35;109
cV4eiFeghq8_15778.mp4 0;1;3;4;12;36;109
cV4eiFeghq8_15779.mp4 1;3;4;12;35;109
cV4eiFeghq8_15780.mp4 0;1;3;4;12;37;109
cV4eiFeghq8_15781.mp4 0;1;3;4;12;35;109
cV4eiFeghq8_15782.mp4 0;1;2;3;37;109
cV4eiFeghq8_15783.mp4 1;3;4;12;35;109
cVN8AqI8eHY_09870.mp4 0;1;3;4;12;54;113
cVN8AqI8eHY_09871.mp4 1;4;12;54;113
cVN8AqI8eHY_09872.mp4 1;3;4;12;54;113
cVN8AqI8eHY_09873.mp4 1;3;4;8;12;56;113
cVN8AqI8eHY_09874.mp4 1;3;4;12;56;113
cVN8AqI8eHY_09875.mp4 1;3;4;12;56;113
cVN8AqI8eHY_09876.mp4 1;2;3;4;12;56;113
cVN8AqI8eHY_09877.mp4 3;12;57;113
cVN8AqI8eHY_09878.mp4 1;4;12;54;113
cVN8AqI8eHY_09879.mp4 3;12;54;113
cVN8AqI8eHY_09880.mp4 1;3;4;12;54;113
cjiqdueQZHc_04573.mp4 3;4;6;8;12;59;114
cjiqdueQZHc_04574.mp4 3;4;6;8;12;59;114
cjiqdueQZHc_04575.mp4 3;4;6;8;58;114
cjiqdueQZHc_04576.mp4 3;6;8;58;114
cjiqdueQZHc_04577.mp4 4;6;8;12;59;114
cjiqdueQZHc_04578.mp4 6;8;12;59;114
cjiqdueQZHc_04579.mp4 1;3;4;6;8;12;59;114
cjiqdueQZHc_04580.mp4 4;8;59;114
cjiqdueQZHc_04581.mp4 1;3;4;8;12;59;114
cjiqdueQZHc_04582.mp4 4;6;8;59;114
cjiqdueQZHc_04583.mp4 3;4;6;8;12;59;114
cjiqdueQZHc_04584.mp4 8;59;114
cjiqdueQZHc_04585.mp4 6;8;58;114
cjiqdueQZHc_04586.mp4 2;3;6;8;58;114
cjiqdueQZHc_04587.mp4 4;8;12;58;114
cjiqdueQZHc_04588.mp4 4;6;8;12;58;114
ckK4kh0tmrY_10603.mp4 38;110
ckK4kh0tmrY_10604.mp4 1;38;110
ckK4kh0tmrY_10605.mp4 1;38;110
ckK4kh0tmrY_10606.mp4 38;110
ckK4kh0tmrY_10607.mp4 38;110
ckK4kh0tmrY_10608.mp4 1;38;110
ckK4kh0tmrY_10609.mp4 1;38;110
ckK4kh0tmrY_10610.mp4 38;110
ckK4kh0tmrY_10611.mp4 38;110
ckK4kh0tmrY_10612.mp4 1;38;110
ckNbSfn-0E4_07165.mp4 4;8;96;122
ckNbSfn-0E4_07166.mp4 8;98;122
ckNbSfn-0E4_07167.mp4 3;4;6;8;12;96;122
ckNbSfn-0E4_07168.mp4 1;3;4;8;98;122
ckNbSfn-0E4_07169.mp4 1;4;6;8;95;122
ckNbSfn-0E4_07170.mp4 8;96;122
ckNbSfn-0E4_07171.mp4 4;8;95;122
ckNbSfn-0E4_07172.mp4 3;12;98;122
ckNbSfn-0E4_07173.mp4 1;4;8;95;122
ckNbSfn-0E4_07174.mp4 8;96;122
ckNbSfn-0E4_07175.mp4 3;12;98;122
ckNbSfn-0E4_07176.mp4 8;96;122
ckNbSfn-0E4_07177.mp4 8;12;96;122
ckNbSfn-0E4_07178.mp4 4;8;96;122
ckNbSfn-0E4_07179.mp4 1;2;3;4;8;12;98;122
ckNbSfn-0E4_07180.mp4 8;96;122
ckNbSfn-0E4_07181.mp4 4;8;95;122
ckNbSfn-0E4_07182.mp4 1;4;8;95;122
ckNbSfn-0E4_07183.mp4 4;8;12;96;122
ckNbSfn-0E4_07184.mp4 3;12;98;122
ckNbSfn-0E4_07185.mp4 3;8;96;122
ckNbSfn-0E4_07186.mp4 1;4;12;98;122
ckNbSfn-0E4_07187.mp4 3;4;6;8;12;95;122
ckNbSfn-0E4_07188.mp4 3;6;8;12;98;122
ckNbSfn-0E4_07189.mp4 3;4;6;8;12;95;122
ckNbSfn-0E4_07190.mp4 3;6;8;12;95;122
ckNbSfn-0E4_07192.mp4 0;1;4;8;10;95;122
ckNbSfn-0E4_07193.mp4 3;4;12;98;122
ckvIqcBZoBc_10741.mp4 1;3;50;112
ckvIqcBZoBc_10742.mp4 1;3;12;53;112
ckvIqcBZoBc_10743.mp4 1;3;52;112
d9B-rg57-OE_03602.mp4 1;4;6;8;12;25;106
d9B-rg57-OE_03603.mp4 1;3;4;6;8;12;25;106
d9B-rg57-OE_03604.mp4 3;4;6;8;12;25;106
d9B-rg57-OE_03605.mp4 3;4;6;8;12;25;106
d9B-rg57-OE_03606.mp4 3;4;6;8;12;25;106
d9B-rg57-OE_03607.mp4 3;8;12;24;106
d9B-rg57-OE_03608.mp4 1;3;4;6;8;12;25;106
d9B-rg57-OE_03609.mp4 3;4;6;8;12;25;106
d9B-rg57-OE_03610.mp4 3;6;8;25;106
d9B-rg57-OE_03611.mp4 3;4;6;8;12;25;106
d9B-rg57-OE_03612.mp4 3;8;12;24;106
d9B-rg57-OE_03613.mp4 3;4;6;8;12;25;106
d9B-rg57-OE_03614.mp4 4;6;8;22;106
d9B-rg57-OE_03615.mp4 1;4;12;24;106
d9B-rg57-OE_03616.mp4 3;4;6;8;12;22;106
d9B-rg57-OE_03617.mp4 3;8;24;106
d9B-rg57-OE_03618.mp4 4;8;12;22;106
d9B-rg57-OE_03619.mp4 4;6;8;22;106
d9B-rg57-OE_03620.mp4 4;6;8;22;106
d9B-rg57-OE_03621.mp4 3;12;24;106
dGvYk8aHRt8_07625.mp4 1;4;12;38;110
dGvYk8aHRt8_07626.mp4 1;3;4;12;39;110
dGvYk8aHRt8_07627.mp4 1;3;12;40;110
dGvYk8aHRt8_07628.mp4 1;3;4;40;110
dK0CaVA-dfs_12287.mp4 30;107
dK0CaVA-dfs_12288.mp4 30;107
dK0CaVA-dfs_12289.mp4 30;107
dK0CaVA-dfs_12290.mp4 30;107
dK0CaVA-dfs_12291.mp4 30;107
dK0CaVA-dfs_12292.mp4 30;107
dK0CaVA-dfs_12293.mp4 30;107
dK0CaVA-dfs_12294.mp4 30;107
dK0CaVA-dfs_12295.mp4 30;107
dK0CaVA-dfs_12296.mp4 30;107
dLA76V-e2TM_15405.mp4 3;4;8;100;123
dLA76V-e2TM_15406.mp4 1;3;4;12;101;123
dLA76V-e2TM_15407.mp4 1;4;8;100;123
dLA76V-e2TM_15408.mp4 3;4;12;100;123
dLA76V-e2TM_15409.mp4 1;4;8;102;123
dLA76V-e2TM_15410.mp4 1;4;6;8;12;103;123
dLA76V-e2TM_15411.mp4 1;4;8;102;123
dLA76V-e2TM_15412.mp4 4;8;100;123
dLA76V-e2TM_15413.mp4 0;4;8;103;123
dLA76V-e2TM_15414.mp4 1;4;12;101;123
dLA76V-e2TM_15415.mp4 4;8;102;123
dLA76V-e2TM_15416.mp4 1;4;12;103;123
dLA76V-e2TM_15417.mp4 1;4;8;100;123
dLA76V-e2TM_15418.mp4 1;4;12;103;123
dLA76V-e2TM_15419.mp4 4;12;101;123
dLA76V-e2TM_15420.mp4 1;4;8;102;123
dLA76V-e2TM_15421.mp4 1;4;12;103;123
dLA76V-e2TM_15422.mp4 1;4;8;100;123
dLA76V-e2TM_15423.mp4 4;6;8;103;123
dLA76V-e2TM_15424.mp4 4;5;8;102;123
dLA76V-e2TM_15425.mp4 8;103;123
dLA76V-e2TM_15426.mp4 1;4;12;102;123
dLA76V-e2TM_15427.mp4 4;8;103;123
dLA76V-e2TM_15428.mp4 1;4;8;100;123
dLA76V-e2TM_15429.mp4 1;4;8;102;123
dLA76V-e2TM_15430.mp4 1;4;8;103;123
dLA76V-e2TM_15431.mp4 1;4;6;8;102;123
dLA76V-e2TM_15432.mp4 1;4;8;102;123
dLA76V-e2TM_15433.mp4 1;4;12;103;123
dLA76V-e2TM_15434.mp4 4;8;100;123
dLA76V-e2TM_15435.mp4 1;4;8;102;123
dLA76V-e2TM_15436.mp4 1;4;8;100;123
dLA76V-e2TM_15437.mp4 1;4;8;100;123
dLA76V-e2TM_15438.mp4 1;101;123
dLA76V-e2TM_15439.mp4 4;12;99;123
dLA76V-e2TM_15440.mp4 4;12;101;123
dNNy0E2Tx6E_00796.mp4 1;3;4;34;108
dNNy0E2Tx6E_00797.mp4 3;4;34;108
dNNy0E2Tx6E_00798.mp4 1;4;34;108
dNNy0E2Tx6E_00799.mp4 1;4;34;108
dNNy0E2Tx6E_00800.mp4 34;108
dNNy0E2Tx6E_00801.mp4 1;3;4;34;108
dNNy0E2Tx6E_00802.mp4 1;2;4;34;108
dNNy0E2Tx6E_00803.mp4 1;2;3;4;34;108
dNniHrlv7f4_09449.mp4 1;3;4;12;100;123
dNniHrlv7f4_09450.mp4 1;3;4;12;100;123
dNniHrlv7f4_09451.mp4 4;12;102;123
dNniHrlv7f4_09452.mp4 1;3;4;100;123
dNniHrlv7f4_09453.mp4 1;4;8;102;123
dNniHrlv7f4_09454.mp4 1;3;4;12;100;123
dNniHrlv7f4_09455.mp4 1;3;4;8;100;123
dNniHrlv7f4_09456.mp4 1;4;8;102;123
dNniHrlv7f4_09457.mp4 1;3;4;100;123
dNniHrlv7f4_09458.mp4 1;3;4;12;100;123
dNniHrlv7f4_09459.mp4 4;12;102;123
dNniHrlv7f4_09460.mp4 1;3;4;12;100;123
dNniHrlv7f4_09461.mp4 4;12;102;123
dNniHrlv7f4_09462.mp4 1;3;4;12;100;123
dNniHrlv7f4_09463.mp4 1;3;4;12;100;123
dNniHrlv7f4_09464.mp4 4;8;102;123
dNniHrlv7f4_09465.mp4 4;8;102;123
dNniHrlv7f4_09466.mp4 4;8;102;123
dNniHrlv7f4_09467.mp4 4;12;102;123
dNniHrlv7f4_09468.mp4 0;4;8;12;101;123
dNniHrlv7f4_09469.mp4 1;4;8;102;123
dNniHrlv7f4_09470.mp4 3;4;12;101;123
dNniHrlv7f4_09471.mp4 1;12;101;123
dPEIMdQ2t3U_15921.mp4 1;3;4;12;35;109
dPEIMdQ2t3U_15922.mp4 1;3;4;12;35;109
dPEIMdQ2t3U_15923.mp4 1;3;12;35;109
dQHmh212wns_10850.mp4 1;3;4;50;112
dQHmh212wns_10851.mp4 1;3;4;51;112
dQHmh212wns_10852.mp4 1;3;4;12;50;112
dQHmh212wns_10853.mp4 1;3;4;51;112
dQHmh212wns_10854.mp4 3;50;112
dQzOM1fVqsQ_00777.mp4 1;3;12;34;108
dQzOM1fVqsQ_00778.mp4 1;4;34;108
dQzOM1fVqsQ_00779.mp4 1;4;34;108
dQzOM1fVqsQ_00780.mp4 4;34;108
dQzOM1fVqsQ_00781.mp4 1;4;34;108
dQzOM1fVqsQ_00782.mp4 1;4;34;108
dQzOM1fVqsQ_00783.mp4 1;4;34;108
dQzOM1fVqsQ_00784.mp4 1;4;34;108
dQzOM1fVqsQ_00785.mp4 1;4;34;108
dQzOM1fVqsQ_00786.mp4 1;4;34;108
dZW6J4bKPG8_12433.mp4 46;111
dZW6J4bKPG8_12434.mp4 3;4;12;46;111
dZW6J4bKPG8_12435.mp4 3;47;111
dZW6J4bKPG8_12436.mp4 3;47;111
dZW6J4bKPG8_12437.mp4 1;3;47;111
dZW6J4bKPG8_12438.mp4 3;4;47;111
dhBkWdeLHFQ_12072.mp4 1;3;9;73;116
dhBkWdeLHFQ_12073.mp4 0;1;2;3;4;10;11;69;116
dhBkWdeLHFQ_12074.mp4 1;3;70;116
di6WR40Ju4o_06551.mp4 1;3;4;12;93;121
di6WR40Ju4o_06552.mp4 1;3;93;121
di6WR40Ju4o_06553.mp4 1;3;12;93;121
dmfO0qHcSo4_05927.mp4 1;4;12;81;118
dmfO0qHcSo4_05928.mp4 1;3;4;12;81;118
dmfO0qHcSo4_05929.mp4 1;4;12;81;118
dmfO0qHcSo4_05930.mp4 1;4;12;81;118
dqcMjZgCy3M_09423.mp4 1;4;6;8;25;106
dqcMjZgCy3M_09424.mp4 4;6;8;12;25;106
dqcMjZgCy3M_09425.mp4 1;3;4;6;8;12;25;106
dqcMjZgCy3M_09426.mp4 1;4;8;25;106
dqcMjZgCy3M_09427.mp4 3;4;6;8;12;25;106
dqcMjZgCy3M_09428.mp4 4;8;12;25;106
dqcMjZgCy3M_09429.mp4 4;8;25;106
dqcMjZgCy3M_09430.mp4 3;4;8;22;106
dqcMjZgCy3M_09431.mp4 3;4;6;8;22;106
dqcMjZgCy3M_09432.mp4 3;4;6;8;25;106
dqcMjZgCy3M_09433.mp4 4;6;8;25;106
dqcMjZgCy3M_09434.mp4 4;8;12;25;106
dqcMjZgCy3M_09435.mp4 1;3;4;12;23;106
dqcMjZgCy3M_09436.mp4 3;8;12;23;106
dqcMjZgCy3M_09437.mp4 3;4;8;23;106
e-DPBOTlSWk_05004.mp4 3;5;13;104
e-DPBOTlSWk_05005.mp4 1;3;5;12;13;104
e-DPBOTlSWk_05006.mp4 3;12;15;104
e-lkh8fDbSo_00086.mp4 4;33;108
e-lkh8fDbSo_00087.mp4 4;12;33;108
e805NnMzXP4_09224.mp4 3;63;115
e805NnMzXP4_09225.mp4 3;63;115
e805NnMzXP4_09226.mp4 61;115
e805NnMzXP4_09227.mp4 3;63;115
e805NnMzXP4_09228.mp4 1;3;63;115
e805NnMzXP4_09229.mp4 3;63;115
e805NnMzXP4_09230.mp4 3;61;115
e805NnMzXP4_09231.mp4 3;63;115
e805NnMzXP4_09232.mp4 3;63;115
e805NnMzXP4_09233.mp4 3;63;115
e805NnMzXP4_09234.mp4 3;61;115
e805NnMzXP4_09235.mp4 1;3;64;115
e805NnMzXP4_09236.mp4 1;3;63;115
e805NnMzXP4_09237.mp4 1;61;115
e805NnMzXP4_09238.mp4 3;63;115
e805NnMzXP4_09239.mp4 1;62;115
e805NnMzXP4_09240.mp4 66;115
e805NnMzXP4_09241.mp4 66;115
e805NnMzXP4_09242.mp4 1;3;66;115
e805NnMzXP4_09243.mp4 66;115
e805NnMzXP4_09244.mp4 12;67;115
eFBujMOuL88_05150.mp4 3;12;16;104
eFBujMOuL88_05151.mp4 1;3;4;5;12;13;104
eFBujMOuL88_05152.mp4 1;3;4;5;12;13;104
eFBujMOuL88_05153.mp4 1;3;4;12;15;104
eFBujMOuL88_05154.mp4 3;14;104
eFBujMOuL88_05155.mp4 3;14;104
eFBujMOuL88_05156.mp4 1;3;14;104
eFK3oOWIdxc_04758.mp4 3;4;6;8;12;59;114
eFK3oOWIdxc_04759.mp4 3;4;8;12;59;114
eFK3oOWIdxc_04760.mp4 4;6;8;59;114
eFK3oOWIdxc_04761.mp4 4;8;12;59;114
eFK3oOWIdxc_04762.mp4 2;4;8;59;114
eFK3oOWIdxc_04763.mp4 3;4;8;12;59;114
eFK3oOWIdxc_04764.mp4 4;8;59;114
eFK3oOWIdxc_04765.mp4 4;6;8;12;59;114
eFK3oOWIdxc_04766.mp4 3;4;6;8;12;59;114
eFK3oOWIdxc_04767.mp4 4;6;8;12;59;114
eFK3oOWIdxc_04768.mp4 1;4;6;8;58;114
eFK3oOWIdxc_04769.mp4 2;4;6;8;12;58;114
eM-sN2ggbes_12775.mp4 1;3;4;90;120
eM-sN2ggbes_12776.mp4 1;3;90;120
eM-sN2ggbes_12777.mp4 3;90;120
eM-sN2ggbes_12778.mp4 3;89;120
eM-sN2ggbes_12779.mp4 3;89;120
eM-sN2ggbes_12780.mp4 1;3;4;89;120
eM-sN2ggbes_12781.mp4 3;89;120
eM-sN2ggbes_12782.mp4 1;3;12;90;120
eMdoY8xyMFs_14964.mp4 1;4;8;100;123
eMdoY8xyMFs_14965.mp4 1;4;8;100;123
eMdoY8xyMFs_14966.mp4 1;4;8;12;102;123
eMdoY8xyMFs_14967.mp4 1;3;4;6;8;12;102;123
eMdoY8xyMFs_14968.mp4 1;4;8;100;123
eMdoY8xyMFs_14969.mp4 4;8;102;123
eMdoY8xyMFs_14970.mp4 4;8;103;123
eMdoY8xyMFs_14971.mp4 1;4;8;102;123
eMdoY8xyMFs_14972.mp4 4;12;100;123
eMdoY8xyMFs_14973.mp4 4;8;103;123
eMdoY8xyMFs_14974.mp4 1;4;8;100;123
eMdoY8xyMFs_14975.mp4 4;8;103;123
eMdoY8xyMFs_14976.mp4 4;8;100;123
eMdoY8xyMFs_14977.mp4 1;4;8;100;123
eMdoY8xyMFs_14978.mp4 1;4;8;102;123
eMdoY8xyMFs_14979.mp4 4;8;100;123
eMdoY8xyMFs_14980.mp4 4;8;100;123
eMdoY8xyMFs_14981.mp4 4;8;100;123
eMdoY8xyMFs_14982.mp4 1;4;8;12;102;123
eMdoY8xyMFs_14983.mp4 1;4;8;102;123
eMdoY8xyMFs_14984.mp4 1;4;8;102;123
eMdoY8xyMFs_14985.mp4 3;4;8;102;123
eMdoY8xyMFs_14986.mp4 1;4;8;12;102;123
eMdoY8xyMFs_14987.mp4 4;12;103;123
eMdoY8xyMFs_14988.mp4 4;8;103;123
efy4I6w9Ecg_03199.mp4 1;2;3;4;5;12;69;116
efy4I6w9Ecg_03200.mp4 1;3;5;72;116
ehONYllOtSQ_12068.mp4 1;2;4;5;69;116
ehONYllOtSQ_12069.mp4 0;3;4;5;71;116
ehONYllOtSQ_12070.mp4 1;2;69;116
ehONYllOtSQ_12071.mp4 1;3;4;5;12;71;116
ei4xpbNydFM_15243.mp4 1;4;8;12;102;123
ei4xpbNydFM_15244.mp4 4;12;102;123
ei4xpbNydFM_15245.mp4 1;4;12;100;123
ei4xpbNydFM_15246.mp4 4;8;103;123
ei4xpbNydFM_15247.mp4 1;3;4;12;102;123
ei4xpbNydFM_15248.mp4 1;3;4;12;102;123
ei4xpbNydFM_15249.mp4 12;101;123
ei4xpbNydFM_15250.mp4 4;8;102;123
ei4xpbNydFM_15251.mp4 1;4;8;100;123
ei4xpbNydFM_15252.mp4 4;12;102;123
ei4xpbNydFM_15253.mp4 4;8;100;123
ei4xpbNydFM_15254.mp4 1;3;4;8;12;102;123
ei4xpbNydFM_15256.mp4 4;8;12;101;123
ei4xpbNydFM_15257.mp4 1;3;4;102;123
ei4xpbNydFM_15258.mp4 4;8;12;102;123
ei4xpbNydFM_15259.mp4 12;101;123
ei4xpbNydFM_15260.mp4 4;8;12;102;123
ei4xpbNydFM_15261.mp4 4;12;101;123
ejobCuGwGb0_03921.mp4 4;8;22;106
ejobCuGwGb0_03922.mp4 4;8;22;106
ejobCuGwGb0_03923.mp4 4;12;25;106
ejobCuGwGb0_03924.mp4 3;4;8;12;25;106
ejobCuGwGb0_03925.mp4 3;4;6;8;12;25;106
ejobCuGwGb0_03926.mp4 3;4;6;8;12;25;106
ejobCuGwGb0_03927.mp4 3;4;8;12;22;106
ejobCuGwGb0_03928.mp4 1;4;6;8;25;106
ejobCuGwGb0_03929.mp4 1;4;6;12;22;106
ejobCuGwGb0_03930.mp4 0;1;3;4;8;12;22;106
ejobCuGwGb0_03931.mp4 4;8;22;106
ejobCuGwGb0_03932.mp4 3;4;8;22;106
ejobCuGwGb0_03933.mp4 4;8;22;106
ejobCuGwGb0_03934.mp4 4;8;22;106
ejobCuGwGb0_03936.mp4 3;4;6;8;12;25;106
ejobCuGwGb0_03937.mp4 1;4;8;12;25;106
ejobCuGwGb0_03938.mp4 4;8;22;106
ejobCuGwGb0_03939.mp4 1;12;24;106
ejobCuGwGb0_03940.mp4 1;3;4;8;25;106
ejobCuGwGb0_03941.mp4 3;4;6;8;12;25;106
ejobCuGwGb0_03942.mp4 1;3;4;8;12;25;106
ejobCuGwGb0_03943.mp4 5;8;9;12;24;106
ejobCuGwGb0_03944.mp4 4;12;24;106
ejobCuGwGb0_03945.mp4 1;3;4;12;24;106
ejobCuGwGb0_03946.mp4 3;12;24;106
ejobCuGwGb0_03947.mp4 1;3;4;5;12;24;106
ejobCuGwGb0_03948.mp4 3;4;6;8;12;24;106
ejobCuGwGb0_03949.mp4 1;3;4;8;12;24;106
ek8q-fOMEQY_03143.mp4 8;100;123
ek8q-fOMEQY_03144.mp4 4;8;100;123
elijDDPWOVA_00157.mp4 1;3;4;12;94;121
elijDDPWOVA_00158.mp4 1;3;94;121
elijDDPWOVA_00159.mp4 1;3;4;94;121
elijDDPWOVA_00160.mp4 3;4;94;121
elijDDPWOVA_00161.mp4 1;3;93;121
elijDDPWOVA_00162.mp4 1;3;4;12;94;121
elijDDPWOVA_00163.mp4 1;3;93;121
elijDDPWOVA_00164.mp4 3;12;94;121
elijDDPWOVA_00165.mp4 1;3;4;94;121
elijDDPWOVA_00166.mp4 1;3;94;121
elijDDPWOVA_00167.mp4 94;121
eoVVAJMjCDQ_10346.mp4 1;3;4;12;54;113
eoVVAJMjCDQ_10347.mp4 8;12;54;113
eoVVAJMjCDQ_10348.mp4 1;3;4;8;12;54;113
eoVVAJMjCDQ_10349.mp4 1;4;8;12;54;113
eoVVAJMjCDQ_10350.mp4 1;2;3;4;8;12;56;113
eoVVAJMjCDQ_10351.mp4 0;1;3;4;9;12;54;113
eoVVAJMjCDQ_10352.mp4 0;1;2;3;4;12;54;113
eoVVAJMjCDQ_10353.mp4 1;2;3;4;8;10;56;113
eoVVAJMjCDQ_10354.mp4 1;2;3;4;12;54;113
eoVVAJMjCDQ_10355.mp4 1;2;3;4;12;54;113
eoVVAJMjCDQ_10356.mp4 1;3;4;12;54;113
eoVVAJMjCDQ_10357.mp4 1;4;54;113
eovHSX_Z8z8_11051.mp4 1;3;4;100;123
eovHSX_Z8z8_11052.mp4 4;8;102;123
eovHSX_Z8z8_11053.mp4 1;4;8;102;123
eovHSX_Z8z8_11054.mp4 1;4;12;102;123
eovHSX_Z8z8_11055.mp4 1;4;8;12;101;123
eovHSX_Z8z8_11056.mp4 1;4;8;12;102;123
eovHSX_Z8z8_11057.mp4 1;4;8;102;123
eovHSX_Z8z8_11058.mp4 0;1;4;12;102;123
eovHSX_Z8z8_11059.mp4 1;4;8;102;123
eovHSX_Z8z8_11060.mp4 1;4;8;102;123
eovHSX_Z8z8_11061.mp4 0;1;3;4;8;12;100;123
eovHSX_Z8z8_11062.mp4 1;4;8;102;123
eovHSX_Z8z8_11063.mp4 1;3;4;12;100;123
eovHSX_Z8z8_11064.mp4 1;4;8;102;123
eovHSX_Z8z8_11065.mp4 1;3;4;8;12;100;123
eovHSX_Z8z8_11066.mp4 1;3;4;8;100;123
eovHSX_Z8z8_11067.mp4 3;4;8;12;100;123
eovHSX_Z8z8_11068.mp4 1;3;4;8;12;100;123
eovHSX_Z8z8_11069.mp4 1;4;8;100;123
eovHSX_Z8z8_11070.mp4 4;12;100;123
eovHSX_Z8z8_11071.mp4 4;8;100;123
epYAYuuCFFg_08675.mp4 1;3;4;65;115
epYAYuuCFFg_08676.mp4 3;4;12;65;115
epYAYuuCFFg_08677.mp4 1;3;65;115
epYAYuuCFFg_08678.mp4 1;3;65;115
epYAYuuCFFg_08679.mp4 1;3;65;115
epYAYuuCFFg_08680.mp4 1;3;65;115
epYAYuuCFFg_08681.mp4 1;3;65;115
epYAYuuCFFg_08682.mp4 3;65;115
epYAYuuCFFg_08683.mp4 3;65;115
epYAYuuCFFg_08684.mp4 3;65;115
et4L4UB8W9U_09742.mp4 3;68;115
et4L4UB8W9U_09744.mp4 3;68;115
et4L4UB8W9U_09746.mp4 3;68;115
et4L4UB8W9U_09747.mp4 3;65;115
et4L4UB8W9U_09748.mp4 3;61;115
et4L4UB8W9U_09749.mp4 3;4;68;115
evJlJco97pk_05931.mp4 1;3;4;12;56;113
evJlJco97pk_05932.mp4 1;3;12;54;113
evJlJco97pk_05933.mp4 4;12;54;113
evJlJco97pk_05934.mp4 1;3;4;12;56;113
evJlJco97pk_05935.mp4 1;3;12;54;113
ewvJa7G963o_03045.mp4 3;8;12;95;122
ewvJa7G963o_03046.mp4 4;8;95;122
ewvJa7G963o_03047.mp4 4;8;95;122
ewvJa7G963o_03048.mp4 8;96;122
ewvJa7G963o_03049.mp4 4;8;95;122
ewvJa7G963o_03050.mp4 3;12;98;122
ewvJa7G963o_03051.mp4 8;95;122
ewvJa7G963o_03052.mp4 3;6;8;95;122
ewvJa7G963o_03053.mp4 1;3;4;8;98;122
ewvJa7G963o_03054.mp4 8;95;122
ewvJa7G963o_03055.mp4 3;4;6;8;12;95;122
ewvJa7G963o_03056.mp4 4;8;95;122
ewvJa7G963o_03057.mp4 4;8;96;122
ewvJa7G963o_03058.mp4 4;8;95;122
ewvJa7G963o_03059.mp4 1;4;8;96;122
ewvJa7G963o_03060.mp4 4;8;97;122
f1_CgxQ3Ku4_04987.mp4 5;12;13;104
f1_CgxQ3Ku4_04988.mp4 12;15;104
f1_CgxQ3Ku4_04989.mp4 3;12;14;104
fA_14UaIX_0_01776.mp4 3;4;6;8;12;22;106
fA_14UaIX_0_01777.mp4 4;8;25;106
fA_14UaIX_0_01778.mp4 3;4;6;8;25;106
fA_14UaIX_0_01779.mp4 3;4;6;8;25;106
fA_14UaIX_0_01780.mp4 4;8;12;22;106
fA_14UaIX_0_01781.mp4 3;4;8;12;24;106
fA_14UaIX_0_01782.mp4 3;4;6;8;12;22;106
fA_14UaIX_0_01783.mp4 3;4;6;8;12;22;106
fA_14UaIX_0_01784.mp4 1;3;4;8;12;24;106
fA_14UaIX_0_01785.mp4 4;6;8;22;106
fA_14UaIX_0_01786.mp4 1;3;4;6;8;12;25;106
fA_14UaIX_0_01787.mp4 1;3;4;6;8;12;25;106
fA_14UaIX_0_01788.mp4 1;3;4;6;8;12;25;106
fA_14UaIX_0_01789.mp4 3;4;6;8;12;25;106
fA_14UaIX_0_01790.mp4 3;4;8;12;22;106
fA_14UaIX_0_01791.mp4 3;12;24;106
fA_14UaIX_0_01792.mp4 2;3;4;8;10;12;22;106
fA_14UaIX_0_01793.mp4 4;6;8;25;106
fA_14UaIX_0_01794.mp4 3;4;8;12;22;106
fA_14UaIX_0_01795.mp4 12;24;106
fA_14UaIX_0_01796.mp4 4;8;22;106
fA_14UaIX_0_01797.mp4 3;4;8;12;22;106
fA_14UaIX_0_01798.mp4 3;4;6;8;12;24;106
fA_14UaIX_0_01799.mp4 3;12;24;106
fA_14UaIX_0_01800.mp4 3;4;8;12;25;106
fA_14UaIX_0_01801.mp4 4;6;8;25;106
fA_14UaIX_0_01802.mp4 3;8;12;24;106
fA_14UaIX_0_01803.mp4 1;3;4;5;8;12;24;106
fA_14UaIX_0_01804.mp4 3;12;24;106
fBxkXD1GV44_15262.mp4 4;8;100;123
fBxkXD1GV44_15263.mp4 1;3;4;12;102;123
fBxkXD1GV44_15264.mp4 1;4;12;103;123
fBxkXD1GV44_15265.mp4 4;8;102;123
fBxkXD1GV44_15266.mp4 4;8;103;123
fBxkXD1GV44_15267.mp4 3;5;12;101;123
fBxkXD1GV44_15268.mp4 4;100;123
fBxkXD1GV44_15269.mp4 1;4;8;102;123
fBxkXD1GV44_15270.mp4 1;4;12;103;123
fBxkXD1GV44_15271.mp4 1;4;8;12;100;123
fBxkXD1GV44_15272.mp4 4;12;103;123
fBxkXD1GV44_15273.mp4 1;3;4;8;12;100;123
fBxkXD1GV44_15274.mp4 1;3;4;8;12;102;123
fBxkXD1GV44_15275.mp4 4;8;99;123
fBxkXD1GV44_15276.mp4 4;8;102;123
fBxkXD1GV44_15277.mp4 4;12;102;123
fBxkXD1GV44_15278.mp4 4;8;99;123
fBxkXD1GV44_15279.mp4 3;4;12;100;123
fBxkXD1GV44_15280.mp4 3;4;8;99;123
fBxkXD1GV44_15281.mp4 3;4;8;12;100;123
fBxkXD1GV44_15282.mp4 4;8;99;123
fGsQPsM1tog_11120.mp4 1;3;4;12;65;115
fGsQPsM1tog_11121.mp4 1;3;61;115
fGsQPsM1tog_11122.mp4 1;3;12;61;115
fGsQPsM1tog_11123.mp4 63;115
fGsQPsM1tog_11124.mp4 1;3;62;115
fGsQPsM1tog_11125.mp4 1;3;61;115
fGsQPsM1tog_11126.mp4 1;12;62;115
fGsQPsM1tog_11127.mp4 1;65;115
fGsQPsM1tog_11128.mp4 1;3;62;115
fGsQPsM1tog_11129.mp4 68;115
fJRPnplNkw4_01823.mp4 3;4;6;8;12;25;106
fJRPnplNkw4_01824.mp4 8;25;106
fJRPnplNkw4_01825.mp4 3;4;8;12;22;106
fJRPnplNkw4_01826.mp4 3;4;8;12;22;106
fJRPnplNkw4_01827.mp4 3;4;8;12;22;106
fJRPnplNkw4_01828.mp4 1;4;6;8;12;22;106
fJRPnplNkw4_01829.mp4 3;6;8;12;25;106
fJRPnplNkw4_01830.mp4 1;3;4;8;12;25;106
fJRPnplNkw4_01831.mp4 3;4;6;8;12;25;106
fJRPnplNkw4_01832.mp4 3;4;8;25;106
fJRPnplNkw4_01833.mp4 3;4;6;8;12;22;106
fJRPnplNkw4_01834.mp4 3;4;8;22;106
fJRPnplNkw4_01835.mp4 3;4;6;8;12;22;106
fJRPnplNkw4_01836.mp4 4;6;8;12;22;106
fJRPnplNkw4_01837.mp4 3;4;6;8;12;25;106
fJRPnplNkw4_01838.mp4 4;8;12;25;106
fJRPnplNkw4_01839.mp4 1;3;4;6;8;12;25;106
fJRPnplNkw4_01840.mp4 3;4;6;8;12;22;106
fJRPnplNkw4_01841.mp4 4;6;8;12;22;106
fJRPnplNkw4_01842.mp4 1;3;4;6;8;12;25;106
fKqfArq4j-o_06847.mp4 4;8;12;96;122
fKqfArq4j-o_06848.mp4 2;3;4;8;12;95;122
fKqfArq4j-o_06849.mp4 4;8;95;122
fKqfArq4j-o_06850.mp4 1;3;4;6;8;12;95;122
fKqfArq4j-o_06851.mp4 1;4;8;95;122
fKqfArq4j-o_06852.mp4 2;4;8;98;122
fKqfArq4j-o_06853.mp4 6;8;12;95;122
fKqfArq4j-o_06854.mp4 1;3;4;8;12;95;122
fKqfArq4j-o_06855.mp4 1;3;4;8;12;95;122
fKqfArq4j-o_06856.mp4 3;8;12;98;122
fKqfArq4j-o_06857.mp4 1;4;8;95;122
fKqfArq4j-o_06858.mp4 1;4;8;12;95;122
fKqfArq4j-o_06859.mp4 1;2;4;8;12;98;122
f_uKlu4dtGw_11966.mp4 1;2;3;4;12;69;116
f_uKlu4dtGw_11967.mp4 3;5;71;116
f_uKlu4dtGw_11968.mp4 1;3;5;72;116
f_uKlu4dtGw_11969.mp4 3;5;12;71;116
f_uKlu4dtGw_11970.mp4 1;3;5;70;116
fbQfcInGA-4_11984.mp4 1;3;69;116
fbQfcInGA-4_11985.mp4 1;3;71;116
fbQfcInGA-4_11986.mp4 1;2;4;5;10;69;116
fbQfcInGA-4_11987.mp4 1;2;3;4;69;116
fbQfcInGA-4_11988.mp4 3;4;12;73;116
fbQfcInGA-4_11989.mp4 1;2;3;4;5;69;116
fbQfcInGA-4_11990.mp4 3;5;71;116
fbQfcInGA-4_11991.mp4 1;3;4;73;116
fbQfcInGA-4_11992.mp4 1;2;3;4;69;116
fbQfcInGA-4_11993.mp4 1;12;69;116
fbQfcInGA-4_11994.mp4 3;71;116
fbQfcInGA-4_11995.mp4 1;3;70;116
fbQfcInGA-4_11996.mp4 1;3;4;73;116
fbQfcInGA-4_11997.mp4 1;2;3;70;116
fbQfcInGA-4_11998.mp4 3;10;71;116
fbQfcInGA-4_11999.mp4 3;72;116
fbQfcInGA-4_12000.mp4 0;1;3;69;116
fbQfcInGA-4_12001.mp4 1;2;3;69;116
fbQfcInGA-4_12002.mp4 1;2;3;69;116
fcP7uWugMHk_00035.mp4 1;12;33;108
fcP7uWugMHk_00036.mp4 1;8;33;108
fcP7uWugMHk_00037.mp4 1;3;4;8;12;34;108
fcP7uWugMHk_00038.mp4 12;33;108
fcP7uWugMHk_00039.mp4 4;34;108
fcP7uWugMHk_00040.mp4 1;12;31;108
fcP7uWugMHk_00041.mp4 1;12;31;108
fcP7uWugMHk_00042.mp4 1;4;12;31;108
fcP7uWugMHk_00043.mp4 1;4;31;108
fcqnIKDkulw_08229.mp4 1;3;61;115
fcqnIKDkulw_08230.mp4 1;3;63;115
fcqnIKDkulw_08231.mp4 3;12;61;115
fcqnIKDkulw_08232.mp4 1;3;61;115
fcqnIKDkulw_08233.mp4 1;63;115
fcqnIKDkulw_08234.mp4 3;61;115
fcqnIKDkulw_08235.mp4 1;3;63;115
fcqnIKDkulw_08236.mp4 12;61;115
fcqnIKDkulw_08237.mp4 3;63;115
fcqnIKDkulw_08238.mp4 1;61;115
fcqnIKDkulw_08239.mp4 63;115
fcqnIKDkulw_08240.mp4 12;61;115
fcqnIKDkulw_08241.mp4 3;63;115
fcqnIKDkulw_08242.mp4 61;115
fcqnIKDkulw_08243.mp4 3;61;115
fcqnIKDkulw_08244.mp4 3;63;115
fcqnIKDkulw_08245.mp4 12;61;115
fcqnIKDkulw_08246.mp4 1;3;63;115
fcqnIKDkulw_08247.mp4 3;63;115
fcqnIKDkulw_08248.mp4 63;115
fcqnIKDkulw_08249.mp4 1;3;64;115
fcqnIKDkulw_08250.mp4 3;64;115
fcqnIKDkulw_08251.mp4 3;64;115
fcqnIKDkulw_08252.mp4 3;64;115
fcqnIKDkulw_08253.mp4 1;3;65;115
ff-wrDSw9CU_02126.mp4 3;4;8;12;25;106
ff-wrDSw9CU_02127.mp4 3;4;6;8;12;25;106
ff-wrDSw9CU_02128.mp4 4;8;25;106
ff-wrDSw9CU_02129.mp4 1;3;4;6;8;12;25;106
ff-wrDSw9CU_02130.mp4 3;4;8;12;25;106
ff-wrDSw9CU_02131.mp4 1;3;4;6;8;12;25;106
ff-wrDSw9CU_02132.mp4 3;4;8;12;22;106
ff-wrDSw9CU_02133.mp4 3;4;6;8;12;25;106
ff-wrDSw9CU_02134.mp4 1;3;4;8;12;25;106
ff-wrDSw9CU_02135.mp4 8;25;106
ff-wrDSw9CU_02136.mp4 1;3;4;6;8;25;106
ff-wrDSw9CU_02137.mp4 1;3;4;8;12;22;106
ff-wrDSw9CU_02138.mp4 1;3;4;8;12;23;106
ff-wrDSw9CU_02139.mp4 3;4;6;8;12;22;106
ffAYByv2pLc_07446.mp4 3;4;8;12;96;122
ffAYByv2pLc_07447.mp4 1;4;8;12;96;122
ffAYByv2pLc_07448.mp4 3;4;8;95;122
ffAYByv2pLc_07449.mp4 3;4;8;95;122
ffAYByv2pLc_07450.mp4 1;3;4;8;12;95;122
ffAYByv2pLc_07451.mp4 4;8;12;96;122
ffAYByv2pLc_07452.mp4 1;3;4;8;12;96;122
ffAYByv2pLc_07453.mp4 3;8;12;96;122
ffAYByv2pLc_07454.mp4 8;95;122
ffAYByv2pLc_07455.mp4 2;3;4;6;8;12;95;122
ffAYByv2pLc_07456.mp4 3;4;12;98;122
ffskX7K-q70_10248.mp4 8;54;113
ffskX7K-q70_10249.mp4 0;3;12;54;113
ffskX7K-q70_10250.mp4 2;3;4;12;56;113
ffskX7K-q70_10251.mp4 1;2;3;4;8;10;57;113
fg3RGeL0T3s_09605.mp4 3;4;17;105
fg3RGeL0T3s_09606.mp4 3;21;105
fi4pCMvK5_A_15233.mp4 4;8;100;123
fi4pCMvK5_A_15234.mp4 4;8;100;123
fi4pCMvK5_A_15235.mp4 4;8;100;123
fi4pCMvK5_A_15236.mp4 4;8;100;123
fi4pCMvK5_A_15237.mp4 1;3;4;8;12;100;123
fi4pCMvK5_A_15238.mp4 4;8;100;123
fi4pCMvK5_A_15239.mp4 4;8;100;123
fi4pCMvK5_A_15240.mp4 1;4;8;100;123
fi4pCMvK5_A_15241.mp4 1;3;4;8;12;100;123
fi4pCMvK5_A_15242.mp4 1;4;8;12;100;123
frrU_cXFYNk_06004.mp4 3;90;120
frrU_cXFYNk_06005.mp4 1;3;89;120
frrU_cXFYNk_06006.mp4 1;3;4;90;120
frrU_cXFYNk_06007.mp4 1;3;4;89;120
frrU_cXFYNk_06008.mp4 1;3;4;89;120
frrU_cXFYNk_06009.mp4 1;3;4;89;120
frrU_cXFYNk_06010.mp4 1;3;89;120
frrU_cXFYNk_06011.mp4 1;3;90;120
frrU_cXFYNk_06012.mp4 1;3;89;120
frrU_cXFYNk_06013.mp4 1;3;4;89;120
frrU_cXFYNk_06014.mp4 1;3;4;90;120
frrU_cXFYNk_06015.mp4 1;3;89;120
frrU_cXFYNk_06016.mp4 1;3;4;89;120
frrU_cXFYNk_06017.mp4 3;90;120
frrU_cXFYNk_06018.mp4 3;89;120
frrU_cXFYNk_06019.mp4 3;12;90;120
ftIMPspkX40_00353.mp4 3;78;117
ftIMPspkX40_00354.mp4 1;3;74;117
ftg8Aqjk744_05159.mp4 1;3;8;12;13;104
ftg8Aqjk744_05160.mp4 1;3;4;15;104
fvelEcd1rY8_01968.mp4 4;6;8;12;25;106
fvelEcd1rY8_01969.mp4 3;4;6;8;25;106
fvelEcd1rY8_01970.mp4 8;25;106
fvelEcd1rY8_01971.mp4 3;6;25;106
fvelEcd1rY8_01972.mp4 1;3;4;6;8;12;25;106
fvelEcd1rY8_01973.mp4 8;25;106
fvelEcd1rY8_01974.mp4 3;4;6;8;12;25;106
fvelEcd1rY8_01975.mp4 4;6;8;25;106
fvelEcd1rY8_01976.mp4 3;8;12;24;106
fvelEcd1rY8_01977.mp4 8;12;25;106
fvelEcd1rY8_01978.mp4 1;4;8;22;106
fvelEcd1rY8_01979.mp4 3;4;6;8;12;22;106
fvelEcd1rY8_01980.mp4 4;6;8;12;22;106
fvelEcd1rY8_01981.mp4 1;3;4;5;24;106
fvelEcd1rY8_01982.mp4 3;4;8;12;22;106
fvelEcd1rY8_01983.mp4 1;3;4;12;24;106
fvelEcd1rY8_01984.mp4 4;8;12;22;106
fvelEcd1rY8_01985.mp4 1;3;4;8;12;22;106
fvelEcd1rY8_01986.mp4 3;4;8;12;22;106
fvelEcd1rY8_01987.mp4 1;4;8;22;106
fvelEcd1rY8_01988.mp4 1;3;4;6;8;12;22;106
fvelEcd1rY8_01989.mp4 3;4;6;8;12;22;106
fvelEcd1rY8_01990.mp4 3;6;12;24;106
fvelEcd1rY8_01991.mp4 3;4;6;8;12;25;106
fvelEcd1rY8_01992.mp4 3;4;5;12;24;106
g-q6K7foy1Y_08774.mp4 3;63;115
g-q6K7foy1Y_08775.mp4 3;63;115
g-q6K7foy1Y_08776.mp4 3;63;115
g-q6K7foy1Y_08777.mp4 63;115
g-q6K7foy1Y_08778.mp4 3;63;115
g-q6K7foy1Y_08779.mp4 3;63;115
g-q6K7foy1Y_08780.mp4 3;63;115
g-q6K7foy1Y_08781.mp4 1;3;63;115
g-q6K7foy1Y_08782.mp4 1;3;63;115
g-q6K7foy1Y_08783.mp4 1;63;115
g0p3Wwzd-3E_05040.mp4 4;5;12;13;104
g0p3Wwzd-3E_05041.mp4 1;3;12;13;104
g0p3Wwzd-3E_05042.mp4 3;4;15;104
g3PRJgSfFuk_08041.mp4 61;115
g3PRJgSfFuk_08042.mp4 62;115
g3PRJgSfFuk_08043.mp4 62;115
g3PRJgSfFuk_08044.mp4 62;115
g3PRJgSfFuk_08045.mp4 62;115
g3PRJgSfFuk_08046.mp4 62;115
g3PRJgSfFuk_08047.mp4 62;115
g3PRJgSfFuk_08048.mp4 62;115
g3PRJgSfFuk_08049.mp4 12;61;115
g3PRJgSfFuk_08050.mp4 1;3;61;115
g3PRJgSfFuk_08051.mp4 62;115
g3PRJgSfFuk_08052.mp4 12;62;115
g3PRJgSfFuk_08053.mp4 1;3;62;115
g3PRJgSfFuk_08054.mp4 3;61;115
g3PRJgSfFuk_08055.mp4 61;115
g3PRJgSfFuk_08056.mp4 1;3;61;115
g3PRJgSfFuk_08057.mp4 63;115
g3PRJgSfFuk_08058.mp4 1;3;63;115
g3PRJgSfFuk_08059.mp4 3;63;115
g3PRJgSfFuk_08060.mp4 63;115
g3PRJgSfFuk_08061.mp4 63;115
g3PRJgSfFuk_08062.mp4 63;115
g3PRJgSfFuk_08063.mp4 3;65;115
g3PRJgSfFuk_08064.mp4 3;61;115
g3PRJgSfFuk_08065.mp4 3;63;115
g3PRJgSfFuk_08066.mp4 3;61;115
g65TluQsEhM_04545.mp4 2;4;8;12;59;114
g65TluQsEhM_04546.mp4 3;4;8;59;114
g65TluQsEhM_04547.mp4 8;59;114
g65TluQsEhM_04548.mp4 1;4;8;59;114
g65TluQsEhM_04549.mp4 1;3;4;8;12;59;114
gIPCZ7ymde0_13398.mp4 1;4;86;119
gIPCZ7ymde0_13399.mp4 1;4;83;119
gIPCZ7ymde0_13400.mp4 1;4;83;119
gIPCZ7ymde0_13401.mp4 85;119
gIPCZ7ymde0_13402.mp4 1;83;119
gIPCZ7ymde0_13403.mp4 1;4;86;119
gIPCZ7ymde0_13404.mp4 1;4;83;119
gIPCZ7ymde0_13405.mp4 1;4;86;119
gIPCZ7ymde0_13406.mp4 1;4;83;119
gIPCZ7ymde0_13407.mp4 1;4;83;119
gIPCZ7ymde0_13408.mp4 1;4;86;119
gIPCZ7ymde0_13409.mp4 1;83;119
gIPCZ7ymde0_13410.mp4 1;4;86;119
gIPCZ7ymde0_13411.mp4 1;4;83;119
gIPCZ7ymde0_13412.mp4 1;83;119
gIPCZ7ymde0_13413.mp4 1;3;4;83;119
gIPCZ7ymde0_13414.mp4 3;4;84;119
gIPCZ7ymde0_13415.mp4 1;85;119
gIPCZ7ymde0_13416.mp4 4;85;119
gIPCZ7ymde0_13417.mp4 4;85;119
gIPCZ7ymde0_13418.mp4 1;3;4;85;119
gIPCZ7ymde0_13419.mp4 1;4;85;119
gIPCZ7ymde0_13420.mp4 1;4;86;119
gIPCZ7ymde0_13421.mp4 1;4;86;119
gIPCZ7ymde0_13422.mp4 3;85;119
gIPCZ7ymde0_13423.mp4 1;4;86;119
gL8V7s-k_D8_06063.mp4 4;6;8;12;25;106
gL8V7s-k_D8_06064.mp4 3;4;8;12;22;106
gL8V7s-k_D8_06065.mp4 3;4;8;12;22;106
gL8V7s-k_D8_06066.mp4 4;6;8;22;106
gL8V7s-k_D8_06067.mp4 3;4;8;12;22;106
gL8V7s-k_D8_06068.mp4 3;4;8;12;25;106
gL8V7s-k_D8_06069.mp4 3;4;6;8;12;22;106
gL8V7s-k_D8_06070.mp4 3;4;6;8;12;22;106
gL8V7s-k_D8_06071.mp4 3;4;6;8;12;25;106
gL8V7s-k_D8_06072.mp4 1;3;4;6;8;12;22;106
gL8V7s-k_D8_06073.mp4 3;4;6;8;12;22;106
gL8V7s-k_D8_06074.mp4 3;4;6;8;12;25;106
gL8V7s-k_D8_06075.mp4 4;8;25;106
gL8V7s-k_D8_06076.mp4 3;4;6;8;12;25;106
gL8V7s-k_D8_06077.mp4 3;4;6;8;12;22;106
gL8V7s-k_D8_06078.mp4 3;4;6;8;12;22;106
gL8V7s-k_D8_06079.mp4 1;3;4;8;12;25;106
gL8V7s-k_D8_06080.mp4 3;12;24;106
gRKQxGCo4hg_04554.mp4 4;8;12;59;114
gRKQxGCo4hg_04555.mp4 3;4;8;12;59;114
gRKQxGCo4hg_04556.mp4 0;3;8;59;114
gRKQxGCo4hg_04557.mp4 3;4;8;12;59;114
gRKQxGCo4hg_04558.mp4 2;3;4;6;8;59;114
gUlpuO4326I_02644.mp4 1;3;4;8;12;25;106
gUlpuO4326I_02645.mp4 3;4;6;8;12;22;106
gUlpuO4326I_02646.mp4 4;8;12;22;106
gUlpuO4326I_02647.mp4 4;8;25;106
gUlpuO4326I_02648.mp4 3;4;6;8;12;25;106
gUlpuO4326I_02649.mp4 3;4;8;12;22;106
gUlpuO4326I_02650.mp4 3;4;8;12;25;106
gUlpuO4326I_02651.mp4 1;4;6;8;12;25;106
gUlpuO4326I_02652.mp4 4;6;8;12;25;106
gUlpuO4326I_02653.mp4 3;4;8;12;25;106
gUlpuO4326I_02654.mp4 3;4;6;8;12;25;106
gUlpuO4326I_02655.mp4 4;8;12;25;106
gUlpuO4326I_02656.mp4 3;4;8;12;25;106
gUlpuO4326I_02657.mp4 3;4;6;8;12;22;106
gUlpuO4326I_02658.mp4 3;4;6;8;12;22;106
gUlpuO4326I_02659.mp4 4;6;8;12;22;106
gUlpuO4326I_02660.mp4 1;3;24;106
gVgjVNVydt0_13823.mp4 86;119
gVgjVNVydt0_13824.mp4 1;86;119
gVgjVNVydt0_13825.mp4 1;86;119
gVgjVNVydt0_13826.mp4 1;86;119
gVgjVNVydt0_13827.mp4 1;85;119
gVgjVNVydt0_13828.mp4 1;84;119
gVgjVNVydt0_13829.mp4 1;4;84;119
gVgjVNVydt0_13830.mp4 83;119
gVgjVNVydt0_13831.mp4 3;4;85;119
gVgjVNVydt0_13832.mp4 1;86;119
gVgjVNVydt0_13833.mp4 86;119
gVgjVNVydt0_13834.mp4 1;4;84;119
gVgjVNVydt0_13835.mp4 1;83;119
gVgjVNVydt0_13836.mp4 86;119
g__BYaS9viw_06630.mp4 4;12;81;118
g__BYaS9viw_06631.mp4 3;4;12;81;118
g__BYaS9viw_06632.mp4 1;4;12;81;118
g__BYaS9viw_06633.mp4 1;4;12;81;118
g__BYaS9viw_06634.mp4 1;4;12;81;118
g__BYaS9viw_06635.mp4 1;4;12;81;118
g__BYaS9viw_06636.mp4 1;12;81;118
gatnN08eGew_09723.mp4 3;4;8;12;25;106
gatnN08eGew_09724.mp4 3;4;6;8;12;25;106
gatnN08eGew_09725.mp4 3;4;8;25;106
gatnN08eGew_09726.mp4 8;12;24;106
gatnN08eGew_09727.mp4 3;4;8;12;25;106
gatnN08eGew_09728.mp4 3;8;12;24;106
gatnN08eGew_09729.mp4 3;4;6;8;12;25;106
gatnN08eGew_09730.mp4 3;4;8;12;24;106
gatnN08eGew_09731.mp4 1;3;4;8;12;25;106
gatnN08eGew_09732.mp4 3;4;6;8;12;22;106
gatnN08eGew_09733.mp4 12;24;106
gatnN08eGew_09734.mp4 3;4;6;8;12;25;106
gatnN08eGew_09735.mp4 3;4;8;12;22;106
gatnN08eGew_09736.mp4 3;4;6;8;12;25;106
gatnN08eGew_09737.mp4 3;4;6;8;12;22;106
gatnN08eGew_09738.mp4 3;8;12;24;106
gatnN08eGew_09739.mp4 3;4;6;8;12;25;106
gatnN08eGew_09740.mp4 1;3;4;8;12;24;106
gatnN08eGew_09741.mp4 1;3;8;12;24;106
gl-8gfxOoNI_02993.mp4 1;12;81;118
gl-8gfxOoNI_02994.mp4 1;12;81;118
go7ZEtK-qFA_09842.mp4 1;3;8;12;56;113
go7ZEtK-qFA_09843.mp4 3;12;56;113
go7ZEtK-qFA_09844.mp4 1;3;4;12;56;113
go7ZEtK-qFA_09845.mp4 1;3;4;12;56;113
go7ZEtK-qFA_09846.mp4 3;12;56;113
go7ZEtK-qFA_09847.mp4 3;4;12;56;113
go7ZEtK-qFA_09848.mp4 0;1;3;4;8;12;56;113
go7ZEtK-qFA_09849.mp4 3;12;54;113
go7ZEtK-qFA_09850.mp4 1;3;4;12;57;113
go7ZEtK-qFA_09851.mp4 1;3;4;12;57;113
go7ZEtK-qFA_09852.mp4 12;54;113
gp3YjMrPouk_11512.mp4 12;94;121
gp3YjMrPouk_11513.mp4 12;92;121
gp3YjMrPouk_11514.mp4 1;12;92;121
gp3YjMrPouk_11515.mp4 1;3;12;92;121
gp3YjMrPouk_11516.mp4 3;12;92;121
gp3YjMrPouk_11517.mp4 3;12;92;121
gp3YjMrPouk_11518.mp4 3;12;92;121
gp3YjMrPouk_11519.mp4 12;92;121
gp3YjMrPouk_11520.mp4 1;12;92;121
gwuLrJGfWao_13448.mp4 1;3;12;86;119
gwuLrJGfWao_13449.mp4 1;3;86;119
gwuLrJGfWao_13450.mp4 3;5;86;119
gwuLrJGfWao_13451.mp4 3;5;86;119
gwuLrJGfWao_13452.mp4 3;86;119
gwuLrJGfWao_13453.mp4 1;3;83;119
gwuLrJGfWao_13454.mp4 1;3;86;119
gwuLrJGfWao_13455.mp4 1;3;83;119
gwuLrJGfWao_13456.mp4 1;3;4;83;119
gwuLrJGfWao_13457.mp4 3;4;83;119
gwuLrJGfWao_13458.mp4 1;3;4;86;119
gwuLrJGfWao_13459.mp4 1;3;4;86;119
gwuLrJGfWao_13460.mp4 3;83;119
gwuLrJGfWao_13461.mp4 1;3;85;119
gwuLrJGfWao_13462.mp4 1;3;12;83;119
gwuLrJGfWao_13463.mp4 1;3;4;12;86;119
gwuLrJGfWao_13464.mp4 1;3;86;119
gwuLrJGfWao_13465.mp4 1;3;4;83;119
gwuLrJGfWao_13466.mp4 1;3;83;119
gwuLrJGfWao_13467.mp4 1;3;4;83;119
gwuLrJGfWao_13468.mp4 1;3;83;119
gyBXqmh4VBo_11454.mp4 1;3;4;102;123
gyBXqmh4VBo_11455.mp4 1;3;4;12;102;123
gyBXqmh4VBo_11456.mp4 1;3;4;12;102;123
gyv8ilqYSKI_14099.mp4 85;119
gyv8ilqYSKI_14100.mp4 1;85;119
gyv8ilqYSKI_14101.mp4 4;85;119
gyv8ilqYSKI_14102.mp4 1;85;119
gyv8ilqYSKI_14103.mp4 1;3;4;12;83;119
gyv8ilqYSKI_14104.mp4 1;3;4;85;119
gyv8ilqYSKI_14105.mp4 1;3;4;85;119
gyv8ilqYSKI_14106.mp4 1;3;4;83;119
gyv8ilqYSKI_14107.mp4 1;3;4;12;83;119
gyv8ilqYSKI_14108.mp4 1;4;12;83;119
gyv8ilqYSKI_14109.mp4 1;3;4;83;119
gyv8ilqYSKI_14110.mp4 1;3;4;86;119
gyv8ilqYSKI_14111.mp4 1;3;4;83;119
gyv8ilqYSKI_14112.mp4 1;3;4;12;83;119
gyv8ilqYSKI_14113.mp4 1;3;4;83;119
h-39QwDtA34_06792.mp4 4;8;12;96;122
h-39QwDtA34_06793.mp4 4;8;12;96;122
h-39QwDtA34_06794.mp4 4;6;8;12;96;122
h-39QwDtA34_06795.mp4 4;8;12;98;122
h-39QwDtA34_06796.mp4 4;8;96;122
h-39QwDtA34_06797.mp4 1;3;4;8;12;96;122
h-39QwDtA34_06798.mp4 4;8;12;96;122
h-39QwDtA34_06799.mp4 1;4;8;12;96;122
h-39QwDtA34_06800.mp4 3;4;8;12;98;122
h-39QwDtA34_06801.mp4 5;8;98;122
h-39QwDtA34_06802.mp4 4;8;12;96;122
h-39QwDtA34_06803.mp4 4;8;12;96;122
h-39QwDtA34_06804.mp4 3;4;8;12;96;122
h-39QwDtA34_06805.mp4 8;95;122
h-39QwDtA34_06806.mp4 6;8;95;122
h-39QwDtA34_06807.mp4 3;4;8;12;95;122
h3wgwi6EE94_08114.mp4 1;3;4;12;68;115
h3wgwi6EE94_08115.mp4 1;3;4;12;68;115
h3wgwi6EE94_08116.mp4 1;3;12;60;115
h3wgwi6EE94_08117.mp4 1;3;12;60;115
h3wgwi6EE94_08118.mp4 1;3;60;115
h3wgwi6EE94_08119.mp4 1;3;4;5;68;115
h3wgwi6EE94_08120.mp4 1;3;12;60;115
h3wgwi6EE94_08121.mp4 1;3;12;60;115
h3wgwi6EE94_08122.mp4 1;3;68;115
h3wgwi6EE94_08123.mp4 1;3;4;68;115
h3wgwi6EE94_08124.mp4 1;3;68;115
h3wgwi6EE94_08125.mp4 1;3;68;115
h3wgwi6EE94_08126.mp4 1;4;68;115
h3wgwi6EE94_08127.mp4 1;3;12;65;115
h3wgwi6EE94_08128.mp4 1;3;68;115
h3wgwi6EE94_08129.mp4 1;3;68;115
h5x6BjQUs14_06752.mp4 4;8;12;96;122
h5x6BjQUs14_06753.mp4 0;1;2;3;4;8;12;96;122
h5x6BjQUs14_06754.mp4 1;4;8;12;96;122
h5x6BjQUs14_06755.mp4 4;8;96;122
h5x6BjQUs14_06756.mp4 4;6;8;12;96;122
h5x6BjQUs14_06757.mp4 1;4;8;12;96;122
h5x6BjQUs14_06758.mp4 8;96;122
h5x6BjQUs14_06759.mp4 1;4;8;96;122
h5x6BjQUs14_06760.mp4 8;12;98;122
h5x6BjQUs14_06761.mp4 4;8;96;122
h5x6BjQUs14_06762.mp4 4;8;96;122
h5x6BjQUs14_06763.mp4 4;6;8;12;95;122
hDbd2kKQJ6s_00316.mp4 12;19;105
hDbd2kKQJ6s_00317.mp4 1;4;8;12;19;105
hDbd2kKQJ6s_00318.mp4 6;8;12;19;105
hDbd2kKQJ6s_00319.mp4 1;3;4;8;12;19;105
hDbd2kKQJ6s_00320.mp4 1;3;4;8;12;19;105
hLXJ63bhuDE_04218.mp4 3;77;117
hLXJ63bhuDE_04219.mp4 1;3;77;117
hLXJ63bhuDE_04220.mp4 77;117
hLXJ63bhuDE_04221.mp4 1;3;4;75;117
hLXJ63bhuDE_04222.mp4 3;77;117
hLXJ63bhuDE_04223.mp4 1;3;75;117
hLXJ63bhuDE_04224.mp4 3;74;117
hLXJ63bhuDE_04225.mp4 1;74;117
hLXJ63bhuDE_04226.mp4 1;3;4;76;117
hN6tT_Ctwcw_10532.mp4 0;1;2;3;4;7;8;9;10;11;12;55;113
hN6tT_Ctwcw_10533.mp4 0;1;2;3;4;7;8;9;10;11;12;54;113
hN6tT_Ctwcw_10534.mp4 0;1;3;4;12;56;113
hN6tT_Ctwcw_10535.mp4 0;1;4;12;54;113
hN6tT_Ctwcw_10536.mp4 1;3;4;12;56;113
hN6tT_Ctwcw_10537.mp4 1;3;4;12;54;113
hN6tT_Ctwcw_10538.mp4 0;1;3;4;12;56;113
hN6tT_Ctwcw_10539.mp4 1;2;3;4;8;12;54;113
hN6tT_Ctwcw_10540.mp4 1;3;4;12;56;113
hN6tT_Ctwcw_10541.mp4 1;3;4;12;54;113
hN6tT_Ctwcw_10542.mp4 3;12;56;113
hN6tT_Ctwcw_10543.mp4 3;12;56;113
hN6tT_Ctwcw_10544.mp4 0;1;3;4;8;12;54;113
hN6tT_Ctwcw_10545.mp4 1;3;4;8;12;56;113
hN6tT_Ctwcw_10546.mp4 3;12;56;113
hN6tT_Ctwcw_10547.mp4 1;2;3;4;12;54;113
hN6tT_Ctwcw_10548.mp4 0;1;3;8;12;56;113
hN6tT_Ctwcw_10549.mp4 3;12;56;113
hN6tT_Ctwcw_10550.mp4 1;3;4;8;12;54;113
hN6tT_Ctwcw_10551.mp4 3;8;12;54;113
hN6tT_Ctwcw_10552.mp4 8;12;54;113
hOFI_ftLMyY_00726.mp4 4;12;31;108
hOFI_ftLMyY_00727.mp4 1;3;4;31;108
hOYC_2zL3lU_12483.mp4 1;3;4;12;88;120
hOYC_2zL3lU_12484.mp4 3;12;90;120
hOYC_2zL3lU_12485.mp4 1;3;4;89;120
hOYC_2zL3lU_12486.mp4 3;90;120
hOYC_2zL3lU_12487.mp4 1;3;4;89;120
hOYC_2zL3lU_12488.mp4 1;3;4;89;120
hOYC_2zL3lU_12489.mp4 1;3;89;120
hOYC_2zL3lU_12490.mp4 1;3;89;120
hOYC_2zL3lU_12491.mp4 3;89;120
hOYC_2zL3lU_12492.mp4 1;3;90;120
hOYC_2zL3lU_12493.mp4 1;3;4;12;87;120
hZqorDMaLlw_03308.mp4 6;8;95;122
hZqorDMaLlw_03309.mp4 3;4;8;12;95;122
hZqorDMaLlw_03310.mp4 2;6;8;12;95;122
haolm5D2YBg_15862.mp4 0;1;3;4;8;37;109
haolm5D2YBg_15863.mp4 1;4;35;109
haolm5D2YBg_15864.mp4 1;3;4;35;109
haolm5D2YBg_15865.mp4 1;3;4;12;36;109
haolm5D2YBg_15866.mp4 1;3;4;12;36;109
haolm5D2YBg_15867.mp4 0;1;3;4;12;35;109
haolm5D2YBg_15868.mp4 3;8;37;109
haolm5D2YBg_15869.mp4 0;1;2;3;4;12;35;109
haolm5D2YBg_15870.mp4 0;1;3;4;12;35;109
haolm5D2YBg_15871.mp4 1;3;4;35;109
huGjxGhj2NA_12955.mp4 3;68;115
huGjxGhj2NA_12956.mp4 1;3;4;60;115
huGjxGhj2NA_12957.mp4 3;68;115
huGjxGhj2NA_12958.mp4 60;115
huGjxGhj2NA_12959.mp4 3;68;115
huGjxGhj2NA_12960.mp4 1;3;4;60;115
huGjxGhj2NA_12961.mp4 3;68;115
huGjxGhj2NA_12962.mp4 1;3;4;60;115
huGjxGhj2NA_12963.mp4 3;61;115
huGjxGhj2NA_12964.mp4 3;68;115
huGjxGhj2NA_12965.mp4 1;3;4;61;115
huGjxGhj2NA_12966.mp4 3;4;68;115
huGjxGhj2NA_12967.mp4 4;60;115
huGjxGhj2NA_12968.mp4 3;60;115
huGjxGhj2NA_12969.mp4 68;115
huGjxGhj2NA_12970.mp4 3;4;60;115
huGjxGhj2NA_12971.mp4 3;68;115
huGjxGhj2NA_12972.mp4 3;4;60;115
huGjxGhj2NA_12973.mp4 3;68;115
huGjxGhj2NA_12974.mp4 1;3;61;115
huGjxGhj2NA_12975.mp4 3;4;68;115
huGjxGhj2NA_12976.mp4 12;60;115
huGjxGhj2NA_12977.mp4 3;60;115
huGjxGhj2NA_12978.mp4 3;65;115
hwjqlN3jueg_04948.mp4 1;4;12;13;104
hwjqlN3jueg_04949.mp4 1;3;5;12;15;104
hwjqlN3jueg_04950.mp4 3;14;104
hwjqlN3jueg_04951.mp4 3;14;104
hwjqlN3jueg_04952.mp4 3;14;104
hxRK0-pWSO4_12441.mp4 1;4;47;111
hxRK0-pWSO4_12442.mp4 47;111
hxkCju5VUME_01048.mp4 3;4;6;8;12;25;106
hxkCju5VUME_01049.mp4 3;4;6;8;12;25;106
hxkCju5VUME_01050.mp4 1;3;4;6;8;12;25;106
hxkCju5VUME_01051.mp4 1;4;6;8;12;25;106
hxkCju5VUME_01052.mp4 3;4;8;12;25;106
hxkCju5VUME_01053.mp4 3;4;8;12;25;106
hxkCju5VUME_01054.mp4 3;4;8;12;25;106
hxkCju5VUME_01055.mp4 3;4;6;8;12;25;106
hxkCju5VUME_01056.mp4 1;3;4;6;8;12;25;106
hxkCju5VUME_01057.mp4 1;4;6;8;12;25;106
hyADCS2ceZY_01852.mp4 3;4;6;8;12;25;106
hyADCS2ceZY_01853.mp4 3;4;6;8;12;25;106
hyADCS2ceZY_01854.mp4 3;8;12;24;106
hyADCS2ceZY_01855.mp4 4;6;8;12;25;106
hyADCS2ceZY_01856.mp4 3;4;8;12;25;106
hyADCS2ceZY_01857.mp4 8;12;24;106
hyADCS2ceZY_01858.mp4 3;4;6;8;12;25;106
hyADCS2ceZY_01859.mp4 4;8;25;106
hyADCS2ceZY_01860.mp4 1;3;4;6;8;12;24;106
hyADCS2ceZY_01861.mp4 4;6;8;25;106
i2a9wijk6Yo_00669.mp4 1;3;12;53;112
i2a9wijk6Yo_00670.mp4 1;3;12;50;112
i2a9wijk6Yo_00671.mp4 1;3;12;53;112
i2a9wijk6Yo_00672.mp4 1;3;12;50;112
i2a9wijk6Yo_00673.mp4 3;12;50;112
i2a9wijk6Yo_00674.mp4 1;3;52;112
i2a9wijk6Yo_00675.mp4 1;3;50;112
i2a9wijk6Yo_00677.mp4 3;50;112
i2a9wijk6Yo_00678.mp4 3;50;112
i2a9wijk6Yo_00679.mp4 3;50;112
i2a9wijk6Yo_00680.mp4 1;3;12;50;112
i2a9wijk6Yo_00681.mp4 3;12;50;112
iCn14KLCerY_10586.mp4 3;12;38;110
iCn14KLCerY_10587.mp4 0;1;3;4;9;11;12;38;110
iCn14KLCerY_10588.mp4 3;38;110
iCn14KLCerY_10589.mp4 12;38;110
iCn14KLCerY_10590.mp4 3;12;38;110
iJNQXZLP_eQ_09153.mp4 1;3;4;67;115
iJNQXZLP_eQ_09154.mp4 1;3;4;67;115
iJNQXZLP_eQ_09155.mp4 1;3;4;67;115
iJNQXZLP_eQ_09156.mp4 1;67;115
iJNQXZLP_eQ_09157.mp4 1;3;12;67;115
iJNQXZLP_eQ_09158.mp4 1;3;67;115
iJNQXZLP_eQ_09159.mp4 1;3;12;67;115
iJNQXZLP_eQ_09160.mp4 1;3;4;67;115
iJNQXZLP_eQ_09161.mp4 1;3;67;115
iJNQXZLP_eQ_09162.mp4 1;3;4;67;115
iJNQXZLP_eQ_09163.mp4 1;3;65;115
iJNQXZLP_eQ_09164.mp4 65;115
iQsSa-PlZXo_00940.mp4 0;3;4;8;12;25;106
iQsSa-PlZXo_00941.mp4 3;4;8;12;25;106
iQsSa-PlZXo_00942.mp4 3;4;6;8;12;25;106
iQsSa-PlZXo_00943.mp4 1;3;4;8;12;25;106
iQsSa-PlZXo_00944.mp4 3;4;6;8;12;25;106
iQsSa-PlZXo_00945.mp4 4;6;8;12;25;106
iQsSa-PlZXo_00946.mp4 1;3;4;8;12;25;106
iQsSa-PlZXo_00947.mp4 3;4;6;8;12;25;106
iQsSa-PlZXo_00948.mp4 4;8;12;25;106
iQsSa-PlZXo_00949.mp4 4;6;8;12;25;106
iQsSa-PlZXo_00950.mp4 4;8;22;106
iQsSa-PlZXo_00951.mp4 1;4;8;22;106
iQsSa-PlZXo_00952.mp4 3;4;6;8;12;22;106
iQsSa-PlZXo_00953.mp4 3;4;6;8;12;22;106
iQsSa-PlZXo_00954.mp4 3;4;8;12;22;106
iQsSa-PlZXo_00955.mp4 3;4;6;8;12;22;106
iQsSa-PlZXo_00956.mp4 3;4;8;12;22;106
iQsSa-PlZXo_00957.mp4 3;4;8;22;106
iQsSa-PlZXo_00958.mp4 3;4;8;12;22;106
iQsSa-PlZXo_00959.mp4 3;4;6;8;22;106
iQsSa-PlZXo_00960.mp4 1;4;8;12;24;106
iTpFoQjlqe8_08784.mp4 1;3;12;65;115
iTpFoQjlqe8_08785.mp4 1;3;62;115
iTpFoQjlqe8_08786.mp4 1;3;62;115
iTpFoQjlqe8_08787.mp4 1;3;62;115
iTpFoQjlqe8_08788.mp4 1;3;62;115
iTpFoQjlqe8_08789.mp4 1;3;62;115
iTpFoQjlqe8_08790.mp4 1;3;4;62;115
iTpFoQjlqe8_08791.mp4 3;62;115
iTpFoQjlqe8_08792.mp4 1;3;62;115
iTpFoQjlqe8_08793.mp4 1;3;62;115
iTpFoQjlqe8_08794.mp4 1;3;62;115
iVCT4wXviIo_00173.mp4 1;3;94;121
iVCT4wXviIo_00175.mp4 1;3;94;121
iVCT4wXviIo_00176.mp4 1;3;12;94;121
iVCT4wXviIo_00178.mp4 1;3;94;121
iVCT4wXviIo_00179.mp4 1;3;12;93;121
iVCT4wXviIo_00180.mp4 1;3;4;93;121
iVCT4wXviIo_00181.mp4 1;3;4;93;121
iVCT4wXviIo_00182.mp4 1;3;4;93;121
iVCT4wXviIo_00183.mp4 1;3;93;121
iXNPE_RFcls_04862.mp4 1;3;4;5;12;13;104
iXNPE_RFcls_04863.mp4 1;3;15;104
iXNPE_RFcls_04864.mp4 3;5;14;104
iXNPE_RFcls_04865.mp4 3;5;14;104
iXNPE_RFcls_04866.mp4 3;14;104
iXNPE_RFcls_04867.mp4 3;14;104
iXNPE_RFcls_04868.mp4 3;14;104
iXPb5m2L0DE_03117.mp4 1;3;12;90;120
iXPb5m2L0DE_03118.mp4 3;4;90;120
iXPb5m2L0DE_03119.mp4 1;3;90;120
iXPb5m2L0DE_03120.mp4 1;3;90;120
iXPb5m2L0DE_03121.mp4 1;3;12;90;120
iXPb5m2L0DE_03122.mp4 1;3;4;90;120
iXPb5m2L0DE_03123.mp4 1;3;90;120
iXaA7PVRhIY_15476.mp4 1;3;4;12;102;123
iXaA7PVRhIY_15477.mp4 1;3;4;8;102;123
iedmuHmbjCY_08036.mp4 3;65;115
iedmuHmbjCY_08037.mp4 3;65;115
iedmuHmbjCY_08038.mp4 3;12;65;115
iedmuHmbjCY_08039.mp4 12;61;115
iedmuHmbjCY_08040.mp4 61;115
ifYuUbjsvNU_10513.mp4 12;57;113
ifYuUbjsvNU_10514.mp4 12;57;113
ifYuUbjsvNU_10515.mp4 1;4;12;54;113
ifYuUbjsvNU_10516.mp4 3;8;12;54;113
ifYuUbjsvNU_10517.mp4 12;54;113
ifYuUbjsvNU_10518.mp4 1;3;12;57;113
ifYuUbjsvNU_10519.mp4 3;12;57;113
ifYuUbjsvNU_10520.mp4 1;3;4;54;113
ifYuUbjsvNU_10521.mp4 0;1;3;4;12;54;113
ifYuUbjsvNU_10522.mp4 0;1;3;4;54;113
ifYuUbjsvNU_10523.mp4 3;12;54;113
ifYuUbjsvNU_10524.mp4 1;3;4;12;57;113
ifYuUbjsvNU_10525.mp4 0;1;3;4;12;57;113
ifYuUbjsvNU_10526.mp4 1;3;12;54;113
ifv0yl0VAXw_09000.mp4 1;3;4;12;63;115
ifv0yl0VAXw_09001.mp4 1;4;12;61;115
ifv0yl0VAXw_09002.mp4 1;3;12;63;115
ifv0yl0VAXw_09003.mp4 12;61;115
ifv0yl0VAXw_09004.mp4 1;3;4;12;63;115
ifv0yl0VAXw_09005.mp4 1;3;63;115
ifv0yl0VAXw_09007.mp4 1;3;63;115
ifv0yl0VAXw_09008.mp4 1;3;4;61;115
ifv0yl0VAXw_09009.mp4 1;3;12;63;115
ifv0yl0VAXw_09010.mp4 12;61;115
ifv0yl0VAXw_09011.mp4 1;3;4;12;63;115
ifv0yl0VAXw_09012.mp4 3;12;61;115
ifv0yl0VAXw_09013.mp4 3;61;115
ifv0yl0VAXw_09014.mp4 1;3;4;63;115
ifv0yl0VAXw_09015.mp4 1;12;61;115
ifv0yl0VAXw_09016.mp4 3;63;115
ifv0yl0VAXw_09017.mp4 12;61;115
ifv0yl0VAXw_09018.mp4 1;3;4;12;66;115
ifv0yl0VAXw_09019.mp4 1;3;4;12;66;115
ifv0yl0VAXw_09020.mp4 1;3;66;115
ifv0yl0VAXw_09021.mp4 3;12;66;115
ifv0yl0VAXw_09022.mp4 1;3;4;66;115
ifv0yl0VAXw_09023.mp4 1;3;12;66;115
ifv0yl0VAXw_09024.mp4 1;3;12;66;115
ifv0yl0VAXw_09025.mp4 1;3;66;115
ifv0yl0VAXw_09026.mp4 1;3;4;12;66;115
ifv0yl0VAXw_09027.mp4 1;3;67;115
ilkewrQvUiY_05219.mp4 8;96;122
ilkewrQvUiY_05220.mp4 0;2;3;4;6;8;96;122
ilkewrQvUiY_05221.mp4 2;4;8;10;12;98;122
ilkewrQvUiY_05222.mp4 8;96;122
ilkewrQvUiY_05223.mp4 2;3;4;8;12;98;122
ilkewrQvUiY_05224.mp4 1;4;8;96;122
ilkewrQvUiY_05225.mp4 3;4;8;96;122
ilkewrQvUiY_05226.mp4 3;4;8;12;96;122
ilkewrQvUiY_05227.mp4 1;4;8;96;122
ilkewrQvUiY_05228.mp4 1;4;8;96;122
ilkewrQvUiY_05229.mp4 0;1;2;3;4;8;12;96;122
ilkewrQvUiY_05230.mp4 2;8;96;122
ilkewrQvUiY_05231.mp4 8;10;12;98;122
ilkewrQvUiY_05232.mp4 3;8;12;98;122
ioF9TeiOzkM_03248.mp4 3;4;12;101;123
ioF9TeiOzkM_03249.mp4 3;4;12;100;123
ioF9TeiOzkM_03250.mp4 8;12;101;123
ioF9TeiOzkM_03251.mp4 4;12;101;123
ioF9TeiOzkM_03252.mp4 4;8;12;100;123
ioF9TeiOzkM_03253.mp4 12;101;123
ioF9TeiOzkM_03254.mp4 1;4;12;101;123
ioF9TeiOzkM_03255.mp4 3;4;12;100;123
ioF9TeiOzkM_03256.mp4 4;12;101;123
ioF9TeiOzkM_03257.mp4 1;4;12;101;123
ioF9TeiOzkM_03258.mp4 1;4;12;101;123
ioF9TeiOzkM_03259.mp4 1;3;4;101;123
ioF9TeiOzkM_03260.mp4 3;4;12;101;123
ioF9TeiOzkM_03261.mp4 8;100;123
ioF9TeiOzkM_03262.mp4 4;8;100;123
ioF9TeiOzkM_03263.mp4 1;3;4;12;100;123
ioF9TeiOzkM_03264.mp4 4;8;12;100;123
ioF9TeiOzkM_03265.mp4 3;4;100;123
ioF9TeiOzkM_03266.mp4 1;3;4;8;100;123
ioF9TeiOzkM_03267.mp4 1;3;4;8;100;123
ioF9TeiOzkM_03268.mp4 1;12;99;123
ioF9TeiOzkM_03269.mp4 1;4;12;103;123
ioF9TeiOzkM_03270.mp4 4;12;103;123
ioF9TeiOzkM_03271.mp4 3;8;103;123
ioF9TeiOzkM_03272.mp4 4;12;103;123
ioF9TeiOzkM_03273.mp4 3;12;99;123
ioF9TeiOzkM_03274.mp4 4;8;103;123
ioF9TeiOzkM_03275.mp4 4;12;103;123
ioF9TeiOzkM_03276.mp4 4;12;99;123
ioF9TeiOzkM_03277.mp4 4;12;103;123
ioF9TeiOzkM_03278.mp4 3;12;99;123
ioF9TeiOzkM_03279.mp4 1;4;12;103;123
ioF9TeiOzkM_03280.mp4 4;12;99;123
ioF9TeiOzkM_03281.mp4 8;103;123
ioF9TeiOzkM_03282.mp4 4;12;103;123
j6Sn07fQeYM_02933.mp4 1;3;4;74;117
j6Sn07fQeYM_02934.mp4 1;4;76;117
j6Sn07fQeYM_02935.mp4 3;74;117
j6Sn07fQeYM_02936.mp4 3;76;117
j6Sn07fQeYM_02937.mp4 1;74;117
j6Sn07fQeYM_02938.mp4 1;3;75;117
j6Sn07fQeYM_02939.mp4 1;3;4;74;117
j6Sn07fQeYM_02940.mp4 1;3;4;74;117
j6Sn07fQeYM_02941.mp4 1;4;78;117
j6Sn07fQeYM_02942.mp4 1;3;4;74;117
j6Sn07fQeYM_02943.mp4 1;3;4;74;117
j6Sn07fQeYM_02944.mp4 1;4;76;117
j6Sn07fQeYM_02945.mp4 3;4;78;117
j6Sn07fQeYM_02946.mp4 1;3;4;74;117
j6Sn07fQeYM_02947.mp4 3;4;74;117
j6Sn07fQeYM_02948.mp4 1;12;75;117
j6Sn07fQeYM_02949.mp4 1;3;4;78;117
jAqSIdqu71Q_11671.mp4 3;90;120
jAqSIdqu71Q_11672.mp4 1;3;90;120
jAqSIdqu71Q_11673.mp4 1;3;90;120
jAqSIdqu71Q_11674.mp4 1;3;90;120
jAqSIdqu71Q_11675.mp4 3;90;120
jAqSIdqu71Q_11676.mp4 1;3;89;120
jAqSIdqu71Q_11677.mp4 1;3;89;120
jAqSIdqu71Q_11678.mp4 1;3;87;120
jEAvjBi7gqk_05127.mp4 1;3;4;5;12;13;104
jEAvjBi7gqk_05128.mp4 1;3;4;12;15;104
jEAvjBi7gqk_05129.mp4 1;3;4;14;104
jEAvjBi7gqk_05130.mp4 3;14;104
jEAvjBi7gqk_05131.mp4 1;3;14;104
jEAvjBi7gqk_05132.mp4 3;14;104
jEAvjBi7gqk_05133.mp4 3;14;104
jHBmwCdgjDI_05426.mp4 1;3;12;32;108
jHBmwCdgjDI_05427.mp4 1;3;32;108
jHBmwCdgjDI_05428.mp4 1;3;32;108
jKUjxhGLSfQ_14906.mp4 3;4;8;12;100;123
jKUjxhGLSfQ_14907.mp4 3;4;12;99;123
jKUjxhGLSfQ_14908.mp4 1;4;12;101;123
jKUjxhGLSfQ_14909.mp4 1;3;4;12;100;123
jKUjxhGLSfQ_14910.mp4 1;3;4;12;102;123
jKUjxhGLSfQ_14911.mp4 3;12;99;123
jKUjxhGLSfQ_14912.mp4 1;3;4;12;101;123
jKUjxhGLSfQ_14913.mp4 3;4;12;101;123
jKUjxhGLSfQ_14914.mp4 3;4;8;12;100;123
jKUjxhGLSfQ_14915.mp4 1;3;4;12;102;123
jKUjxhGLSfQ_14916.mp4 3;4;12;99;123
jKUjxhGLSfQ_14917.mp4 1;4;12;101;123
jKUjxhGLSfQ_14918.mp4 1;3;4;12;100;123
jKUjxhGLSfQ_14919.mp4 3;4;8;102;123
jKUjxhGLSfQ_14920.mp4 3;4;8;99;123
jKUjxhGLSfQ_14921.mp4 3;4;8;100;123
jKUjxhGLSfQ_14922.mp4 1;4;12;102;123
jKUjxhGLSfQ_14923.mp4 4;8;99;123
jKUjxhGLSfQ_14924.mp4 4;12;100;123
jKUjxhGLSfQ_14925.mp4 1;3;4;12;102;123
jKUjxhGLSfQ_14926.mp4 4;12;99;123
jKUjxhGLSfQ_14927.mp4 3;4;12;100;123
jKUjxhGLSfQ_14928.mp4 1;3;4;8;12;102;123
jKUjxhGLSfQ_14929.mp4 1;3;4;8;12;99;123
jKUjxhGLSfQ_14930.mp4 1;12;102;123
jKUjxhGLSfQ_14931.mp4 1;3;4;8;12;102;123
jKUjxhGLSfQ_14932.mp4 3;4;12;100;123
jKUjxhGLSfQ_14933.mp4 1;3;4;99;123
jKUjxhGLSfQ_14934.mp4 1;3;4;8;12;102;123
jKUjxhGLSfQ_14935.mp4 3;4;8;100;123
jKUjxhGLSfQ_14936.mp4 1;3;4;12;101;123
jKUjxhGLSfQ_14937.mp4 1;3;4;8;12;102;123
jKUjxhGLSfQ_14938.mp4 1;3;4;12;100;123
jKUjxhGLSfQ_14939.mp4 4;12;99;123
jKUjxhGLSfQ_14940.mp4 3;4;12;99;123
jKUjxhGLSfQ_14941.mp4 1;4;12;101;123
jKUjxhGLSfQ_14942.mp4 3;4;12;101;123
jKUjxhGLSfQ_14943.mp4 3;4;12;101;123
jKUjxhGLSfQ_14944.mp4 1;3;4;8;12;101;123
jKUjxhGLSfQ_14945.mp4 1;3;4;8;12;101;123
jQosbWxluvs_12430.mp4 1;46;111
jQosbWxluvs_12431.mp4 1;46;111
jQosbWxluvs_12432.mp4 47;111
jRanQa3LVyU_04484.mp4 4;8;12;59;114
jRanQa3LVyU_04485.mp4 6;8;58;114
jRanQa3LVyU_04486.mp4 4;8;12;59;114
jRanQa3LVyU_04487.mp4 3;8;12;58;114
jRanQa3LVyU_04488.mp4 3;8;58;114
jRanQa3LVyU_04489.mp4 8;12;59;114
jRanQa3LVyU_04490.mp4 3;4;8;59;114
jRanQa3LVyU_04491.mp4 4;8;59;114
jRanQa3LVyU_04492.mp4 4;8;12;59;114
jRanQa3LVyU_04493.mp4 3;4;6;8;12;59;114
jRanQa3LVyU_04494.mp4 4;6;8;12;59;114
jY9z2ryWGQ0_01633.mp4 3;4;6;8;12;25;106
jY9z2ryWGQ0_01634.mp4 4;6;8;12;25;106
jY9z2ryWGQ0_01635.mp4 2;4;6;8;12;25;106
jY9z2ryWGQ0_01636.mp4 4;6;8;12;25;106
jY9z2ryWGQ0_01637.mp4 1;3;4;8;12;25;106
jY9z2ryWGQ0_01638.mp4 3;4;6;8;12;22;106
jY9z2ryWGQ0_01639.mp4 3;4;8;25;106
jY9z2ryWGQ0_01641.mp4 4;6;8;12;25;106
jY9z2ryWGQ0_01642.mp4 3;4;6;8;12;25;106
jg7M_QuN5P0_07527.mp4 1;3;4;6;8;12;95;122
jg7M_QuN5P0_07528.mp4 1;3;4;8;12;97;122
jg7M_QuN5P0_07529.mp4 1;3;4;8;12;96;122
jg7M_QuN5P0_07530.mp4 3;4;8;95;122
jg7M_QuN5P0_07531.mp4 4;6;8;95;122
jg7M_QuN5P0_07532.mp4 4;8;95;122
jg7M_QuN5P0_07533.mp4 6;8;12;95;122
jg7M_QuN5P0_07534.mp4 6;8;12;95;122
jg7M_QuN5P0_07535.mp4 1;3;4;8;12;96;122
jg7M_QuN5P0_07536.mp4 4;8;12;96;122
jg7M_QuN5P0_07537.mp4 4;8;12;96;122
jg7M_QuN5P0_07538.mp4 1;4;8;96;122
jg7M_QuN5P0_07539.mp4 1;3;4;6;8;12;95;122
jg7M_QuN5P0_07540.mp4 4;6;8;95;122
jg7M_QuN5P0_07541.mp4 4;8;95;122
jg7M_QuN5P0_07542.mp4 3;4;8;12;95;122
jg7M_QuN5P0_07543.mp4 4;8;96;122
jg7M_QuN5P0_07544.mp4 1;3;4;8;12;96;122
jg7M_QuN5P0_07545.mp4 1;3;4;8;96;122
jg7M_QuN5P0_07546.mp4 1;8;96;122
jg7M_QuN5P0_07547.mp4 1;3;4;8;12;96;122
jkeUQ76uVx4_09656.mp4 1;4;8;100;123
jkeUQ76uVx4_09657.mp4 4;8;12;102;123
jkeUQ76uVx4_09658.mp4 4;8;99;123
jkeUQ76uVx4_09659.mp4 4;8;100;123
jkeUQ76uVx4_09660.mp4 4;8;12;102;123
jkeUQ76uVx4_09661.mp4 1;4;8;100;123
jkeUQ76uVx4_09662.mp4 2;4;6;8;102;123
jkeUQ76uVx4_09663.mp4 4;8;102;123
jkeUQ76uVx4_09664.mp4 1;4;8;100;123
jkeUQ76uVx4_09665.mp4 1;3;4;8;12;102;123
jkeUQ76uVx4_09666.mp4 2;4;8;100;123
jkeUQ76uVx4_09667.mp4 4;8;99;123
jkeUQ76uVx4_09668.mp4 1;3;4;8;100;123
jkeUQ76uVx4_09669.mp4 4;6;8;102;123
jkeUQ76uVx4_09670.mp4 1;4;8;100;123
jkeUQ76uVx4_09671.mp4 4;8;99;123
jkeUQ76uVx4_09672.mp4 1;4;8;100;123
jkeUQ76uVx4_09674.mp4 1;4;8;100;123
jkeUQ76uVx4_09675.mp4 4;8;102;123
jkeUQ76uVx4_09676.mp4 4;8;100;123
jz8ne2HhtIw_04843.mp4 1;3;4;5;12;13;104
jz8ne2HhtIw_04844.mp4 3;12;15;104
jz8ne2HhtIw_04845.mp4 3;14;104
jz8ne2HhtIw_04846.mp4 3;14;104
jz8ne2HhtIw_04847.mp4 3;14;104
jz8ne2HhtIw_04848.mp4 3;14;104
k-wb83s4fs0_15026.mp4 1;4;8;100;123
k-wb83s4fs0_15027.mp4 3;4;12;100;123
k-wb83s4fs0_15028.mp4 4;6;8;102;123
k-wb83s4fs0_15029.mp4 1;4;12;103;123
k-wb83s4fs0_15030.mp4 1;4;8;100;123
k-wb83s4fs0_15031.mp4 4;8;102;123
k-wb83s4fs0_15032.mp4 4;12;103;123
k-wb83s4fs0_15033.mp4 1;12;101;123
k-wb83s4fs0_15034.mp4 4;8;100;123
k-wb83s4fs0_15035.mp4 4;8;102;123
k-wb83s4fs0_15036.mp4 4;12;103;123
k-wb83s4fs0_15037.mp4 4;8;100;123
k-wb83s4fs0_15038.mp4 4;8;102;123
k-wb83s4fs0_15039.mp4 4;12;103;123
k-wb83s4fs0_15040.mp4 1;4;8;100;123
k-wb83s4fs0_15041.mp4 4;8;102;123
k-wb83s4fs0_15042.mp4 3;4;12;103;123
k-wb83s4fs0_15043.mp4 4;8;100;123
k-wb83s4fs0_15044.mp4 4;8;102;123
k-wb83s4fs0_15045.mp4 4;12;103;123
k-wb83s4fs0_15046.mp4 1;4;8;12;100;123
k-wb83s4fs0_15047.mp4 4;8;102;123
k-wb83s4fs0_15048.mp4 1;4;8;100;123
k-wb83s4fs0_15049.mp4 1;4;12;103;123
k-wb83s4fs0_15050.mp4 4;8;102;123
k-wb83s4fs0_15051.mp4 4;8;100;123
k-wb83s4fs0_15052.mp4 4;8;102;123
k-wb83s4fs0_15053.mp4 1;4;8;102;123
k-wb83s4fs0_15054.mp4 4;12;103;123
k-wb83s4fs0_15055.mp4 11;12;101;123
k32OrOb9G80_01737.mp4 4;8;25;106
k32OrOb9G80_01738.mp4 3;4;8;12;22;106
k32OrOb9G80_01739.mp4 3;4;8;12;25;106
k32OrOb9G80_01740.mp4 3;4;8;12;25;106
k32OrOb9G80_01741.mp4 4;8;25;106
k32OrOb9G80_01742.mp4 3;4;6;8;12;25;106
k32OrOb9G80_01743.mp4 3;4;8;12;25;106
k32OrOb9G80_01744.mp4 4;6;8;12;25;106
k32OrOb9G80_01745.mp4 3;4;6;12;25;106
k32OrOb9G80_01746.mp4 4;8;12;25;106
k32OrOb9G80_01747.mp4 4;8;12;25;106
k32OrOb9G80_01748.mp4 3;6;8;12;24;106
k32OrOb9G80_01749.mp4 3;4;6;8;12;22;106
k32OrOb9G80_01750.mp4 3;4;8;24;106
k32OrOb9G80_01751.mp4 4;8;22;106
k32OrOb9G80_01752.mp4 3;4;8;12;22;106
k32OrOb9G80_01753.mp4 4;8;22;106
k32OrOb9G80_01754.mp4 1;3;4;8;22;106
k32OrOb9G80_01755.mp4 3;4;8;12;22;106
k32OrOb9G80_01756.mp4 3;4;24;106
k32OrOb9G80_01757.mp4 3;4;6;8;22;106
k32OrOb9G80_01758.mp4 1;3;4;8;12;24;106
k32OrOb9G80_01759.mp4 4;6;8;12;22;106
k32OrOb9G80_01760.mp4 4;5;6;8;12;22;106
k32OrOb9G80_01761.mp4 1;3;4;6;8;12;24;106
k32OrOb9G80_01762.mp4 12;24;106
k32OrOb9G80_01763.mp4 8;12;24;106
k32OrOb9G80_01764.mp4 3;4;6;12;24;106
k32OrOb9G80_01765.mp4 4;8;12;24;106
k3r2vkrtNhs_02276.mp4 6;8;25;106
k3r2vkrtNhs_02277.mp4 3;4;6;8;12;25;106
k3r2vkrtNhs_02278.mp4 3;4;8;12;25;106
k3r2vkrtNhs_02279.mp4 4;8;25;106
k3r2vkrtNhs_02280.mp4 4;8;12;25;106
k3r2vkrtNhs_02281.mp4 3;4;8;12;25;106
k3r2vkrtNhs_02282.mp4 0;3;4;8;12;25;106
k3r2vkrtNhs_02283.mp4 3;8;12;24;106
k3r2vkrtNhs_02284.mp4 3;4;6;8;12;25;106
k3r2vkrtNhs_02285.mp4 3;4;6;8;25;106
k3r2vkrtNhs_02286.mp4 4;6;8;12;25;106
k3r2vkrtNhs_02287.mp4 3;4;8;12;24;106
k3r2vkrtNhs_02288.mp4 3;4;8;12;23;106
k3r2vkrtNhs_02289.mp4 4;6;8;12;24;106
k3r2vkrtNhs_02290.mp4 1;3;12;24;106
k3r2vkrtNhs_02291.mp4 1;3;4;6;8;22;106
k3r2vkrtNhs_02292.mp4 1;3;4;12;23;106
k3r2vkrtNhs_02293.mp4 3;4;6;8;12;22;106
k3r2vkrtNhs_02294.mp4 4;6;8;12;22;106
k3r2vkrtNhs_02295.mp4 3;4;6;8;12;22;106
k3r2vkrtNhs_02296.mp4 1;4;6;8;12;22;106
k3r2vkrtNhs_02297.mp4 1;3;4;8;12;22;106
k3r2vkrtNhs_02298.mp4 6;8;12;24;106
k3r2vkrtNhs_02299.mp4 1;2;3;4;8;12;24;106
k3r2vkrtNhs_02300.mp4 1;4;8;22;106
k3r2vkrtNhs_02301.mp4 4;8;12;22;106
k3r2vkrtNhs_02302.mp4 3;4;8;12;22;106
k3r2vkrtNhs_02303.mp4 3;8;12;24;106
k3r2vkrtNhs_02304.mp4 4;6;8;12;22;106
k3r2vkrtNhs_02305.mp4 3;4;8;12;23;106
k3r2vkrtNhs_02306.mp4 3;24;106
k3r2vkrtNhs_02308.mp4 6;8;12;24;106
k3r2vkrtNhs_02307.mp4 12;24;106
k5csfUMk1Uc_11034.mp4 3;4;6;8;12;25;106
k5csfUMk1Uc_11035.mp4 4;6;8;12;25;106
k5csfUMk1Uc_11036.mp4 12;24;106
k5csfUMk1Uc_11037.mp4 3;4;8;25;106
k5csfUMk1Uc_11038.mp4 4;8;25;106
k5csfUMk1Uc_11039.mp4 3;8;12;24;106
k5csfUMk1Uc_11040.mp4 3;4;6;8;12;25;106
k5csfUMk1Uc_11041.mp4 1;3;4;8;12;24;106
k5csfUMk1Uc_11042.mp4 1;3;4;6;9;12;25;106
k5csfUMk1Uc_11043.mp4 4;6;8;12;25;106
k5csfUMk1Uc_11044.mp4 1;3;4;12;24;106
k5csfUMk1Uc_11045.mp4 1;4;6;8;12;25;106
k5csfUMk1Uc_11046.mp4 3;4;6;8;12;25;106
k5csfUMk1Uc_11047.mp4 3;4;6;8;12;25;106
k5csfUMk1Uc_11048.mp4 1;4;6;8;12;24;106
k5csfUMk1Uc_11049.mp4 3;4;8;12;24;106
k5csfUMk1Uc_11050.mp4 3;8;12;24;106
kV0uOaURTyI_08838.mp4 60;115
kV0uOaURTyI_08839.mp4 60;115
kV0uOaURTyI_08840.mp4 68;115
kV0uOaURTyI_08841.mp4 3;4;12;68;115
kV0uOaURTyI_08842.mp4 3;4;65;115
kV0uOaURTyI_08843.mp4 3;68;115
kV0uOaURTyI_08844.mp4 3;64;115
kV0uOaURTyI_08845.mp4 3;68;115
kV0uOaURTyI_08846.mp4 60;115
kV0uOaURTyI_08847.mp4 68;115
kV0uOaURTyI_08848.mp4 3;65;115
kV0uOaURTyI_08849.mp4 68;115
kV0uOaURTyI_08850.mp4 3;64;115
kV0uOaURTyI_08851.mp4 3;60;115
kV0uOaURTyI_08852.mp4 3;68;115
kV0uOaURTyI_08853.mp4 3;65;115
kV0uOaURTyI_08854.mp4 3;65;115
kV0uOaURTyI_08855.mp4 68;115
kV0uOaURTyI_08856.mp4 3;64;115
kV0uOaURTyI_08857.mp4 68;115
kV0uOaURTyI_08858.mp4 3;60;115
kV0uOaURTyI_08859.mp4 60;115
kV0uOaURTyI_08860.mp4 68;115
kV0uOaURTyI_08861.mp4 3;65;115
kV0uOaURTyI_08862.mp4 65;115
kV0uOaURTyI_08863.mp4 3;64;115
kV0uOaURTyI_08864.mp4 60;115
kbMNzbr0Wks_07235.mp4 1;8;12;96;122
kbMNzbr0Wks_07236.mp4 1;4;8;12;96;122
kbMNzbr0Wks_07237.mp4 4;8;96;122
kbMNzbr0Wks_07238.mp4 1;4;8;96;122
kbMNzbr0Wks_07239.mp4 8;96;122
kbMNzbr0Wks_07240.mp4 1;8;96;122
kbMNzbr0Wks_07241.mp4 4;8;96;122
kbMNzbr0Wks_07242.mp4 4;8;96;122
kbMNzbr0Wks_07243.mp4 8;95;122
kbMNzbr0Wks_07244.mp4 1;3;4;6;8;12;95;122
kbMNzbr0Wks_07245.mp4 4;8;10;12;95;122
kbMNzbr0Wks_07246.mp4 1;4;6;8;12;98;122
kbMNzbr0Wks_07247.mp4 1;3;4;8;95;122
kbMNzbr0Wks_07248.mp4 1;3;4;8;12;95;122
kbMNzbr0Wks_07249.mp4 2;4;8;96;122
keT8XAGJFtQ_11301.mp4 1;3;12;60;115
keT8XAGJFtQ_11302.mp4 1;3;12;60;115
keT8XAGJFtQ_11303.mp4 1;3;4;12;60;115
keT8XAGJFtQ_11304.mp4 12;60;115
keT8XAGJFtQ_11305.mp4 1;12;60;115
keT8XAGJFtQ_11306.mp4 1;3;60;115
keT8XAGJFtQ_11307.mp4 1;4;12;60;115
keT8XAGJFtQ_11308.mp4 1;4;12;60;115
keT8XAGJFtQ_11309.mp4 1;3;12;60;115
keT8XAGJFtQ_11310.mp4 1;3;60;115
kgYVImOwYiI_08427.mp4 3;12;61;115
kgYVImOwYiI_08428.mp4 3;63;115
kgYVImOwYiI_08429.mp4 3;61;115
kgYVImOwYiI_08430.mp4 3;63;115
kidsskux8T8_10013.mp4 1;4;12;54;113
kidsskux8T8_10014.mp4 3;4;12;56;113
kidsskux8T8_10015.mp4 1;3;12;56;113
kidsskux8T8_10016.mp4 1;3;4;12;56;113
kidsskux8T8_10017.mp4 1;3;4;8;12;54;113
kidsskux8T8_10018.mp4 12;56;113
kidsskux8T8_10019.mp4 3;4;56;113
kidsskux8T8_10020.mp4 1;3;4;12;56;113
kidsskux8T8_10021.mp4 3;4;56;113
kkn1m_fRbTA_10487.mp4 1;3;4;12;55;113
kkn1m_fRbTA_10488.mp4 2;3;12;54;113
kkn1m_fRbTA_10489.mp4 1;3;12;54;113
kkn1m_fRbTA_10490.mp4 1;3;4;12;56;113
kkn1m_fRbTA_10491.mp4 1;3;4;12;56;113
kq9Q9-U0vrc_06081.mp4 1;3;4;12;88;120
kq9Q9-U0vrc_06082.mp4 1;3;90;120
kq9Q9-U0vrc_06083.mp4 1;3;4;12;90;120
kq9Q9-U0vrc_06084.mp4 1;3;12;87;120
kq9Q9-U0vrc_06085.mp4 3;90;120
kq9Q9-U0vrc_06086.mp4 3;90;120
kq9Q9-U0vrc_06087.mp4 1;3;4;89;120
kq9Q9-U0vrc_06088.mp4 1;3;4;89;120
kq9Q9-U0vrc_06089.mp4 1;3;4;87;120
kryDENEwaSk_11012.mp4 1;4;8;102;123
kryDENEwaSk_11013.mp4 1;4;12;102;123
kryDENEwaSk_11014.mp4 1;12;101;123
kryDENEwaSk_11015.mp4 1;3;4;12;101;123
kryDENEwaSk_11016.mp4 1;3;12;101;123
kryDENEwaSk_11017.mp4 1;4;8;12;102;123
kryDENEwaSk_11018.mp4 1;3;4;102;123
kryDENEwaSk_11019.mp4 1;4;12;102;123
kryDENEwaSk_11020.mp4 1;4;12;102;123
kryDENEwaSk_11021.mp4 1;4;8;12;102;123
kryDENEwaSk_11022.mp4 1;3;4;8;102;123
kryDENEwaSk_11023.mp4 1;3;101;123
kryDENEwaSk_11024.mp4 4;12;101;123
kryDENEwaSk_11025.mp4 1;4;8;102;123
kryDENEwaSk_11026.mp4 1;4;8;102;123
kryDENEwaSk_11027.mp4 12;101;123
ky_XpZV6ssU_10679.mp4 1;3;12;50;112
ky_XpZV6ssU_10680.mp4 1;3;12;50;112
ky_XpZV6ssU_10681.mp4 1;3;12;50;112
ky_XpZV6ssU_10682.mp4 1;3;12;50;112
ky_XpZV6ssU_10683.mp4 3;49;112
ky_XpZV6ssU_10684.mp4 3;49;112
ky_XpZV6ssU_10685.mp4 3;49;112
ky_XpZV6ssU_10686.mp4 3;49;112
ky_XpZV6ssU_10687.mp4 1;3;12;50;112
ky_XpZV6ssU_10688.mp4 3;50;112
ky_XpZV6ssU_10689.mp4 3;50;112
ky_XpZV6ssU_10690.mp4 3;50;112
ky_XpZV6ssU_10691.mp4 3;50;112
ky_XpZV6ssU_10692.mp4 1;3;50;112
l-n-dvAfpDQ_02789.mp4 18;105
l-n-dvAfpDQ_02790.mp4 1;18;105
l-n-dvAfpDQ_02791.mp4 1;18;105
l-n-dvAfpDQ_02792.mp4 18;105
l-n-dvAfpDQ_02793.mp4 18;105
l-n-dvAfpDQ_02794.mp4 18;105
l4_FtDMCCLQ_05161.mp4 1;3;4;5;13;104
l4_FtDMCCLQ_05162.mp4 1;3;5;12;13;104
l4_FtDMCCLQ_05163.mp4 1;4;12;15;104
l4_FtDMCCLQ_05164.mp4 3;14;104
l64dJ_-iIQc_12798.mp4 1;3;89;120
l64dJ_-iIQc_12799.mp4 1;3;90;120
l64dJ_-iIQc_12800.mp4 1;3;12;89;120
l64dJ_-iIQc_12801.mp4 1;3;90;120
l64dJ_-iIQc_12802.mp4 1;3;4;90;120
l64dJ_-iIQc_12803.mp4 1;3;4;12;89;120
l64dJ_-iIQc_12804.mp4 1;3;90;120
l64dJ_-iIQc_12805.mp4 3;90;120
l64dJ_-iIQc_12806.mp4 1;3;90;120
l64dJ_-iIQc_12807.mp4 3;12;90;120
l64dJ_-iIQc_12808.mp4 1;3;90;120
l64dJ_-iIQc_12809.mp4 3;90;120
l64dJ_-iIQc_12810.mp4 1;3;89;120
l64dJ_-iIQc_12811.mp4 1;3;89;120
l64dJ_-iIQc_12812.mp4 1;3;89;120
l64dJ_-iIQc_12813.mp4 1;3;4;89;120
l64dJ_-iIQc_12814.mp4 3;90;120
l64dJ_-iIQc_12815.mp4 1;3;89;120
l64dJ_-iIQc_12816.mp4 1;3;89;120
l64dJ_-iIQc_12817.mp4 1;3;89;120
l7jBtl6ahVE_00233.mp4 1;3;4;80;118
l7jBtl6ahVE_00234.mp4 1;3;4;80;118
l7jBtl6ahVE_00235.mp4 1;4;79;118
lGwcV8OQT5k_12462.mp4 1;3;4;90;120
lGwcV8OQT5k_12463.mp4 1;3;4;90;120
lGwcV8OQT5k_12464.mp4 1;3;90;120
lGwcV8OQT5k_12465.mp4 1;3;90;120
lGwcV8OQT5k_12466.mp4 1;3;89;120
lGwcV8OQT5k_12467.mp4 1;3;12;89;120
lGwcV8OQT5k_12468.mp4 1;3;4;89;120
lGwcV8OQT5k_12469.mp4 1;3;4;90;120
lGwcV8OQT5k_12470.mp4 1;3;4;89;120
lGwcV8OQT5k_12471.mp4 1;3;4;89;120
lGwcV8OQT5k_12472.mp4 1;3;4;89;120
lGwcV8OQT5k_12473.mp4 1;3;4;89;120
lGwcV8OQT5k_12474.mp4 1;3;4;90;120
lGwcV8OQT5k_12475.mp4 3;4;12;88;120
lGwcV8OQT5k_12476.mp4 1;3;4;90;120
lGwcV8OQT5k_12477.mp4 1;3;4;90;120
lGwcV8OQT5k_12478.mp4 1;3;4;90;120
lGwcV8OQT5k_12479.mp4 1;3;89;120
lGwcV8OQT5k_12480.mp4 3;89;120
lGwcV8OQT5k_12481.mp4 1;89;120
lGwcV8OQT5k_12482.mp4 1;3;4;12;90;120
lKiCUTxDYgs_04191.mp4 1;77;117
lKiCUTxDYgs_04192.mp4 3;78;117
lKiCUTxDYgs_04193.mp4 74;117
lKiCUTxDYgs_04194.mp4 76;117
lLINwmmzfRs_07509.mp4 1;3;4;8;12;95;122
lLINwmmzfRs_07510.mp4 8;95;122
lLINwmmzfRs_07511.mp4 4;8;95;122
lLINwmmzfRs_07512.mp4 8;12;98;122
lLINwmmzfRs_07513.mp4 8;95;122
lLINwmmzfRs_07514.mp4 3;4;8;12;98;122
lLINwmmzfRs_07515.mp4 8;95;122
lLINwmmzfRs_07516.mp4 6;8;95;122
lLINwmmzfRs_07517.mp4 4;6;8;12;96;122
lLINwmmzfRs_07518.mp4 3;4;8;12;95;122
lLINwmmzfRs_07519.mp4 1;8;12;98;122
lLINwmmzfRs_07520.mp4 4;8;95;122
lLINwmmzfRs_07521.mp4 8;95;122
lOSRWItBSlU_12148.mp4 3;9;12;73;116
lOSRWItBSlU_12149.mp4 0;1;3;12;73;116
lOSRWItBSlU_12150.mp4 1;3;4;73;116
lOSRWItBSlU_12151.mp4 1;2;4;10;12;69;116
lOSRWItBSlU_12152.mp4 1;2;3;4;12;70;116
lOSRWItBSlU_12153.mp4 1;3;71;116
lOSRWItBSlU_12154.mp4 3;72;116
lRDi5wDzeVg_08068.mp4 66;115
lRDi5wDzeVg_08069.mp4 66;115
lRDi5wDzeVg_08070.mp4 66;115
lRDi5wDzeVg_08071.mp4 12;66;115
lRDi5wDzeVg_08072.mp4 3;65;115
lRDi5wDzeVg_08073.mp4 3;65;115
lRDi5wDzeVg_08074.mp4 3;62;115
lRDi5wDzeVg_08075.mp4 62;115
lRDi5wDzeVg_08076.mp4 62;115
lRDi5wDzeVg_08077.mp4 3;62;115
lRDi5wDzeVg_08078.mp4 62;115
lRDi5wDzeVg_08079.mp4 62;115
lRDi5wDzeVg_08080.mp4 3;62;115
lRDi5wDzeVg_08081.mp4 62;115
lRDi5wDzeVg_08082.mp4 62;115
lRDi5wDzeVg_08083.mp4 3;62;115
lRDi5wDzeVg_08084.mp4 66;115
lRDi5wDzeVg_08085.mp4 66;115
lRDi5wDzeVg_08086.mp4 3;66;115
lRDi5wDzeVg_08087.mp4 3;66;115
lRDi5wDzeVg_08088.mp4 66;115
lRDi5wDzeVg_08089.mp4 66;115
lTwPKsGWpos_02407.mp4 3;4;6;8;12;25;106
lTwPKsGWpos_02408.mp4 3;4;6;8;12;25;106
lTwPKsGWpos_02409.mp4 1;4;6;8;12;25;106
lTwPKsGWpos_02410.mp4 3;4;8;12;25;106
lTwPKsGWpos_02411.mp4 3;8;12;24;106
lTwPKsGWpos_02412.mp4 3;4;6;8;12;22;106
lTwPKsGWpos_02413.mp4 3;4;8;12;22;106
lTwPKsGWpos_02414.mp4 3;6;8;25;106
lTwPKsGWpos_02415.mp4 3;6;8;25;106
lTwPKsGWpos_02416.mp4 3;4;6;8;12;25;106
lTwPKsGWpos_02417.mp4 4;8;24;106
lTwPKsGWpos_02418.mp4 3;4;6;8;12;25;106
lTwPKsGWpos_02419.mp4 3;8;12;25;106
lTwPKsGWpos_02420.mp4 3;4;8;12;23;106
lTwPKsGWpos_02421.mp4 4;8;12;25;106
lTwPKsGWpos_02422.mp4 3;4;6;8;12;22;106
lTwPKsGWpos_02423.mp4 12;24;106
lTwPKsGWpos_02424.mp4 3;4;8;12;22;106
lTwPKsGWpos_02425.mp4 3;6;8;12;22;106
lTwPKsGWpos_02426.mp4 3;4;8;12;22;106
lTwPKsGWpos_02427.mp4 1;3;4;6;8;12;23;106
lTwPKsGWpos_02428.mp4 3;4;8;12;23;106
lTwPKsGWpos_02429.mp4 3;4;6;8;12;22;106
lTwPKsGWpos_02430.mp4 1;4;8;12;22;106
lTwPKsGWpos_02431.mp4 3;4;6;8;12;22;106
lTwPKsGWpos_02432.mp4 1;3;4;8;24;106
lTwPKsGWpos_02433.mp4 3;4;6;8;12;22;106
lTwPKsGWpos_02434.mp4 3;4;8;12;22;106
lTwPKsGWpos_02435.mp4 3;4;5;12;24;106
lVcwAQTVQzk_04984.mp4 1;3;4;5;12;13;104
lVcwAQTVQzk_04985.mp4 3;5;12;13;104
lW4lZ-4afPo_06521.mp4 3;4;8;12;22;106
lW4lZ-4afPo_06522.mp4 3;4;6;8;12;22;106
lW4lZ-4afPo_06523.mp4 1;4;8;22;106
lW4lZ-4afPo_06524.mp4 1;4;6;8;22;106
lW4lZ-4afPo_06525.mp4 1;3;4;6;8;22;106
lW4lZ-4afPo_06526.mp4 3;4;8;22;106
lW4lZ-4afPo_06527.mp4 3;4;6;8;12;25;106
lW4lZ-4afPo_06528.mp4 1;4;8;25;106
lW4lZ-4afPo_06529.mp4 3;4;8;12;25;106
lW4lZ-4afPo_06530.mp4 3;4;6;8;12;25;106
lW4lZ-4afPo_06531.mp4 3;4;6;8;12;25;106
lW4lZ-4afPo_06532.mp4 3;4;8;12;25;106
lW4lZ-4afPo_06533.mp4 3;4;8;12;22;106
lW4lZ-4afPo_06534.mp4 1;3;4;6;8;12;25;106
lW4lZ-4afPo_06535.mp4 4;6;8;12;25;106
lW4lZ-4afPo_06536.mp4 4;8;25;106
lW4lZ-4afPo_06537.mp4 4;8;12;25;106
lW4lZ-4afPo_06538.mp4 3;4;6;8;12;22;106
lW4lZ-4afPo_06539.mp4 3;4;8;22;106
lW4lZ-4afPo_06540.mp4 3;4;8;22;106
ll0qDBCxCEc_14034.mp4 1;3;85;119
ll0qDBCxCEc_14035.mp4 1;3;4;12;86;119
ll0qDBCxCEc_14036.mp4 1;3;4;83;119
ll0qDBCxCEc_14037.mp4 1;3;12;86;119
ll0qDBCxCEc_14038.mp4 1;3;4;86;119
ll0qDBCxCEc_14039.mp4 3;85;119
ll0qDBCxCEc_14040.mp4 1;3;4;12;86;119
ll0qDBCxCEc_14041.mp4 3;86;119
ll0qDBCxCEc_14042.mp4 1;3;85;119
ll0qDBCxCEc_14043.mp4 3;4;12;86;119
ll0qDBCxCEc_14044.mp4 1;3;12;83;119
ll0qDBCxCEc_14045.mp4 1;3;12;83;119
ll0qDBCxCEc_14046.mp4 1;3;4;86;119
ll0qDBCxCEc_14047.mp4 1;3;4;86;119
ll0qDBCxCEc_14048.mp4 1;4;12;83;119
ll0qDBCxCEc_14049.mp4 1;3;4;86;119
ll0qDBCxCEc_14050.mp4 1;3;4;86;119
ll0qDBCxCEc_14051.mp4 1;3;4;12;85;119
ll0qDBCxCEc_14052.mp4 1;3;4;83;119
ll0qDBCxCEc_14053.mp4 1;3;4;83;119
ll0qDBCxCEc_14054.mp4 1;3;4;83;119
ll0qDBCxCEc_14055.mp4 1;3;4;85;119
ll0qDBCxCEc_14056.mp4 3;85;119
ll0qDBCxCEc_14057.mp4 1;3;83;119
ll0qDBCxCEc_14058.mp4 1;3;4;83;119
ll0qDBCxCEc_14059.mp4 1;3;85;119
ll0qDBCxCEc_14060.mp4 3;85;119
llXqp4rYqUI_12075.mp4 2;3;7;69;116
llXqp4rYqUI_12076.mp4 1;3;71;116
m0MtHFfhhFs_02543.mp4 4;8;25;106
m0MtHFfhhFs_02544.mp4 3;4;8;12;25;106
m0MtHFfhhFs_02545.mp4 1;3;4;6;8;12;25;106
m0MtHFfhhFs_02546.mp4 3;4;8;12;25;106
m0MtHFfhhFs_02547.mp4 3;4;6;8;12;25;106
m0MtHFfhhFs_02548.mp4 8;12;24;106
m0MtHFfhhFs_02549.mp4 1;3;4;6;8;12;25;106
m0MtHFfhhFs_02550.mp4 3;4;12;25;106
m0MtHFfhhFs_02551.mp4 3;4;8;12;25;106
m0MtHFfhhFs_02552.mp4 3;4;8;12;25;106
m0MtHFfhhFs_02553.mp4 1;3;4;6;8;12;25;106
m0MtHFfhhFs_02554.mp4 3;4;8;12;22;106
m0MtHFfhhFs_02555.mp4 4;8;12;22;106
m0MtHFfhhFs_02556.mp4 3;4;8;12;22;106
m0MtHFfhhFs_02557.mp4 3;4;8;12;22;106
m0MtHFfhhFs_02558.mp4 3;4;6;8;12;22;106
m0MtHFfhhFs_02559.mp4 3;4;6;8;12;22;106
m0MtHFfhhFs_02560.mp4 3;4;6;8;12;22;106
m0MtHFfhhFs_02561.mp4 3;4;6;8;12;22;106
m0MtHFfhhFs_02562.mp4 3;4;6;8;12;22;106
m0MtHFfhhFs_02563.mp4 3;4;6;8;12;22;106
m0MtHFfhhFs_02564.mp4 12;24;106
m1RNLXYoxqw_12003.mp4 2;3;4;69;116
m1RNLXYoxqw_12004.mp4 3;71;116
m2IyC2iikf4_08875.mp4 1;3;4;62;115
m2IyC2iikf4_08876.mp4 1;3;62;115
m2IyC2iikf4_08877.mp4 3;4;62;115
m2IyC2iikf4_08878.mp4 1;3;4;62;115
m2IyC2iikf4_08879.mp4 1;3;4;62;115
m2IyC2iikf4_08880.mp4 1;3;4;62;115
m2IyC2iikf4_08881.mp4 1;3;4;65;115
m2IyC2iikf4_08882.mp4 1;3;4;62;115
m2IyC2iikf4_08883.mp4 1;3;4;62;115
m2IyC2iikf4_08884.mp4 1;3;4;62;115
m2IyC2iikf4_08885.mp4 1;3;62;115
m2IyC2iikf4_08886.mp4 1;3;4;65;115
m2IyC2iikf4_08887.mp4 1;3;4;68;115
m2IyC2iikf4_08888.mp4 3;4;60;115
m2IyC2iikf4_08889.mp4 1;3;4;60;115
m7yv3J7j2r0_01541.mp4 3;4;8;12;25;106
m7yv3J7j2r0_01542.mp4 3;4;6;8;12;25;106
m7yv3J7j2r0_01543.mp4 3;4;6;8;12;25;106
m7yv3J7j2r0_01544.mp4 1;4;6;8;25;106
m7yv3J7j2r0_01545.mp4 4;6;8;12;25;106
m7yv3J7j2r0_01546.mp4 8;12;24;106
m7yv3J7j2r0_01547.mp4 3;4;6;8;12;25;106
m7yv3J7j2r0_01548.mp4 2;3;4;6;8;12;25;106
m7yv3J7j2r0_01549.mp4 3;6;8;25;106
m7yv3J7j2r0_01550.mp4 1;3;4;6;8;12;25;106
m7yv3J7j2r0_01551.mp4 4;8;24;106
m7yv3J7j2r0_01552.mp4 3;4;6;8;25;106
m7yv3J7j2r0_01553.mp4 3;6;8;12;24;106
m7yv3J7j2r0_01554.mp4 4;6;8;12;24;106
m7yv3J7j2r0_01555.mp4 3;4;8;12;24;106
mDAxCWOhJTc_14087.mp4 1;3;12;85;119
mDAxCWOhJTc_14088.mp4 1;3;85;119
mDAxCWOhJTc_14089.mp4 1;3;4;85;119
mDAxCWOhJTc_14090.mp4 1;3;4;85;119
mDAxCWOhJTc_14091.mp4 1;3;4;85;119
mDAxCWOhJTc_14092.mp4 1;3;4;85;119
mDAxCWOhJTc_14093.mp4 1;3;4;12;85;119
mDAxCWOhJTc_14094.mp4 1;3;4;12;85;119
mDAxCWOhJTc_14095.mp4 1;3;85;119
mDAxCWOhJTc_14096.mp4 1;3;85;119
mFBqox1msQE_05684.mp4 1;3;12;53;112
mFBqox1msQE_05685.mp4 1;3;12;53;112
mFBqox1msQE_05686.mp4 3;12;53;112
mFNl2Z4EHVQ_07791.mp4 1;12;44;110
mFNl2Z4EHVQ_07792.mp4 1;4;12;44;110
mFNl2Z4EHVQ_07793.mp4 1;3;44;110
mHUDJ1xu2CQ_01018.mp4 1;3;4;8;12;22;106
mHUDJ1xu2CQ_01019.mp4 3;4;6;8;12;22;106
mHUDJ1xu2CQ_01020.mp4 1;3;4;6;8;22;106
mHUDJ1xu2CQ_01021.mp4 3;4;12;25;106
mHUDJ1xu2CQ_01022.mp4 1;4;8;22;106
mHUDJ1xu2CQ_01023.mp4 4;6;8;22;106
mHUDJ1xu2CQ_01024.mp4 1;4;6;8;12;22;106
mHUDJ1xu2CQ_01025.mp4 3;4;8;12;22;106
mHUDJ1xu2CQ_01026.mp4 4;6;8;25;106
mHUDJ1xu2CQ_01027.mp4 1;3;4;6;8;12;25;106
mKB7cZAR5I4_10081.mp4 3;54;113
mKB7cZAR5I4_10082.mp4 1;3;57;113
mKB7cZAR5I4_10083.mp4 1;3;57;113
mKB7cZAR5I4_10084.mp4 1;3;57;113
mKB7cZAR5I4_10085.mp4 0;4;12;54;113
mKB7cZAR5I4_10086.mp4 12;54;113
mKB7cZAR5I4_10087.mp4 1;3;57;113
mKB7cZAR5I4_10088.mp4 1;3;4;12;57;113
mKB7cZAR5I4_10089.mp4 1;3;4;12;57;113
mKB7cZAR5I4_10090.mp4 1;3;4;54;113
mKB7cZAR5I4_10091.mp4 1;3;57;113
mKB7cZAR5I4_10092.mp4 3;57;113
mKB7cZAR5I4_10093.mp4 3;57;113
mVu2Bw_yO-s_02818.mp4 19;105
mVu2Bw_yO-s_02819.mp4 19;105
m_2PhbTdwtE_00078.mp4 1;3;4;32;108
m_2PhbTdwtE_00079.mp4 1;4;33;108
m_2PhbTdwtE_00080.mp4 3;12;31;108
m_2PhbTdwtE_00081.mp4 3;31;108
m_2PhbTdwtE_00082.mp4 1;4;12;33;108
m_2PhbTdwtE_00083.mp4 4;12;33;108
m_2PhbTdwtE_00084.mp4 4;8;33;108
m_2PhbTdwtE_00085.mp4 4;8;31;108
m_ZVJgM-bZI_04937.mp4 3;5;12;13;104
m_ZVJgM-bZI_04938.mp4 3;12;15;104
m_ZVJgM-bZI_04939.mp4 1;3;14;104
maHPYjlZM58_02612.mp4 3;4;6;8;12;25;106
maHPYjlZM58_02613.mp4 3;4;8;12;25;106
maHPYjlZM58_02614.mp4 3;4;12;24;106
maHPYjlZM58_02615.mp4 3;4;6;8;12;22;106
maHPYjlZM58_02616.mp4 4;8;25;106
maHPYjlZM58_02617.mp4 4;8;22;106
maHPYjlZM58_02618.mp4 1;4;8;12;24;106
maHPYjlZM58_02619.mp4 4;6;8;25;106
maHPYjlZM58_02620.mp4 3;4;8;12;25;106
maHPYjlZM58_02621.mp4 3;4;8;12;25;106
maHPYjlZM58_02622.mp4 3;4;8;12;22;106
maHPYjlZM58_02623.mp4 3;4;8;12;22;106
maHPYjlZM58_02624.mp4 4;6;8;12;25;106
maHPYjlZM58_02625.mp4 3;4;6;8;12;25;106
maHPYjlZM58_02626.mp4 4;6;8;12;25;106
maHPYjlZM58_02627.mp4 3;4;6;8;25;106
maHPYjlZM58_02628.mp4 3;4;6;8;12;22;106
maHPYjlZM58_02629.mp4 3;4;6;8;12;22;106
maHPYjlZM58_02630.mp4 3;4;8;12;22;106
maHPYjlZM58_02631.mp4 3;4;6;8;22;106
maHPYjlZM58_02632.mp4 3;4;6;8;12;22;106
maHPYjlZM58_02633.mp4 3;4;8;12;22;106
maHPYjlZM58_02634.mp4 1;3;4;12;23;106
maHPYjlZM58_02635.mp4 1;3;4;8;12;23;106
maHPYjlZM58_02636.mp4 4;6;8;12;24;106
maiaAqNFm6k_09810.mp4 1;4;12;56;113
maiaAqNFm6k_09811.mp4 1;4;12;56;113
maiaAqNFm6k_09812.mp4 3;12;54;113
maiaAqNFm6k_09813.mp4 3;4;12;54;113
mmOjxy_53LU_09507.mp4 3;4;6;8;12;25;106
mmOjxy_53LU_09508.mp4 3;4;8;12;22;106
mmOjxy_53LU_09509.mp4 3;4;6;8;12;25;106
mmOjxy_53LU_09510.mp4 3;4;6;8;12;25;106
mmOjxy_53LU_09511.mp4 4;8;25;106
mmOjxy_53LU_09512.mp4 1;4;8;25;106
mmOjxy_53LU_09513.mp4 4;8;12;25;106
mmOjxy_53LU_09514.mp4 3;4;8;12;25;106
mmOjxy_53LU_09515.mp4 3;4;8;12;25;106
mmOjxy_53LU_09516.mp4 3;4;8;12;22;106
mmOjxy_53LU_09517.mp4 1;3;4;6;8;12;25;106
mmOjxy_53LU_09518.mp4 4;6;8;12;25;106
mmOjxy_53LU_09519.mp4 1;3;12;24;106
mmOjxy_53LU_09520.mp4 12;24;106
mmOjxy_53LU_09521.mp4 3;4;12;24;106
mmpO249Evo0_01028.mp4 3;4;6;8;12;25;106
mmpO249Evo0_01029.mp4 1;4;6;8;22;106
mmpO249Evo0_01030.mp4 6;8;12;22;106
mmpO249Evo0_01031.mp4 3;4;6;8;9;12;25;106
mmpO249Evo0_01032.mp4 1;4;6;8;12;25;106
mmpO249Evo0_01033.mp4 3;4;8;22;106
mmpO249Evo0_01034.mp4 3;4;6;8;12;22;106
mmpO249Evo0_01035.mp4 2;4;6;8;22;106
mmpO249Evo0_01036.mp4 3;4;6;8;12;25;106
mmpO249Evo0_01037.mp4 8;25;106
mmpO249Evo0_01038.mp4 3;4;6;8;12;25;106
mmpO249Evo0_01039.mp4 4;6;8;25;106
mmpO249Evo0_01040.mp4 3;4;8;12;22;106
mmpO249Evo0_01041.mp4 3;4;12;25;106
mmpO249Evo0_01042.mp4 3;6;8;12;25;106
mmpO249Evo0_01043.mp4 1;3;4;6;8;12;25;106
mmpO249Evo0_01044.mp4 3;4;6;8;12;22;106
mmpO249Evo0_01045.mp4 4;6;8;22;106
mmpO249Evo0_01046.mp4 4;6;8;12;22;106
mmpO249Evo0_01047.mp4 4;6;8;22;106
mou_i_SRC9k_02637.mp4 3;4;6;8;12;25;106
mou_i_SRC9k_02638.mp4 1;3;4;6;8;12;25;106
mou_i_SRC9k_02639.mp4 3;4;6;8;12;25;106
mou_i_SRC9k_02640.mp4 1;4;6;8;25;106
mou_i_SRC9k_02641.mp4 3;4;6;8;12;22;106
mou_i_SRC9k_02642.mp4 3;4;6;8;12;25;106
mou_i_SRC9k_02643.mp4 1;4;6;8;12;25;106
mw2__FRYHo8_10910.mp4 3;4;8;12;25;106
mw2__FRYHo8_10911.mp4 3;4;8;12;25;106
mw2__FRYHo8_10912.mp4 3;4;8;12;25;106
mw2__FRYHo8_10913.mp4 3;4;8;25;106
mw2__FRYHo8_10914.mp4 4;6;8;25;106
mw2__FRYHo8_10915.mp4 3;4;6;8;11;25;106
mw2__FRYHo8_10916.mp4 4;8;25;106
mw2__FRYHo8_10917.mp4 3;4;8;12;24;106
mw2__FRYHo8_10918.mp4 3;4;8;12;25;106
mw2__FRYHo8_10919.mp4 1;3;4;8;12;25;106
mw2__FRYHo8_10920.mp4 3;4;6;8;12;25;106
mw2__FRYHo8_10921.mp4 1;12;24;106
mw2__FRYHo8_10922.mp4 3;8;12;24;106
mw2__FRYHo8_10923.mp4 1;3;4;8;12;24;106
mw2__FRYHo8_10924.mp4 3;4;6;8;12;22;106
mw2__FRYHo8_10925.mp4 1;3;4;8;12;22;106
mx82n8wC-Kk_10071.mp4 1;12;55;113
mx82n8wC-Kk_10072.mp4 1;3;4;12;55;113
mx82n8wC-Kk_10073.mp4 1;2;3;4;12;55;113
mx82n8wC-Kk_10074.mp4 1;3;4;12;56;113
mx82n8wC-Kk_10075.mp4 1;3;4;12;56;113
mx82n8wC-Kk_10076.mp4 1;3;57;113
mx82n8wC-Kk_10077.mp4 1;4;12;56;113
mx82n8wC-Kk_10078.mp4 3;4;12;56;113
mx82n8wC-Kk_10079.mp4 12;56;113
mx82n8wC-Kk_10080.mp4 1;3;12;57;113
mxGeGuQZT3s_01439.mp4 1;2;4;6;8;12;25;106
mxGeGuQZT3s_01440.mp4 3;4;6;8;12;22;106
mxGeGuQZT3s_01441.mp4 1;3;4;6;8;12;25;106
mxGeGuQZT3s_01442.mp4 3;4;6;8;12;25;106
mxGeGuQZT3s_01443.mp4 6;8;12;24;106
mxGeGuQZT3s_01444.mp4 4;8;25;106
mxGeGuQZT3s_01445.mp4 4;8;12;25;106
mxGeGuQZT3s_01446.mp4 3;4;12;24;106
mxGeGuQZT3s_01447.mp4 3;4;6;8;12;25;106
mxGeGuQZT3s_01448.mp4 8;12;24;106
mxGeGuQZT3s_01449.mp4 1;4;6;8;12;25;106
mxGeGuQZT3s_01450.mp4 1;3;4;6;8;12;24;106
mxGeGuQZT3s_01451.mp4 1;4;6;8;22;106
mxGeGuQZT3s_01452.mp4 3;4;6;8;12;25;106
n1XHlUfUzeA_10790.mp4 3;50;112
n1XHlUfUzeA_10791.mp4 3;49;112
n1XHlUfUzeA_10792.mp4 1;3;50;112
n1XHlUfUzeA_10793.mp4 3;49;112
n1XHlUfUzeA_10794.mp4 1;3;12;50;112
n1XHlUfUzeA_10795.mp4 1;3;12;53;112
n1XHlUfUzeA_10796.mp4 3;12;53;112
n1XHlUfUzeA_10797.mp4 3;12;53;112
n1XHlUfUzeA_10798.mp4 1;3;12;53;112
n1XHlUfUzeA_10799.mp4 1;12;53;112
n1XHlUfUzeA_10800.mp4 1;3;50;112
n1XHlUfUzeA_10801.mp4 1;3;12;50;112
n1XHlUfUzeA_10802.mp4 1;3;50;112
n1XHlUfUzeA_10803.mp4 1;3;50;112
n1XHlUfUzeA_10804.mp4 1;3;12;52;112
n1XHlUfUzeA_10805.mp4 1;3;50;112
n1XHlUfUzeA_10806.mp4 1;3;12;50;112
n1XHlUfUzeA_10807.mp4 1;3;4;50;112
n7_QjjhL1PQ_05883.mp4 78;117
n7_QjjhL1PQ_05884.mp4 74;117
n7_QjjhL1PQ_05885.mp4 74;117
n7_QjjhL1PQ_05886.mp4 74;117
n7_QjjhL1PQ_05887.mp4 74;117
n7_QjjhL1PQ_05888.mp4 74;117
nG4gDnXwcwU_00524.mp4 1;3;4;21;105
nG4gDnXwcwU_00525.mp4 4;21;105
nG4gDnXwcwU_00526.mp4 1;4;18;105
nG4gDnXwcwU_00527.mp4 1;3;21;105
nHT_1jllz84_15444.mp4 4;8;100;123
nHT_1jllz84_15445.mp4 1;4;8;103;123
nHT_1jllz84_15446.mp4 3;12;101;123
nHT_1jllz84_15447.mp4 1;4;12;102;123
nHT_1jllz84_15448.mp4 1;4;8;103;123
nHT_1jllz84_15449.mp4 1;4;8;100;123
nHT_1jllz84_15450.mp4 1;4;8;102;123
nHT_1jllz84_15451.mp4 1;4;12;103;123
nHT_1jllz84_15452.mp4 1;4;8;100;123
nHT_1jllz84_15453.mp4 1;4;8;102;123
nHT_1jllz84_15454.mp4 4;8;103;123
nHT_1jllz84_15455.mp4 1;4;8;102;123
nHT_1jllz84_15456.mp4 1;4;12;103;123
nHT_1jllz84_15457.mp4 4;8;100;123
nHT_1jllz84_15458.mp4 1;4;8;102;123
nHT_1jllz84_15459.mp4 1;3;4;12;103;123
nHT_1jllz84_15460.mp4 8;103;123
nHT_1jllz84_15461.mp4 1;4;12;103;123
nHT_1jllz84_15462.mp4 1;4;12;103;123
nHT_1jllz84_15463.mp4 3;4;8;100;123
nHT_1jllz84_15464.mp4 1;4;12;103;123
nHT_1jllz84_15465.mp4 1;4;8;102;123
nHT_1jllz84_15466.mp4 1;4;8;102;123
nHT_1jllz84_15467.mp4 4;8;100;123
nHT_1jllz84_15468.mp4 1;4;8;102;123
nHT_1jllz84_15469.mp4 1;4;8;102;123
nHT_1jllz84_15470.mp4 1;4;12;100;123
nHT_1jllz84_15471.mp4 1;4;8;102;123
nHT_1jllz84_15472.mp4 1;4;12;100;123
nSmhPrplUB0_04266.mp4 3;4;8;12;59;114
nSmhPrplUB0_04267.mp4 8;12;58;114
nSmhPrplUB0_04268.mp4 3;4;8;12;59;114
nSmhPrplUB0_04269.mp4 1;4;8;12;59;114
nSmhPrplUB0_04270.mp4 1;3;4;8;58;114
nSmhPrplUB0_04271.mp4 4;6;8;12;59;114
nSmhPrplUB0_04272.mp4 6;8;58;114
nSmhPrplUB0_04273.mp4 1;3;4;6;8;12;59;114
nSmhPrplUB0_04274.mp4 4;8;59;114
nSmhPrplUB0_04275.mp4 1;3;4;8;12;59;114
nSmhPrplUB0_04276.mp4 1;4;8;12;59;114
nSmhPrplUB0_04277.mp4 1;4;8;12;59;114
nSmhPrplUB0_04278.mp4 3;8;59;114
nSmhPrplUB0_04279.mp4 6;8;58;114
nSmhPrplUB0_04280.mp4 8;12;58;114
nSmhPrplUB0_04281.mp4 6;8;12;58;114
nSmhPrplUB0_04282.mp4 3;6;8;58;114
nb4RO3L42XM_14329.mp4 1;3;4;12;101;123
nb4RO3L42XM_14330.mp4 1;4;12;101;123
nb4RO3L42XM_14331.mp4 1;3;4;12;101;123
nb4RO3L42XM_14332.mp4 1;4;12;101;123
nb4RO3L42XM_14333.mp4 1;3;4;6;12;101;123
nb4RO3L42XM_14334.mp4 3;4;12;101;123
nb4RO3L42XM_14335.mp4 3;12;101;123
nb4RO3L42XM_14336.mp4 12;101;123
nb4RO3L42XM_14337.mp4 1;3;4;12;101;123
nb4RO3L42XM_14338.mp4 1;4;12;101;123
nd40lIYtQmA_06250.mp4 4;8;100;123
nd40lIYtQmA_06251.mp4 1;3;4;12;103;123
nd40lIYtQmA_06252.mp4 1;3;4;8;100;123
nd40lIYtQmA_06253.mp4 4;12;102;123
nd40lIYtQmA_06254.mp4 4;12;103;123
nd40lIYtQmA_06255.mp4 1;4;8;100;123
nd40lIYtQmA_06256.mp4 4;12;102;123
nd40lIYtQmA_06257.mp4 8;103;123
nd40lIYtQmA_06258.mp4 1;3;4;12;100;123
nd40lIYtQmA_06259.mp4 4;6;8;12;102;123
nd40lIYtQmA_06260.mp4 4;12;103;123
nd40lIYtQmA_06261.mp4 3;4;8;12;100;123
nd40lIYtQmA_06262.mp4 1;4;8;100;123
nd40lIYtQmA_06263.mp4 1;4;8;102;123
nd40lIYtQmA_06264.mp4 1;3;4;8;103;123
nd40lIYtQmA_06265.mp4 4;12;100;123
nd40lIYtQmA_06266.mp4 1;2;3;4;8;102;123
nd40lIYtQmA_06267.mp4 4;12;102;123
nd40lIYtQmA_06268.mp4 4;8;103;123
nd40lIYtQmA_06269.mp4 4;8;100;123
nd40lIYtQmA_06270.mp4 1;4;6;8;102;123
nd40lIYtQmA_06271.mp4 1;4;8;12;103;123
nd40lIYtQmA_06272.mp4 3;4;8;100;123
nd40lIYtQmA_06273.mp4 4;12;102;123
nhUTwcDNl3c_00642.mp4 1;17;105
nhUTwcDNl3c_00643.mp4 17;105
nhUTwcDNl3c_00644.mp4 1;21;105
nhUTwcDNl3c_00645.mp4 1;17;105
nhUTwcDNl3c_00646.mp4 17;105
nhUTwcDNl3c_00647.mp4 1;17;105
nhUTwcDNl3c_00648.mp4 1;17;105
nhUTwcDNl3c_00649.mp4 1;3;17;105
nhUTwcDNl3c_00650.mp4 17;105
nhUTwcDNl3c_00651.mp4 1;3;17;105
nhUTwcDNl3c_00652.mp4 1;17;105
nia5haHgp_g_13496.mp4 1;3;12;86;119
nia5haHgp_g_13497.mp4 1;3;4;85;119
nia5haHgp_g_13498.mp4 1;3;4;12;86;119
nia5haHgp_g_13499.mp4 1;3;83;119
nia5haHgp_g_13500.mp4 1;3;4;12;83;119
nia5haHgp_g_13501.mp4 1;3;85;119
nkUpWbHvIfE_04130.mp4 1;3;4;74;117
nkUpWbHvIfE_04131.mp4 74;117
nkUpWbHvIfE_04132.mp4 1;3;74;117
o4cTk254bMw_12984.mp4 1;3;66;115
o4cTk254bMw_12985.mp4 3;66;115
o4cTk254bMw_12986.mp4 66;115
o4cTk254bMw_12987.mp4 66;115
o4cTk254bMw_12988.mp4 66;115
o4cTk254bMw_12989.mp4 1;66;115
o4cTk254bMw_12990.mp4 1;3;66;115
o4cTk254bMw_12991.mp4 66;115
o4cTk254bMw_12992.mp4 3;66;115
o4cTk254bMw_12993.mp4 66;115
oEPTR06q0hk_09364.mp4 1;4;8;100;123
oEPTR06q0hk_09365.mp4 4;8;100;123
oEPTR06q0hk_09366.mp4 1;4;8;102;123
oEPTR06q0hk_09367.mp4 4;12;100;123
oEPTR06q0hk_09368.mp4 1;4;12;100;123
oEPTR06q0hk_09369.mp4 1;4;8;100;123
oEPTR06q0hk_09370.mp4 1;4;8;100;123
oEPTR06q0hk_09371.mp4 4;8;100;123
oEPTR06q0hk_09372.mp4 1;3;4;8;101;123
oEPTR06q0hk_09373.mp4 4;12;102;123
oEPTR06q0hk_09374.mp4 1;3;4;12;100;123
oEPTR06q0hk_09375.mp4 1;4;8;100;123
oEPTR06q0hk_09376.mp4 1;4;8;100;123
oEPTR06q0hk_09377.mp4 4;8;102;123
oEPTR06q0hk_09378.mp4 1;4;8;102;123
oEPTR06q0hk_09379.mp4 4;12;102;123
oEPTR06q0hk_09380.mp4 4;12;102;123
oEPTR06q0hk_09381.mp4 4;12;102;123
oEPTR06q0hk_09382.mp4 4;12;102;123
oEPTR06q0hk_09383.mp4 1;12;101;123
oEPTR06q0hk_09384.mp4 8;102;123
oEPTR06q0hk_09385.mp4 1;4;8;102;123
oEPTR06q0hk_09386.mp4 99;123
oEPTR06q0hk_09387.mp4 1;4;8;99;123
oEPTR06q0hk_09388.mp4 1;4;12;99;123
oEPTR06q0hk_09389.mp4 1;4;8;99;123
oEPTR06q0hk_09390.mp4 3;4;8;12;99;123
oEPTR06q0hk_09391.mp4 1;3;4;12;101;123
oEPTR06q0hk_09392.mp4 3;101;123
oEPTR06q0hk_09393.mp4 1;5;12;101;123
oEPTR06q0hk_09394.mp4 1;3;4;5;8;101;123
oEPTR06q0hk_09395.mp4 3;5;8;12;101;123
oEyJn2XZcJk_02023.mp4 3;4;6;8;12;25;106
oEyJn2XZcJk_02024.mp4 3;6;8;12;22;106
oEyJn2XZcJk_02025.mp4 1;3;4;6;8;12;25;106
oEyJn2XZcJk_02026.mp4 3;4;8;12;25;106
oEyJn2XZcJk_02027.mp4 4;6;8;12;25;106
oEyJn2XZcJk_02028.mp4 3;12;24;106
oEyJn2XZcJk_02029.mp4 3;4;8;23;106
oEyJn2XZcJk_02030.mp4 3;4;8;23;106
oEyJn2XZcJk_02032.mp4 3;4;6;8;12;25;106
oEyJn2XZcJk_02033.mp4 3;4;6;8;12;22;106
oEyJn2XZcJk_02034.mp4 3;4;8;12;22;106
oEyJn2XZcJk_02035.mp4 1;4;8;22;106
oEyJn2XZcJk_02036.mp4 4;6;8;25;106
oEyJn2XZcJk_02037.mp4 1;3;4;6;8;12;25;106
oEyJn2XZcJk_02038.mp4 1;3;4;6;8;12;25;106
oEyJn2XZcJk_02039.mp4 1;4;8;22;106
oEyJn2XZcJk_02040.mp4 1;4;8;22;106
oEyJn2XZcJk_02041.mp4 3;4;6;8;22;106
oEyJn2XZcJk_02042.mp4 4;6;8;25;106
oEyJn2XZcJk_02043.mp4 1;4;8;22;106
oEyJn2XZcJk_02044.mp4 3;4;6;8;12;25;106
oPmuOUIgPZs_13424.mp4 1;3;86;119
oPmuOUIgPZs_13425.mp4 1;3;4;86;119
oPmuOUIgPZs_13426.mp4 1;3;86;119
oPmuOUIgPZs_13427.mp4 3;4;86;119
oPmuOUIgPZs_13428.mp4 1;3;4;86;119
oPmuOUIgPZs_13429.mp4 1;3;4;83;119
oPmuOUIgPZs_13430.mp4 1;3;86;119
oPmuOUIgPZs_13431.mp4 1;3;4;86;119
oPmuOUIgPZs_13432.mp4 3;4;86;119
oPmuOUIgPZs_13433.mp4 1;3;4;83;119
oWuTAp41iz0_04550.mp4 3;4;12;58;114
oWuTAp41iz0_04551.mp4 1;3;4;12;58;114
oWuTAp41iz0_04552.mp4 12;58;114
oWuTAp41iz0_04553.mp4 12;58;114
oaYtFLGELB8_10564.mp4 1;3;38;110
oaYtFLGELB8_10565.mp4 1;3;38;110
oaYtFLGELB8_10566.mp4 1;3;4;38;110
oaYtFLGELB8_10567.mp4 3;4;38;110
oaYtFLGELB8_10568.mp4 1;3;12;38;110
omU5FM11Hdg_03734.mp4 3;12;94;121
omU5FM11Hdg_03735.mp4 1;3;4;94;121
omU5FM11Hdg_03736.mp4 3;94;121
omU5FM11Hdg_03737.mp4 1;3;4;94;121
omU5FM11Hdg_03738.mp4 1;3;4;94;121
omU5FM11Hdg_03739.mp4 1;3;94;121
omU5FM11Hdg_03740.mp4 3;94;121
omU5FM11Hdg_03741.mp4 1;3;4;93;121
omU5FM11Hdg_03742.mp4 1;3;4;93;121
omU5FM11Hdg_03743.mp4 1;3;4;93;121
omU5FM11Hdg_03744.mp4 1;3;12;93;121
omU5FM11Hdg_03745.mp4 1;3;4;93;121
omU5FM11Hdg_03746.mp4 1;3;4;12;93;121
omU5FM11Hdg_03747.mp4 1;3;4;93;121
omU5FM11Hdg_03748.mp4 1;3;12;93;121
omU5FM11Hdg_03749.mp4 1;3;4;12;93;121
omU5FM11Hdg_03750.mp4 1;3;4;93;121
onELK5RLU5M_07894.mp4 1;12;42;110
onELK5RLU5M_07895.mp4 1;12;40;110
onELK5RLU5M_07896.mp4 3;12;38;110
onELK5RLU5M_07897.mp4 12;42;110
onELK5RLU5M_07898.mp4 1;38;110
onELK5RLU5M_07899.mp4 12;39;110
onELK5RLU5M_07900.mp4 1;12;40;110
onELK5RLU5M_07901.mp4 12;42;110
onELK5RLU5M_07902.mp4 1;3;12;44;110
op2PLi2yN9E_12038.mp4 0;1;2;3;4;69;116
op2PLi2yN9E_12039.mp4 0;1;3;4;69;116
op2PLi2yN9E_12040.mp4 0;1;3;4;12;71;116
op2PLi2yN9E_12041.mp4 0;1;2;3;4;12;69;116
ou8-6iQifDg_08315.mp4 1;3;62;115
ou8-6iQifDg_08316.mp4 1;3;12;62;115
ou8-6iQifDg_08317.mp4 3;62;115
ou8-6iQifDg_08318.mp4 3;62;115
ou8-6iQifDg_08319.mp4 1;3;12;62;115
ou8-6iQifDg_08320.mp4 3;62;115
ou8-6iQifDg_08321.mp4 66;115
ou8-6iQifDg_08322.mp4 3;62;115
ou8-6iQifDg_08323.mp4 1;3;62;115
ou8-6iQifDg_08324.mp4 1;3;61;115
ou8-6iQifDg_08325.mp4 1;3;4;12;62;115
ou8-6iQifDg_08326.mp4 1;3;4;12;63;115
ou8-6iQifDg_08327.mp4 1;3;63;115
ou8-6iQifDg_08328.mp4 1;3;62;115
ou8-6iQifDg_08329.mp4 3;65;115
ou8-6iQifDg_08330.mp4 68;115
ou8-6iQifDg_08331.mp4 1;3;4;5;12;60;115
ou8-6iQifDg_08332.mp4 1;3;68;115
ou8-6iQifDg_08333.mp4 1;3;4;68;115
ou8-6iQifDg_08334.mp4 1;3;64;115
ou8-6iQifDg_08335.mp4 1;3;64;115
ou8-6iQifDg_08336.mp4 3;64;115
ou8-6iQifDg_08337.mp4 3;65;115
ouJ1ET2xYyk_09948.mp4 3;4;12;54;113
ouJ1ET2xYyk_09949.mp4 12;56;113
ouX5dgrfoXU_08890.mp4 68;115
ouX5dgrfoXU_08891.mp4 68;115
ouX5dgrfoXU_08892.mp4 68;115
ouX5dgrfoXU_08893.mp4 64;115
ouX5dgrfoXU_08894.mp4 64;115
ouX5dgrfoXU_08895.mp4 3;65;115
ouX5dgrfoXU_08896.mp4 3;12;65;115
ouX5dgrfoXU_08897.mp4 3;65;115
ouX5dgrfoXU_08898.mp4 3;66;115
ouX5dgrfoXU_08899.mp4 3;12;66;115
ouX5dgrfoXU_08900.mp4 3;65;115
ouX5dgrfoXU_08901.mp4 66;115
ouX5dgrfoXU_08902.mp4 3;66;115
ouX5dgrfoXU_08903.mp4 3;66;115
ouX5dgrfoXU_08904.mp4 3;66;115
ouX5dgrfoXU_08905.mp4 3;66;115
ouX5dgrfoXU_08906.mp4 3;66;115
ouX5dgrfoXU_08907.mp4 3;12;66;115
ouX5dgrfoXU_08908.mp4 66;115
oxzSysvGzAE_07919.mp4 12;44;110
oxzSysvGzAE_07920.mp4 12;40;110
ozsGiPaariQ_15110.mp4 3;4;12;100;123
ozsGiPaariQ_15111.mp4 4;8;100;123
ozsGiPaariQ_15112.mp4 1;4;8;100;123
ozsGiPaariQ_15113.mp4 1;4;8;100;123
ozsGiPaariQ_15114.mp4 4;8;100;123
ozsGiPaariQ_15115.mp4 3;4;8;100;123
ozsGiPaariQ_15116.mp4 1;4;8;100;123
ozsGiPaariQ_15117.mp4 1;4;8;100;123
ozsGiPaariQ_15118.mp4 4;8;100;123
ozsGiPaariQ_15119.mp4 1;3;4;12;100;123
p33ftfmLg9o_02868.mp4 0;1;3;4;12;19;105
p33ftfmLg9o_02869.mp4 1;3;4;12;19;105
p33ftfmLg9o_02870.mp4 0;1;3;4;9;11;19;105
p33ftfmLg9o_02871.mp4 0;1;4;12;19;105
p33ftfmLg9o_02872.mp4 1;3;4;12;19;105
p33ftfmLg9o_02873.mp4 1;3;4;12;19;105
p33ftfmLg9o_02874.mp4 4;12;19;105
p33ftfmLg9o_02875.mp4 0;1;4;11;12;19;105
p33ftfmLg9o_02876.mp4 1;3;4;19;105
p33ftfmLg9o_02877.mp4 1;3;4;12;19;105
p3YrsNDFm3g_10055.mp4 1;3;4;12;54;113
p3YrsNDFm3g_10056.mp4 0;3;4;12;54;113
p3YrsNDFm3g_10057.mp4 1;4;12;54;113
p3YrsNDFm3g_10058.mp4 3;4;54;113
p3YrsNDFm3g_10059.mp4 1;4;12;54;113
p3YrsNDFm3g_10060.mp4 3;12;54;113
p3YrsNDFm3g_10061.mp4 3;12;54;113
p3YrsNDFm3g_10062.mp4 1;3;4;12;54;113
p3YrsNDFm3g_10063.mp4 1;3;4;12;54;113
p3YrsNDFm3g_10064.mp4 1;12;54;113
p6SNCvIN4EI_00881.mp4 0;2;32;108
p6SNCvIN4EI_00882.mp4 0;1;32;108
p6SNCvIN4EI_00883.mp4 0;1;3;4;32;108
p6SNCvIN4EI_00884.mp4 1;4;12;33;108
p6SNCvIN4EI_00885.mp4 3;4;32;108
p6SNCvIN4EI_00886.mp4 1;32;108
p7xbq9w7nl8_15757.mp4 1;2;3;4;37;109
p7xbq9w7nl8_15758.mp4 1;2;3;4;12;35;109
p8WgP14V2bo_12313.mp4 30;107
p8WgP14V2bo_12314.mp4 30;107
p8WgP14V2bo_12315.mp4 30;107
p8WgP14V2bo_12316.mp4 30;107
p8WgP14V2bo_12317.mp4 30;107
p8WgP14V2bo_12318.mp4 30;107
p8WgP14V2bo_12319.mp4 30;107
p8WgP14V2bo_12320.mp4 30;107
p8WgP14V2bo_12321.mp4 30;107
p8WgP14V2bo_12322.mp4 30;107
p9AxM6wT5yM_08015.mp4 3;4;60;115
p9AxM6wT5yM_08016.mp4 3;60;115
p9AxM6wT5yM_08017.mp4 3;68;115
p9AxM6wT5yM_08018.mp4 3;4;68;115
p9AxM6wT5yM_08019.mp4 3;60;115
p9AxM6wT5yM_08020.mp4 1;3;68;115
p9AxM6wT5yM_08021.mp4 3;64;115
p9AxM6wT5yM_08022.mp4 1;3;4;12;65;115
p9AxM6wT5yM_08023.mp4 3;12;65;115
p9AxM6wT5yM_08024.mp4 1;3;61;115
p9AxM6wT5yM_08025.mp4 12;61;115
p9AxM6wT5yM_08026.mp4 1;3;12;61;115
p9AxM6wT5yM_08027.mp4 3;61;115
p9AxM6wT5yM_08028.mp4 3;12;61;115
p9AxM6wT5yM_08029.mp4 12;64;115
p9AxM6wT5yM_08030.mp4 3;64;115
p9AxM6wT5yM_08031.mp4 3;64;115
p9AxM6wT5yM_08032.mp4 1;3;64;115
p9AxM6wT5yM_08033.mp4 3;64;115
p9AxM6wT5yM_08034.mp4 3;64;115
p9AxM6wT5yM_08035.mp4 3;64;115
p9FgzH4xizU_04935.mp4 1;3;4;12;13;104
p9FgzH4xizU_04936.mp4 12;15;104
pA6FaBIa3iM_08431.mp4 3;61;115
pA6FaBIa3iM_08432.mp4 3;63;115
pA6FaBIa3iM_08433.mp4 3;61;115
pA6FaBIa3iM_08434.mp4 63;115
pA6FaBIa3iM_08435.mp4 1;3;61;115
pA6FaBIa3iM_08436.mp4 1;3;63;115
pA6FaBIa3iM_08437.mp4 1;3;61;115
pA6FaBIa3iM_08438.mp4 1;12;61;115
pA6FaBIa3iM_08439.mp4 1;3;61;115
pA6FaBIa3iM_08440.mp4 3;63;115
pA6FaBIa3iM_08441.mp4 3;63;115
pA6FaBIa3iM_08442.mp4 1;3;4;63;115
pA6FaBIa3iM_08444.mp4 3;61;115
pGEsGBQrd2M_15565.mp4 0;1;3;4;12;35;109
pGEsGBQrd2M_15566.mp4 1;3;4;12;35;109
pGEsGBQrd2M_15567.mp4 1;3;4;12;35;109
pIvkh4QARX4_00154.mp4 1;3;4;12;94;121
pIvkh4QARX4_00155.mp4 1;3;4;12;94;121
pIvkh4QARX4_00156.mp4 0;1;3;4;12;94;121
pLxItW03isM_12277.mp4 26;107
pLxItW03isM_12278.mp4 26;107
pLxItW03isM_12279.mp4 26;107
pLxItW03isM_12280.mp4 26;107
pLxItW03isM_12281.mp4 26;107
pLxItW03isM_12282.mp4 26;107
pLxItW03isM_12283.mp4 26;107
pLxItW03isM_12284.mp4 26;107
pLxItW03isM_12285.mp4 26;107
pLxItW03isM_12286.mp4 26;107
pTDeKnApLGA_00752.mp4 34;108
pTDeKnApLGA_00753.mp4 34;108
pUNHUCO3x6s_10561.mp4 38;110
pUNHUCO3x6s_10562.mp4 1;38;110
pUNHUCO3x6s_10563.mp4 1;38;110
pWu8kQ3ic_E_14954.mp4 1;4;8;102;123
pWu8kQ3ic_E_14955.mp4 4;12;102;123
pWu8kQ3ic_E_14956.mp4 1;4;8;102;123
pWu8kQ3ic_E_14957.mp4 1;4;12;102;123
pWu8kQ3ic_E_14958.mp4 4;12;102;123
pWu8kQ3ic_E_14960.mp4 4;8;102;123
pWu8kQ3ic_E_14961.mp4 1;4;8;102;123
pWu8kQ3ic_E_14962.mp4 1;4;12;102;123
pWu8kQ3ic_E_14963.mp4 1;3;4;12;102;123
pbPmCOFljbc_14008.mp4 1;3;83;119
pbPmCOFljbc_14009.mp4 1;3;4;83;119
pbPmCOFljbc_14010.mp4 1;3;12;86;119
pbPmCOFljbc_14011.mp4 1;3;4;83;119
pbPmCOFljbc_14012.mp4 1;3;12;83;119
pbPmCOFljbc_14013.mp4 1;3;12;86;119
pbPmCOFljbc_14014.mp4 1;3;12;85;119
pbPmCOFljbc_14015.mp4 1;3;12;83;119
pbPmCOFljbc_14016.mp4 1;3;86;119
pbPmCOFljbc_14017.mp4 1;3;83;119
pbPmCOFljbc_14018.mp4 1;3;83;119
pbPmCOFljbc_14019.mp4 1;12;83;119
pbPmCOFljbc_14020.mp4 1;3;4;86;119
pbPmCOFljbc_14021.mp4 1;3;4;12;85;119
pbPmCOFljbc_14022.mp4 1;3;4;12;83;119
pbPmCOFljbc_14023.mp4 1;3;4;83;119
pbPmCOFljbc_14024.mp4 1;3;86;119
pbPmCOFljbc_14025.mp4 1;3;12;85;119
pbPmCOFljbc_14026.mp4 3;4;12;86;119
pbPmCOFljbc_14027.mp4 1;3;4;86;119
pbPmCOFljbc_14028.mp4 1;3;12;86;119
pbPmCOFljbc_14029.mp4 1;3;12;85;119
pbPmCOFljbc_14030.mp4 1;3;12;86;119
pbPmCOFljbc_14031.mp4 3;4;86;119
pbPmCOFljbc_14032.mp4 1;3;4;85;119
pbPmCOFljbc_14033.mp4 1;3;4;12;85;119
pcuUK_ZavW0_11821.mp4 1;4;69;116
pcuUK_ZavW0_11822.mp4 1;3;4;69;116
pjc-yg6pMw0_15602.mp4 1;2;3;4;12;35;109
pjc-yg6pMw0_15603.mp4 0;1;4;35;109
pjc-yg6pMw0_15604.mp4 3;4;35;109
plfCtMAKScE_13767.mp4 1;86;119
plfCtMAKScE_13768.mp4 1;85;119
plfCtMAKScE_13769.mp4 1;86;119
plfCtMAKScE_13770.mp4 1;86;119
plfCtMAKScE_13771.mp4 1;3;4;83;119
plfCtMAKScE_13772.mp4 1;86;119
plfCtMAKScE_13773.mp4 1;4;86;119
plfCtMAKScE_13774.mp4 85;119
plfCtMAKScE_13775.mp4 1;86;119
plfCtMAKScE_13776.mp4 85;119
plfCtMAKScE_13777.mp4 1;4;83;119
plfCtMAKScE_13778.mp4 1;4;83;119
plfCtMAKScE_13779.mp4 1;85;119
plfCtMAKScE_13780.mp4 1;83;119
plfCtMAKScE_13781.mp4 1;3;83;119
plfCtMAKScE_13782.mp4 1;4;86;119
plfCtMAKScE_13783.mp4 1;3;4;83;119
plfCtMAKScE_13784.mp4 1;4;85;119
plfCtMAKScE_13785.mp4 1;4;83;119
plfCtMAKScE_13786.mp4 1;85;119
plfCtMAKScE_13787.mp4 1;3;4;83;119
plfCtMAKScE_13788.mp4 1;83;119
plfCtMAKScE_13789.mp4 85;119
plfCtMAKScE_13790.mp4 1;4;5;83;119
plfCtMAKScE_13791.mp4 1;85;119
plfCtMAKScE_13792.mp4 1;4;85;119
pnVAE91E7kM_12180.mp4 0;1;3;69;116
pnVAE91E7kM_12181.mp4 3;71;116
pnVAE91E7kM_12182.mp4 0;1;3;4;12;71;116
pnWynN_tPTQ_02855.mp4 17;105
pnWynN_tPTQ_02856.mp4 1;3;17;105
pnWynN_tPTQ_02857.mp4 1;3;17;105
pqgCxgd3l2g_00010.mp4 0;1;3;11;32;108
pqgCxgd3l2g_00011.mp4 0;4;32;108
pqgCxgd3l2g_00012.mp4 1;4;12;33;108
pqgCxgd3l2g_00013.mp4 1;4;12;33;108
ptJ_Lgy0AKg_04166.mp4 78;117
ptJ_Lgy0AKg_04167.mp4 74;117
ptJ_Lgy0AKg_04168.mp4 74;117
q3vGoIxIqhg_00258.mp4 1;4;8;97;122
q3vGoIxIqhg_00259.mp4 4;8;95;122
q3vGoIxIqhg_00260.mp4 1;4;8;97;122
q3vGoIxIqhg_00261.mp4 3;4;8;12;96;122
q3vGoIxIqhg_00262.mp4 3;4;6;8;95;122
q3vGoIxIqhg_00263.mp4 3;4;6;8;96;122
q3vGoIxIqhg_00264.mp4 8;96;122
q3vGoIxIqhg_00265.mp4 1;4;8;95;122
q3vGoIxIqhg_00266.mp4 1;4;8;96;122
q3vGoIxIqhg_00267.mp4 1;4;8;96;122
q3vGoIxIqhg_00268.mp4 4;8;95;122
q3vGoIxIqhg_00269.mp4 1;4;6;8;12;95;122
q3vGoIxIqhg_00270.mp4 1;3;4;8;12;96;122
q3vGoIxIqhg_00271.mp4 4;8;96;122
q3vGoIxIqhg_00272.mp4 1;3;4;6;8;12;95;122
q3vGoIxIqhg_00273.mp4 1;4;8;96;122
q3vGoIxIqhg_00274.mp4 3;4;8;12;96;122
q3vGoIxIqhg_00275.mp4 3;4;6;8;12;95;122
q3vGoIxIqhg_00276.mp4 4;8;95;122
q3vGoIxIqhg_00277.mp4 3;4;8;12;96;122
q3vGoIxIqhg_00278.mp4 1;4;8;95;122
q3vGoIxIqhg_00279.mp4 1;4;8;97;122
q3vGoIxIqhg_00280.mp4 3;4;8;12;97;122
q3vGoIxIqhg_00281.mp4 3;4;8;12;97;122
q3vGoIxIqhg_00282.mp4 1;4;8;12;97;122
q3vGoIxIqhg_00283.mp4 2;3;6;8;98;122
q9Lot8rZir8_08382.mp4 3;65;115
q9Lot8rZir8_08383.mp4 1;3;4;65;115
q9Lot8rZir8_08384.mp4 1;3;66;115
q9Lot8rZir8_08385.mp4 3;66;115
q9Lot8rZir8_08386.mp4 3;66;115
q9Lot8rZir8_08387.mp4 1;3;66;115
q9Lot8rZir8_08388.mp4 1;3;66;115
q9Lot8rZir8_08389.mp4 1;3;4;66;115
q9Lot8rZir8_08390.mp4 1;3;4;66;115
q9Lot8rZir8_08391.mp4 1;3;4;66;115
q9Lot8rZir8_08392.mp4 3;66;115
q9Lot8rZir8_08393.mp4 1;3;66;115
qC8VVCdJIAs_05989.mp4 3;4;100;123
qC8VVCdJIAs_05990.mp4 4;12;103;123
qC8VVCdJIAs_05991.mp4 3;4;12;100;123
qC8VVCdJIAs_05992.mp4 4;8;12;99;123
qC8VVCdJIAs_05993.mp4 3;4;8;100;123
qC8VVCdJIAs_05994.mp4 1;3;4;8;12;100;123
qC8VVCdJIAs_05995.mp4 1;3;4;8;100;123
qC8VVCdJIAs_05996.mp4 4;100;123
qC8VVCdJIAs_05997.mp4 0;3;4;12;100;123
qC8VVCdJIAs_05998.mp4 1;3;4;100;123
qEDHCpCXuK4_12494.mp4 1;3;12;88;120
qEDHCpCXuK4_12495.mp4 1;3;12;88;120
qEDHCpCXuK4_12496.mp4 1;3;12;90;120
qEDHCpCXuK4_12497.mp4 1;3;89;120
qEDHCpCXuK4_12498.mp4 1;3;4;88;120
qEDHCpCXuK4_12499.mp4 1;3;4;89;120
qEDHCpCXuK4_12500.mp4 1;3;12;88;120
qEDHCpCXuK4_12501.mp4 1;3;90;120
qEDHCpCXuK4_12502.mp4 1;3;89;120
qEDHCpCXuK4_12503.mp4 3;90;120
qEDHCpCXuK4_12504.mp4 1;3;89;120
qEDHCpCXuK4_12505.mp4 1;3;4;90;120
qEDHCpCXuK4_12506.mp4 1;3;4;12;88;120
qEDHCpCXuK4_12507.mp4 1;3;4;90;120
qEDHCpCXuK4_12508.mp4 1;3;89;120
qEDHCpCXuK4_12509.mp4 1;3;89;120
qEDHCpCXuK4_12510.mp4 1;3;90;120
qEDHCpCXuK4_12511.mp4 3;90;120
qEDHCpCXuK4_12512.mp4 1;3;12;88;120
qEDHCpCXuK4_12513.mp4 1;3;90;120
qEDHCpCXuK4_12514.mp4 1;3;4;12;89;120
qEDHCpCXuK4_12515.mp4 3;89;120
qEDHCpCXuK4_12516.mp4 1;3;4;12;89;120
qEDHCpCXuK4_12517.mp4 12;89;120
qEDHCpCXuK4_12518.mp4 1;3;88;120
qEDHCpCXuK4_12519.mp4 1;3;90;120
qLQ_C92odGg_04186.mp4 1;3;4;74;117
qLQ_C92odGg_04187.mp4 1;4;76;117
qfhGUap3AO8_04828.mp4 1;3;16;104
qfhGUap3AO8_04829.mp4 3;5;8;12;13;104
qfhGUap3AO8_04830.mp4 3;4;5;15;104
qfhGUap3AO8_04831.mp4 1;3;4;14;104
qiiWdTz_MNc_04836.mp4 1;3;4;5;12;13;104
qiiWdTz_MNc_04837.mp4 1;3;12;15;104
qnnHNaxiQj8_08445.mp4 3;60;115
qnnHNaxiQj8_08446.mp4 3;68;115
qnnHNaxiQj8_08447.mp4 3;60;115
qnnHNaxiQj8_08448.mp4 68;115
qnnHNaxiQj8_08449.mp4 3;4;60;115
qnnHNaxiQj8_08450.mp4 3;12;60;115
qnnHNaxiQj8_08451.mp4 3;60;115
qnnHNaxiQj8_08452.mp4 60;115
qnnHNaxiQj8_08453.mp4 3;68;115
qnnHNaxiQj8_08454.mp4 3;68;115
qnnHNaxiQj8_08455.mp4 65;115
qnnHNaxiQj8_08456.mp4 68;115
qrXv5bA9AP8_07950.mp4 1;3;4;12;43;110
qrXv5bA9AP8_07951.mp4 1;3;4;43;110
qrXv5bA9AP8_07952.mp4 1;3;4;12;43;110
qrXv5bA9AP8_07953.mp4 12;42;110
qrXv5bA9AP8_07954.mp4 3;43;110
r0q5-Uy1lI8_07826.mp4 3;4;12;43;110
r0q5-Uy1lI8_07827.mp4 1;3;4;43;110
r0q5-Uy1lI8_07828.mp4 1;3;43;110
r0q5-Uy1lI8_07829.mp4 3;4;43;110
r0q5-Uy1lI8_07830.mp4 3;43;110
r0q5-Uy1lI8_07831.mp4 3;4;43;110
r1FLVVXkn1o_03240.mp4 17;105
r1FLVVXkn1o_03241.mp4 1;18;105
r1FLVVXkn1o_03242.mp4 18;105
r1FLVVXkn1o_03243.mp4 1;18;105
r1FLVVXkn1o_03244.mp4 1;18;105
r1FLVVXkn1o_03245.mp4 3;19;105
rHXkH5Tw2pc_12063.mp4 2;3;10;69;116
rHXkH5Tw2pc_12064.mp4 3;70;116
rHXkH5Tw2pc_12065.mp4 1;3;12;71;116
rJYuy4ZtC3w_00658.mp4 18;105
rJYuy4ZtC3w_00659.mp4 18;105
rJYuy4ZtC3w_00660.mp4 18;105
rJYuy4ZtC3w_00661.mp4 18;105
rJYuy4ZtC3w_00662.mp4 18;105
rJYuy4ZtC3w_00663.mp4 18;105
rLLdM_Kj_9A_01176.mp4 3;4;6;8;12;25;106
rLLdM_Kj_9A_01177.mp4 3;4;6;8;12;25;106
rLLdM_Kj_9A_01178.mp4 3;4;6;8;12;25;106
rLLdM_Kj_9A_01179.mp4 3;6;8;25;106
rLLdM_Kj_9A_01180.mp4 3;4;6;8;12;25;106
rLLdM_Kj_9A_01181.mp4 4;6;8;12;25;106
rLLdM_Kj_9A_01182.mp4 3;4;6;8;12;22;106
rLLdM_Kj_9A_01183.mp4 4;6;8;22;106
rLLdM_Kj_9A_01184.mp4 1;3;4;6;8;12;25;106
rLLdM_Kj_9A_01185.mp4 3;4;6;8;12;22;106
rLLdM_Kj_9A_01186.mp4 3;4;6;8;22;106
rLLdM_Kj_9A_01187.mp4 3;4;6;8;12;25;106
rLLdM_Kj_9A_01188.mp4 3;12;25;106
rLLdM_Kj_9A_01189.mp4 1;3;4;6;8;12;25;106
rLLdM_Kj_9A_01190.mp4 3;4;6;8;12;22;106
rVYz4Xb1y5o_00540.mp4 1;3;77;117
rVYz4Xb1y5o_00541.mp4 74;117
rVYz4Xb1y5o_00542.mp4 1;76;117
rVYz4Xb1y5o_00543.mp4 74;117
rVYz4Xb1y5o_00544.mp4 1;77;117
rVYz4Xb1y5o_00545.mp4 74;117
rXBKx9frl4o_05687.mp4 4;8;96;122
rXBKx9frl4o_05688.mp4 4;8;12;95;122
rXBKx9frl4o_05689.mp4 3;4;8;12;95;122
rXBKx9frl4o_05690.mp4 8;95;122
rXBKx9frl4o_05691.mp4 4;8;95;122
rXBKx9frl4o_05692.mp4 2;4;8;96;122
rXBKx9frl4o_05693.mp4 1;4;8;95;122
rXBKx9frl4o_05694.mp4 3;4;8;12;98;122
rXBKx9frl4o_05695.mp4 0;3;8;95;122
rXBKx9frl4o_05696.mp4 1;3;4;8;97;122
rXBKx9frl4o_05697.mp4 8;96;122
rXBKx9frl4o_05698.mp4 3;4;8;12;97;122
rXBKx9frl4o_05699.mp4 1;3;4;8;95;122
rXBKx9frl4o_05700.mp4 1;3;8;96;122
rXBKx9frl4o_05701.mp4 0;3;4;8;12;95;122
rXBKx9frl4o_05702.mp4 1;4;8;12;98;122
rXBKx9frl4o_05703.mp4 4;8;96;122
rXBKx9frl4o_05704.mp4 4;8;95;122
rXBKx9frl4o_05705.mp4 3;4;8;12;96;122
rXBKx9frl4o_05706.mp4 4;8;95;122
rXBKx9frl4o_05707.mp4 4;8;96;122
rXBKx9frl4o_05708.mp4 1;8;12;98;122
rXBKx9frl4o_05709.mp4 3;4;6;8;12;96;122
rXmViaPoErk_08865.mp4 1;3;4;66;115
rXmViaPoErk_08866.mp4 1;3;4;66;115
rXmViaPoErk_08867.mp4 1;3;66;115
rXmViaPoErk_08868.mp4 1;3;66;115
rXmViaPoErk_08869.mp4 1;3;4;66;115
rXmViaPoErk_08870.mp4 3;66;115
rXmViaPoErk_08871.mp4 3;4;66;115
rXmViaPoErk_08872.mp4 1;3;4;66;115
rXmViaPoErk_08873.mp4 1;3;4;12;66;115
rXmViaPoErk_08874.mp4 1;3;4;66;115
rbjgTjH8fT0_10579.mp4 1;3;38;110
rbjgTjH8fT0_10580.mp4 3;12;38;110
rbjgTjH8fT0_10581.mp4 3;12;38;110
rbjgTjH8fT0_10582.mp4 3;38;110
rbjgTjH8fT0_10583.mp4 3;38;110
rbjgTjH8fT0_10584.mp4 1;3;4;38;110
rbjgTjH8fT0_10585.mp4 3;4;38;110
rdsCbquuoXE_00190.mp4 1;3;4;80;118
rdsCbquuoXE_00191.mp4 1;4;79;118
rpMa6exLthw_01453.mp4 6;8;22;106
rpMa6exLthw_01454.mp4 3;4;6;8;12;25;106
rpMa6exLthw_01455.mp4 3;8;12;24;106
rpMa6exLthw_01456.mp4 3;4;6;8;25;106
rpMa6exLthw_01457.mp4 3;4;6;8;12;22;106
rpMa6exLthw_01458.mp4 1;4;6;8;25;106
rpMa6exLthw_01459.mp4 3;4;12;24;106
rpMa6exLthw_01460.mp4 4;6;8;25;106
rpMa6exLthw_01461.mp4 3;4;8;12;22;106
rpMa6exLthw_01462.mp4 3;4;6;8;12;22;106
rpMa6exLthw_01463.mp4 1;4;6;8;22;106
rpMa6exLthw_01464.mp4 3;4;8;12;22;106
rpMa6exLthw_01465.mp4 3;4;8;12;25;106
rpMa6exLthw_01466.mp4 3;4;8;12;22;106
rpMa6exLthw_01467.mp4 3;4;6;8;22;106
rpMa6exLthw_01468.mp4 3;4;6;8;22;106
rpMa6exLthw_01469.mp4 4;8;22;106
ryuaao4X6O0_04901.mp4 1;3;4;5;12;13;104
ryuaao4X6O0_04902.mp4 1;3;12;15;104
s0vaLqTw9pw_01387.mp4 3;4;6;8;12;22;106
s0vaLqTw9pw_01388.mp4 3;4;6;8;12;25;106
s0vaLqTw9pw_01389.mp4 4;8;12;25;106
s0vaLqTw9pw_01390.mp4 4;6;8;12;25;106
s0vaLqTw9pw_01391.mp4 3;4;8;12;25;106
s0vaLqTw9pw_01392.mp4 3;4;6;8;12;22;106
s0vaLqTw9pw_01393.mp4 3;4;8;12;22;106
s0vaLqTw9pw_01394.mp4 3;4;8;12;22;106
s0vaLqTw9pw_01395.mp4 4;6;8;12;22;106
s0vaLqTw9pw_01396.mp4 1;4;6;8;22;106
s0vaLqTw9pw_01397.mp4 3;4;6;8;12;22;106
s0vaLqTw9pw_01398.mp4 3;4;6;8;12;22;106
s0vaLqTw9pw_01399.mp4 3;4;8;22;106
s0vaLqTw9pw_01400.mp4 3;4;6;8;12;22;106
s0vaLqTw9pw_01401.mp4 3;4;6;8;12;25;106
s0vaLqTw9pw_01402.mp4 1;3;4;6;8;12;25;106
s0vaLqTw9pw_01403.mp4 1;3;4;6;8;25;106
s0vaLqTw9pw_01404.mp4 3;6;8;12;25;106
s0vaLqTw9pw_01405.mp4 3;4;8;12;25;106
s2VRaAhoS-Q_11867.mp4 0;1;2;3;69;116
s2VRaAhoS-Q_11868.mp4 0;1;2;3;4;12;69;116
s2VRaAhoS-Q_11869.mp4 1;2;3;69;116
s2VRaAhoS-Q_11870.mp4 1;2;3;4;69;116
s2VRaAhoS-Q_11871.mp4 0;1;3;4;12;71;116
s3aR3yP4aKg_09575.mp4 3;89;120
s3aR3yP4aKg_09576.mp4 1;3;12;88;120
s3aR3yP4aKg_09577.mp4 1;3;90;120
s3aR3yP4aKg_09578.mp4 1;3;89;120
s8JsYHSLnBY_00831.mp4 0;1;3;32;108
s8JsYHSLnBY_00832.mp4 1;4;12;31;108
s8JsYHSLnBY_00833.mp4 4;32;108
s8JsYHSLnBY_00834.mp4 1;12;31;108
s8JsYHSLnBY_00835.mp4 1;3;4;32;108
s8JsYHSLnBY_00836.mp4 1;12;31;108
s8JsYHSLnBY_00837.mp4 1;12;31;108
s8JsYHSLnBY_00838.mp4 2;4;12;34;108
sJinabhuNvk_14290.mp4 3;4;8;11;12;102;123
sJinabhuNvk_14291.mp4 4;8;102;123
sJinabhuNvk_14292.mp4 1;3;4;12;102;123
sJinabhuNvk_14293.mp4 1;3;4;8;12;102;123
sJinabhuNvk_14294.mp4 1;4;8;102;123
sJinabhuNvk_14295.mp4 1;4;12;102;123
sKKSZ-hQKz0_13548.mp4 1;3;86;119
sKKSZ-hQKz0_13549.mp4 1;3;85;119
sKKSZ-hQKz0_13550.mp4 1;3;85;119
sKKSZ-hQKz0_13551.mp4 1;3;85;119
sKKSZ-hQKz0_13552.mp4 1;3;4;85;119
sKKSZ-hQKz0_13553.mp4 3;85;119
sKKSZ-hQKz0_13554.mp4 1;3;4;12;83;119
sKKSZ-hQKz0_13555.mp4 1;3;4;85;119
sKKSZ-hQKz0_13556.mp4 1;3;4;83;119
sKKSZ-hQKz0_13557.mp4 1;3;4;12;83;119
sKKSZ-hQKz0_13558.mp4 1;3;4;83;119
sKKSZ-hQKz0_13559.mp4 1;3;4;83;119
sKKSZ-hQKz0_13560.mp4 1;3;4;83;119
sKKSZ-hQKz0_13561.mp4 1;3;4;83;119
sKKSZ-hQKz0_13562.mp4 1;3;4;83;119
sKKSZ-hQKz0_13563.mp4 1;3;4;83;119
sKKSZ-hQKz0_13564.mp4 1;3;4;83;119
sLx08J_2YrI_15537.mp4 28;107
sLx08J_2YrI_15538.mp4 28;107
sLx08J_2YrI_15539.mp4 28;107
sLx08J_2YrI_15540.mp4 27;107
sRczz-pjVuM_13604.mp4 1;86;119
sRczz-pjVuM_13605.mp4 1;86;119
sRczz-pjVuM_13606.mp4 1;86;119
sRczz-pjVuM_13607.mp4 86;119
sRczz-pjVuM_13608.mp4 1;86;119
sRczz-pjVuM_13609.mp4 1;83;119
sRczz-pjVuM_13610.mp4 1;4;86;119
sRczz-pjVuM_13611.mp4 1;83;119
sRczz-pjVuM_13612.mp4 1;4;86;119
sRczz-pjVuM_13613.mp4 1;4;86;119
sRczz-pjVuM_13614.mp4 1;86;119
sRczz-pjVuM_13615.mp4 1;86;119
sRczz-pjVuM_13616.mp4 1;85;119
sRczz-pjVuM_13617.mp4 1;83;119
sRczz-pjVuM_13618.mp4 1;83;119
sRczz-pjVuM_13619.mp4 1;4;85;119
sRczz-pjVuM_13620.mp4 1;4;83;119
sRczz-pjVuM_13621.mp4 1;83;119
sRczz-pjVuM_13622.mp4 1;83;119
sRczz-pjVuM_13624.mp4 1;4;85;119
sRczz-pjVuM_13625.mp4 85;119
sRczz-pjVuM_13626.mp4 1;83;119
sRczz-pjVuM_13627.mp4 1;4;85;119
sRczz-pjVuM_13628.mp4 1;4;83;119
sdIWdPNJ2Ao_02773.mp4 1;12;17;105
sdIWdPNJ2Ao_02774.mp4 1;3;17;105
sdIWdPNJ2Ao_02775.mp4 3;21;105
sdIWdPNJ2Ao_02776.mp4 1;3;12;17;105
sdIWdPNJ2Ao_02777.mp4 21;105
sdIWdPNJ2Ao_02778.mp4 3;21;105
sdIWdPNJ2Ao_02779.mp4 17;105
sdIWdPNJ2Ao_02780.mp4 1;17;105
sdIWdPNJ2Ao_02781.mp4 3;17;105
sdIWdPNJ2Ao_02782.mp4 3;17;105
sdIWdPNJ2Ao_02783.mp4 17;105
sdIWdPNJ2Ao_02784.mp4 1;3;17;105
sdIWdPNJ2Ao_02785.mp4 1;3;4;17;105
si2b3R6hA9Q_15605.mp4 1;3;4;12;36;109
si2b3R6hA9Q_15606.mp4 0;1;3;4;37;109
si2b3R6hA9Q_15607.mp4 3;4;12;35;109
si2b3R6hA9Q_15608.mp4 1;3;4;35;109
si2b3R6hA9Q_15609.mp4 3;4;12;36;109
si2b3R6hA9Q_15610.mp4 0;1;3;4;35;109
si2b3R6hA9Q_15611.mp4 35;109
si2b3R6hA9Q_15612.mp4 1;2;4;35;109
si2b3R6hA9Q_15613.mp4 1;2;4;12;35;109
si2b3R6hA9Q_15615.mp4 3;12;35;109
si2b3R6hA9Q_15614.mp4 1;2;3;4;35;109
si2b3R6hA9Q_15617.mp4 1;3;4;35;109
si2b3R6hA9Q_15618.mp4 0;1;3;4;12;37;109
si2b3R6hA9Q_15619.mp4 0;1;3;4;12;35;109
si2b3R6hA9Q_15620.mp4 1;4;37;109
si2b3R6hA9Q_15621.mp4 2;3;4;12;35;109
si2b3R6hA9Q_15622.mp4 0;4;35;109
si2b3R6hA9Q_15623.mp4 0;3;12;35;109
si2b3R6hA9Q_15624.mp4 2;3;4;35;109
si2b3R6hA9Q_15625.mp4 0;1;3;4;35;109
siDqkfjADDU_12056.mp4 3;73;116
siDqkfjADDU_12057.mp4 1;3;73;116
siDqkfjADDU_12058.mp4 3;73;116
siDqkfjADDU_12059.mp4 1;2;3;4;5;8;69;116
siDqkfjADDU_12060.mp4 1;2;3;5;69;116
siDqkfjADDU_12061.mp4 1;3;4;71;116
siDqkfjADDU_12062.mp4 72;116
sjt0Va16LLk_05379.mp4 3;4;6;8;12;95;122
sjt0Va16LLk_05380.mp4 3;4;8;12;95;122
sjt0Va16LLk_05381.mp4 1;2;3;8;12;98;122
sjt0Va16LLk_05382.mp4 3;8;95;122
sjt0Va16LLk_05383.mp4 1;4;8;97;122
sjt0Va16LLk_05384.mp4 1;3;4;8;95;122
sjt0Va16LLk_05385.mp4 3;4;8;95;122
sjt0Va16LLk_05386.mp4 4;8;95;122
ssmXfmAY4UM_07913.mp4 1;3;43;110
ssmXfmAY4UM_07914.mp4 1;3;4;12;42;110
ssmXfmAY4UM_07915.mp4 1;3;4;39;110
ssmXfmAY4UM_07916.mp4 1;12;38;110
ssmXfmAY4UM_07917.mp4 12;42;110
ssmXfmAY4UM_07918.mp4 1;3;4;12;43;110
st_3sqmC3yA_08928.mp4 3;60;115
st_3sqmC3yA_08929.mp4 3;68;115
st_3sqmC3yA_08930.mp4 3;61;115
st_3sqmC3yA_08931.mp4 3;68;115
st_3sqmC3yA_08932.mp4 3;64;115
st_3sqmC3yA_08933.mp4 3;68;115
st_3sqmC3yA_08934.mp4 3;4;60;115
st_3sqmC3yA_08935.mp4 3;4;68;115
st_3sqmC3yA_08936.mp4 3;60;115
st_3sqmC3yA_08937.mp4 3;4;68;115
st_3sqmC3yA_08938.mp4 3;4;68;115
st_3sqmC3yA_08939.mp4 3;4;12;60;115
st_3sqmC3yA_08940.mp4 3;4;68;115
st_3sqmC3yA_08941.mp4 3;4;60;115
st_3sqmC3yA_08942.mp4 3;12;68;115
st_3sqmC3yA_08943.mp4 3;65;115
st_3sqmC3yA_08944.mp4 3;68;115
st_3sqmC3yA_08945.mp4 64;115
st_3sqmC3yA_08946.mp4 3;68;115
st_3sqmC3yA_08947.mp4 3;60;115
st_3sqmC3yA_08948.mp4 3;12;60;115
st_3sqmC3yA_08949.mp4 3;64;115
st_3sqmC3yA_08950.mp4 3;61;115
st_3sqmC3yA_08951.mp4 3;4;60;115
st_3sqmC3yA_08952.mp4 3;4;60;115
st_3sqmC3yA_08953.mp4 3;4;60;115
st_3sqmC3yA_08954.mp4 3;61;115
sysdEGMK8fs_04611.mp4 8;58;114
sysdEGMK8fs_04612.mp4 8;12;58;114
sysdEGMK8fs_04613.mp4 2;3;4;6;8;12;58;114
sysdEGMK8fs_04614.mp4 3;6;8;12;58;114
sysdEGMK8fs_04615.mp4 4;8;58;114
sysdEGMK8fs_04616.mp4 3;8;12;58;114
sysdEGMK8fs_04617.mp4 4;6;8;58;114
sysdEGMK8fs_04618.mp4 8;58;114
sysdEGMK8fs_04619.mp4 0;1;3;4;8;12;58;114
sysdEGMK8fs_04620.mp4 3;4;6;8;58;114
sysdEGMK8fs_04621.mp4 6;8;59;114
sysdEGMK8fs_04622.mp4 1;4;6;8;59;114
sysdEGMK8fs_04623.mp4 1;3;4;8;12;59;114
sysdEGMK8fs_04624.mp4 8;59;114
sysdEGMK8fs_04625.mp4 4;6;8;12;59;114
sysdEGMK8fs_04626.mp4 4;8;59;114
sysdEGMK8fs_04627.mp4 3;4;8;59;114
sysdEGMK8fs_04628.mp4 1;3;4;6;8;12;59;114
sysdEGMK8fs_04629.mp4 4;6;8;10;12;59;114
t-qfHvcR4FA_06484.mp4 56;113
t-qfHvcR4FA_06485.mp4 1;4;12;56;113
t1Xtr3RKjGc_11102.mp4 1;19;105
t1Xtr3RKjGc_11103.mp4 1;19;105
t1Xtr3RKjGc_11104.mp4 1;19;105
t1Xtr3RKjGc_11105.mp4 1;3;4;12;19;105
t1iDSa2rR_o_10744.mp4 3;12;50;112
t1iDSa2rR_o_10745.mp4 3;49;112
t1iDSa2rR_o_10746.mp4 3;50;112
t1iDSa2rR_o_10747.mp4 1;3;12;50;112
t1iDSa2rR_o_10748.mp4 3;50;112
t1iDSa2rR_o_10749.mp4 1;3;12;50;112
t1iDSa2rR_o_10750.mp4 1;12;50;112
t22flliJLTQ_02066.mp4 4;6;8;12;25;106
t22flliJLTQ_02067.mp4 4;6;8;25;106
t22flliJLTQ_02068.mp4 4;6;8;12;25;106
t22flliJLTQ_02069.mp4 4;6;8;25;106
t22flliJLTQ_02070.mp4 6;8;25;106
t22flliJLTQ_02071.mp4 4;8;25;106
t22flliJLTQ_02072.mp4 4;6;8;25;106
t22flliJLTQ_02073.mp4 4;6;8;12;25;106
t22flliJLTQ_02074.mp4 3;4;12;24;106
t22flliJLTQ_02075.mp4 1;4;6;8;22;106
t22flliJLTQ_02076.mp4 8;22;106
t22flliJLTQ_02077.mp4 4;8;12;22;106
t22flliJLTQ_02078.mp4 3;4;8;12;22;106
t22flliJLTQ_02079.mp4 3;4;8;12;22;106
t22flliJLTQ_02080.mp4 3;4;8;12;25;106
t22flliJLTQ_02081.mp4 3;4;8;12;22;106
t22flliJLTQ_02082.mp4 4;6;8;12;22;106
t22flliJLTQ_02083.mp4 4;6;8;25;106
t22flliJLTQ_02084.mp4 3;4;6;8;12;22;106
t22flliJLTQ_02085.mp4 1;4;6;8;12;22;106
t22flliJLTQ_02086.mp4 1;4;6;8;22;106
t22flliJLTQ_02087.mp4 3;24;106
t22flliJLTQ_02088.mp4 3;4;12;24;106
t22flliJLTQ_02089.mp4 1;3;4;8;12;24;106
t22flliJLTQ_02090.mp4 12;24;106
t7fBqju2GJY_03955.mp4 3;91;121
t7fBqju2GJY_03956.mp4 4;91;121
t7fBqju2GJY_03957.mp4 3;4;12;91;121
t7fBqju2GJY_03958.mp4 3;4;12;91;121
t7fBqju2GJY_03959.mp4 3;12;91;121
t7fBqju2GJY_03960.mp4 3;4;12;91;121
tAB_U-DBajI_09625.mp4 0;3;4;8;12;19;105
tAB_U-DBajI_09626.mp4 0;1;4;19;105
tAB_U-DBajI_09627.mp4 0;1;3;4;8;11;12;19;105
tAB_U-DBajI_09628.mp4 0;1;3;4;8;12;19;105
tHymwFDddrI_07903.mp4 3;4;39;110
tHymwFDddrI_07904.mp4 1;4;39;110
tHymwFDddrI_07905.mp4 4;12;39;110
tHymwFDddrI_07906.mp4 3;4;12;39;110
tHymwFDddrI_07907.mp4 1;4;39;110
tHymwFDddrI_07908.mp4 3;39;110
tHymwFDddrI_07909.mp4 1;3;4;12;39;110
tHymwFDddrI_07910.mp4 3;4;39;110
tHymwFDddrI_07911.mp4 3;4;39;110
tHymwFDddrI_07912.mp4 1;4;12;39;110
tJRSnxJfkLc_08983.mp4 3;62;115
tJRSnxJfkLc_08984.mp4 1;62;115
tJRSnxJfkLc_08985.mp4 1;3;62;115
tJRSnxJfkLc_08986.mp4 3;62;115
tJRSnxJfkLc_08987.mp4 62;115
tJRSnxJfkLc_08988.mp4 3;62;115
tJRSnxJfkLc_08989.mp4 3;62;115
tJRSnxJfkLc_08990.mp4 3;12;62;115
tJRSnxJfkLc_08991.mp4 1;3;62;115
tJRSnxJfkLc_08992.mp4 3;12;62;115
tJRSnxJfkLc_08993.mp4 3;12;65;115
tJRSnxJfkLc_08994.mp4 1;3;66;115
tJRSnxJfkLc_08995.mp4 3;66;115
tJRSnxJfkLc_08996.mp4 66;115
tJRSnxJfkLc_08997.mp4 1;3;66;115
tJRSnxJfkLc_08998.mp4 1;3;66;115
tJRSnxJfkLc_08999.mp4 1;3;66;115
tMzxjJygrH4_11233.mp4 1;3;4;8;102;123
tMzxjJygrH4_11234.mp4 1;3;4;12;102;123
tMzxjJygrH4_11235.mp4 3;12;102;123
tMzxjJygrH4_11236.mp4 1;3;4;102;123
tMzxjJygrH4_11237.mp4 1;3;4;102;123
tMzxjJygrH4_11238.mp4 1;3;4;12;102;123
tMzxjJygrH4_11239.mp4 1;3;4;6;8;12;102;123
tMzxjJygrH4_11240.mp4 1;3;4;8;102;123
tMzxjJygrH4_11241.mp4 1;3;4;12;102;123
tMzxjJygrH4_11242.mp4 1;4;12;102;123
tNQRpB2SzDk_09265.mp4 67;115
tNQRpB2SzDk_09266.mp4 67;115
tNQRpB2SzDk_09267.mp4 67;115
tNQRpB2SzDk_09268.mp4 67;115
tNQRpB2SzDk_09269.mp4 67;115
tNQRpB2SzDk_09270.mp4 67;115
tNQRpB2SzDk_09271.mp4 67;115
tNQRpB2SzDk_09272.mp4 3;67;115
tNQRpB2SzDk_09273.mp4 67;115
tNQRpB2SzDk_09274.mp4 3;67;115
tQN9hdPNVS4_02180.mp4 1;3;4;8;12;25;106
tQN9hdPNVS4_02181.mp4 4;12;25;106
tQN9hdPNVS4_02182.mp4 1;12;24;106
tQN9hdPNVS4_02183.mp4 3;4;8;12;25;106
tQN9hdPNVS4_02184.mp4 1;3;4;6;8;12;22;106
tQN9hdPNVS4_02185.mp4 12;24;106
tQN9hdPNVS4_02186.mp4 1;3;4;6;8;12;25;106
tQN9hdPNVS4_02187.mp4 1;3;4;6;8;12;25;106
tQN9hdPNVS4_02188.mp4 3;4;6;8;12;25;106
tQN9hdPNVS4_02189.mp4 3;5;8;12;24;106
tQN9hdPNVS4_02190.mp4 3;4;6;8;12;25;106
tQN9hdPNVS4_02191.mp4 4;8;12;25;106
tQN9hdPNVS4_02192.mp4 1;3;6;8;12;23;106
tQN9hdPNVS4_02193.mp4 1;3;4;8;12;24;106
tQN9hdPNVS4_02194.mp4 4;8;12;25;106
tQN9hdPNVS4_02195.mp4 3;4;12;24;106
tQN9hdPNVS4_02196.mp4 4;8;22;106
tQN9hdPNVS4_02197.mp4 3;4;6;8;12;25;106
tQN9hdPNVS4_02198.mp4 1;5;12;24;106
tQN9hdPNVS4_02199.mp4 4;12;24;106
tQN9hdPNVS4_02200.mp4 3;4;8;12;24;106
tQN9hdPNVS4_02201.mp4 3;4;12;23;106
tQN9hdPNVS4_02202.mp4 3;4;8;12;22;106
tQN9hdPNVS4_02203.mp4 3;4;6;8;12;22;106
tQN9hdPNVS4_02204.mp4 3;4;6;8;12;22;106
tQN9hdPNVS4_02205.mp4 3;4;6;8;12;22;106
tQN9hdPNVS4_02206.mp4 3;8;12;24;106
tQN9hdPNVS4_02207.mp4 3;12;23;106
tQN9hdPNVS4_02208.mp4 3;5;12;24;106
tRtXk96M-zo_06175.mp4 3;4;6;8;12;25;106
tRtXk96M-zo_06176.mp4 3;4;6;8;12;25;106
tRtXk96M-zo_06177.mp4 3;4;6;8;12;25;106
tRtXk96M-zo_06179.mp4 4;6;8;12;25;106
tRtXk96M-zo_06180.mp4 4;6;8;12;25;106
tRtXk96M-zo_06181.mp4 4;8;12;25;106
tRtXk96M-zo_06182.mp4 1;3;4;6;8;12;25;106
tRtXk96M-zo_06183.mp4 3;4;8;12;25;106
tRtXk96M-zo_06184.mp4 4;8;25;106
tRtXk96M-zo_06185.mp4 1;4;8;22;106
tRtXk96M-zo_06186.mp4 3;8;24;106
tRtXk96M-zo_06187.mp4 3;4;6;8;12;22;106
tRtXk96M-zo_06188.mp4 1;4;8;22;106
tRtXk96M-zo_06189.mp4 3;4;8;12;22;106
tRtXk96M-zo_06190.mp4 3;4;6;8;12;22;106
tRtXk96M-zo_06191.mp4 3;4;5;8;12;24;106
tRtXk96M-zo_06192.mp4 1;3;4;8;22;106
tRtXk96M-zo_06193.mp4 3;4;6;8;12;22;106
tStBSqJjOsY_02493.mp4 3;4;6;8;12;22;106
tStBSqJjOsY_02494.mp4 3;4;6;8;12;25;106
tStBSqJjOsY_02495.mp4 3;4;6;8;12;22;106
tStBSqJjOsY_02496.mp4 1;4;6;8;12;25;106
tStBSqJjOsY_02497.mp4 4;6;8;12;25;106
tStBSqJjOsY_02498.mp4 3;4;6;8;12;22;106
tStBSqJjOsY_02499.mp4 12;24;106
tStBSqJjOsY_02500.mp4 3;4;6;8;12;25;106
tStBSqJjOsY_02501.mp4 1;3;4;8;12;25;106
tStBSqJjOsY_02502.mp4 3;4;6;8;12;22;106
tStBSqJjOsY_02503.mp4 3;24;106
tT4MUpkll_Y_12380.mp4 1;26;107
tT4MUpkll_Y_12381.mp4 28;107
tT4MUpkll_Y_12382.mp4 29;107
tT4MUpkll_Y_12383.mp4 26;107
tT4MUpkll_Y_12384.mp4 26;107
tT4MUpkll_Y_12385.mp4 29;107
tT4MUpkll_Y_12386.mp4 26;107
tT4MUpkll_Y_12387.mp4 26;107
tT4MUpkll_Y_12388.mp4 26;107
tU03wyKEqDQ_07955.mp4 3;38;110
tU03wyKEqDQ_07956.mp4 1;3;12;40;110
tU03wyKEqDQ_07957.mp4 1;3;12;44;110
tU03wyKEqDQ_07958.mp4 1;3;4;12;40;110
tU1sgy6H-M0_02504.mp4 4;8;25;106
tU1sgy6H-M0_02505.mp4 1;3;8;12;24;106
tU1sgy6H-M0_02506.mp4 1;3;4;6;8;12;25;106
tU1sgy6H-M0_02507.mp4 3;4;6;8;12;22;106
tU1sgy6H-M0_02508.mp4 3;4;6;8;12;22;106
tU1sgy6H-M0_02509.mp4 4;6;8;22;106
tU1sgy6H-M0_02510.mp4 4;8;25;106
tU1sgy6H-M0_02511.mp4 3;4;6;8;12;22;106
tU1sgy6H-M0_02512.mp4 4;6;8;12;22;106
tU1sgy6H-M0_02513.mp4 3;4;8;12;22;106
tU1sgy6H-M0_02514.mp4 3;4;8;12;25;106
tU1sgy6H-M0_02515.mp4 4;8;12;22;106
tU1sgy6H-M0_02516.mp4 4;6;8;22;106
tU1sgy6H-M0_02517.mp4 3;4;6;8;12;22;106
tU1sgy6H-M0_02518.mp4 3;4;6;8;12;22;106
tU1sgy6H-M0_02519.mp4 3;4;6;8;12;25;106
tU1sgy6H-M0_02520.mp4 3;4;6;8;12;25;106
tU1sgy6H-M0_02521.mp4 4;8;12;25;106
tU1sgy6H-M0_02522.mp4 8;12;24;106
tU1sgy6H-M0_02523.mp4 1;3;5;12;24;106
tU1sgy6H-M0_02524.mp4 3;4;12;24;106
tU1sgy6H-M0_02525.mp4 1;3;4;8;12;24;106
tU1sgy6H-M0_02526.mp4 3;12;24;106
tU1sgy6H-M0_02527.mp4 1;8;12;24;106
tYqf5yphMHY_15845.mp4 0;1;3;4;12;35;109
tYqf5yphMHY_15846.mp4 1;3;4;12;35;109
tYqf5yphMHY_15847.mp4 0;1;3;4;35;109
tYqf5yphMHY_15848.mp4 1;2;4;35;109
tYqf5yphMHY_15849.mp4 1;3;4;35;109
tYqf5yphMHY_15850.mp4 1;3;4;12;35;109
tYqf5yphMHY_15851.mp4 1;3;4;12;35;109
tYqf5yphMHY_15852.mp4 0;1;2;3;4;12;35;109
tYqf5yphMHY_15853.mp4 1;4;35;109
tYqf5yphMHY_15854.mp4 1;3;4;35;109
tbGW3wxHUMM_12722.mp4 3;12;88;120
tbGW3wxHUMM_12723.mp4 1;3;12;90;120
tbGW3wxHUMM_12724.mp4 1;3;89;120
tbGW3wxHUMM_12725.mp4 3;89;120
tf3JfRQd63I_09275.mp4 1;3;67;115
tf3JfRQd63I_09276.mp4 1;3;67;115
tf3JfRQd63I_09277.mp4 67;115
tf3JfRQd63I_09278.mp4 1;3;4;67;115
tf3JfRQd63I_09279.mp4 1;3;67;115
tf3JfRQd63I_09280.mp4 3;67;115
tf3JfRQd63I_09281.mp4 3;67;115
tf3JfRQd63I_09282.mp4 3;4;67;115
tf3JfRQd63I_09283.mp4 1;67;115
tf3JfRQd63I_09284.mp4 1;3;66;115
tf3JfRQd63I_09285.mp4 1;3;66;115
tf3JfRQd63I_09286.mp4 1;3;66;115
tf3JfRQd63I_09287.mp4 3;66;115
tf3JfRQd63I_09288.mp4 1;3;66;115
tf3JfRQd63I_09289.mp4 3;65;115
tf3JfRQd63I_09290.mp4 1;3;67;115
tkPY5lZz3vk_11336.mp4 1;63;115
tkPY5lZz3vk_11337.mp4 1;62;115
tkPY5lZz3vk_11338.mp4 1;62;115
tkPY5lZz3vk_11339.mp4 1;62;115
tkPY5lZz3vk_11340.mp4 1;3;62;115
tkPY5lZz3vk_11341.mp4 1;3;62;115
tkPY5lZz3vk_11342.mp4 1;62;115
tkPY5lZz3vk_11343.mp4 1;62;115
tkPY5lZz3vk_11344.mp4 1;3;62;115
tkPY5lZz3vk_11345.mp4 1;3;62;115
tkPY5lZz3vk_11346.mp4 1;62;115
tnLTVrHSvA4_00995.mp4 8;25;106
tnLTVrHSvA4_00996.mp4 3;4;6;8;12;22;106
tnLTVrHSvA4_00997.mp4 4;6;8;12;22;106
tnLTVrHSvA4_00998.mp4 3;4;6;8;22;106
tnLTVrHSvA4_00999.mp4 4;8;25;106
tnLTVrHSvA4_01000.mp4 3;4;8;22;106
tnLTVrHSvA4_01001.mp4 3;4;8;12;22;106
tnLTVrHSvA4_01002.mp4 3;4;6;8;25;106
tnLTVrHSvA4_01003.mp4 1;3;4;6;8;25;106
tnLTVrHSvA4_01004.mp4 3;4;8;12;25;106
tnLTVrHSvA4_01005.mp4 1;3;4;6;8;25;106
tnLTVrHSvA4_01006.mp4 3;4;6;8;12;25;106
tnLTVrHSvA4_01007.mp4 3;4;8;22;106
tnLTVrHSvA4_01008.mp4 1;4;6;8;22;106
tnLTVrHSvA4_01009.mp4 3;4;6;8;22;106
tnLTVrHSvA4_01010.mp4 8;25;106
tnLTVrHSvA4_01011.mp4 4;8;12;22;106
tnLTVrHSvA4_01012.mp4 1;3;4;6;8;12;22;106
tnLTVrHSvA4_01013.mp4 4;12;24;106
tnLTVrHSvA4_01014.mp4 4;6;8;12;25;106
tnLTVrHSvA4_01015.mp4 6;12;24;106
tnLTVrHSvA4_01016.mp4 3;4;8;25;106
tnLTVrHSvA4_01017.mp4 12;24;106
tramh0n4o9U_05459.mp4 3;12;50;112
tramh0n4o9U_05460.mp4 3;50;112
tramh0n4o9U_05462.mp4 3;49;112
tramh0n4o9U_05463.mp4 3;49;112
tyfmc6S8ols_03201.mp4 4;8;100;123
tyfmc6S8ols_03202.mp4 4;8;102;123
tyfmc6S8ols_03203.mp4 4;8;103;123
tyfmc6S8ols_03204.mp4 1;3;4;100;123
tyfmc6S8ols_03205.mp4 1;4;12;102;123
tyfmc6S8ols_03206.mp4 4;8;100;123
tyfmc6S8ols_03207.mp4 1;4;8;102;123
tyfmc6S8ols_03208.mp4 8;103;123
tyfmc6S8ols_03209.mp4 1;4;101;123
tyfmc6S8ols_03210.mp4 1;3;4;8;100;123
tyfmc6S8ols_03211.mp4 1;4;8;102;123
tyfmc6S8ols_03212.mp4 1;4;12;103;123
tyfmc6S8ols_03213.mp4 1;4;8;12;100;123
tyfmc6S8ols_03214.mp4 1;4;8;102;123
tyfmc6S8ols_03215.mp4 1;4;12;99;123
tyfmc6S8ols_03216.mp4 3;4;12;100;123
tyfmc6S8ols_03217.mp4 4;8;102;123
tyfmc6S8ols_03218.mp4 1;3;4;8;100;123
tyfmc6S8ols_03219.mp4 4;8;102;123
tyfmc6S8ols_03220.mp4 1;4;8;103;123
tyfmc6S8ols_03221.mp4 1;5;12;101;123
tyfmc6S8ols_03222.mp4 1;4;8;100;123
tyfmc6S8ols_03223.mp4 1;4;8;102;123
tyfmc6S8ols_03224.mp4 4;6;8;99;123
tyfmc6S8ols_03225.mp4 4;8;100;123
tyfmc6S8ols_03226.mp4 1;4;8;102;123
tyfmc6S8ols_03227.mp4 1;4;8;103;123
tyfmc6S8ols_03228.mp4 1;3;4;8;100;123
tyfmc6S8ols_03229.mp4 0;1;4;8;102;123
tyfmc6S8ols_03230.mp4 4;8;99;123
tyfmc6S8ols_03231.mp4 4;8;99;123
tyfmc6S8ols_03232.mp4 12;101;123
tyfmc6S8ols_03233.mp4 4;8;103;123
tyfmc6S8ols_03234.mp4 4;12;103;123
tyfmc6S8ols_03235.mp4 1;4;12;103;123
tyfmc6S8ols_03236.mp4 1;4;12;103;123
tyfmc6S8ols_03237.mp4 1;4;12;103;123
tyfmc6S8ols_03238.mp4 4;6;8;99;123
tyfmc6S8ols_03239.mp4 1;12;101;123
tzNpnQBJVv4_04246.mp4 3;8;58;114
tzNpnQBJVv4_04247.mp4 3;4;8;12;58;114
tzNpnQBJVv4_04248.mp4 1;6;8;12;58;114
tzNpnQBJVv4_04249.mp4 2;4;9;11;12;58;114
tzNpnQBJVv4_04250.mp4 3;4;8;11;12;59;114
tzNpnQBJVv4_04251.mp4 4;6;8;12;58;114
tzNpnQBJVv4_04252.mp4 4;8;12;58;114
tzNpnQBJVv4_04253.mp4 4;8;58;114
tzNpnQBJVv4_04254.mp4 3;4;6;8;12;58;114
tzNpnQBJVv4_04255.mp4 4;6;8;12;58;114
tzNpnQBJVv4_04256.mp4 3;4;8;12;58;114
tzNpnQBJVv4_04257.mp4 4;8;12;59;114
tzNpnQBJVv4_04258.mp4 4;8;12;59;114
tzNpnQBJVv4_04259.mp4 1;3;4;6;8;59;114
tzNpnQBJVv4_04260.mp4 3;4;8;12;59;114
tzNpnQBJVv4_04261.mp4 1;4;8;12;59;114
tzNpnQBJVv4_04262.mp4 4;6;8;12;59;114
tzNpnQBJVv4_04263.mp4 3;4;8;12;59;114
tzNpnQBJVv4_04264.mp4 1;3;4;6;8;59;114
tzNpnQBJVv4_04265.mp4 3;4;8;12;59;114
u6AWxplF-OE_14797.mp4 4;8;100;123
u6AWxplF-OE_14798.mp4 4;8;100;123
u6AWxplF-OE_14799.mp4 1;4;8;100;123
u6AWxplF-OE_14800.mp4 1;4;8;100;123
u6AWxplF-OE_14801.mp4 4;8;99;123
u6AWxplF-OE_14802.mp4 4;12;100;123
u6AWxplF-OE_14803.mp4 1;4;8;103;123
u6AWxplF-OE_14804.mp4 4;8;100;123
u6AWxplF-OE_14805.mp4 4;8;100;123
u6AWxplF-OE_14806.mp4 1;4;8;100;123
u6AWxplF-OE_14807.mp4 1;4;8;100;123
u6AWxplF-OE_14808.mp4 1;4;8;100;123
u6AWxplF-OE_14809.mp4 1;4;8;12;102;123
u6AWxplF-OE_14810.mp4 3;4;8;102;123
u6AWxplF-OE_14811.mp4 1;4;6;12;99;123
u6AWxplF-OE_14812.mp4 4;8;12;99;123
u6AWxplF-OE_14813.mp4 4;8;103;123
u6AWxplF-OE_14814.mp4 1;4;8;12;102;123
u6AWxplF-OE_14815.mp4 4;8;102;123
u6AWxplF-OE_14816.mp4 1;4;8;12;102;123
u6AWxplF-OE_14817.mp4 4;8;102;123
u6AWxplF-OE_14818.mp4 4;8;102;123
u6AWxplF-OE_14819.mp4 4;8;102;123
u6AWxplF-OE_14820.mp4 4;8;102;123
u6AWxplF-OE_14821.mp4 1;4;6;8;12;102;123
u6AWxplF-OE_14822.mp4 4;8;12;103;123
u6AWxplF-OE_14823.mp4 1;4;8;103;123
u6AWxplF-OE_14824.mp4 1;4;8;103;123
u6AWxplF-OE_14825.mp4 1;4;8;103;123
u6AWxplF-OE_14826.mp4 1;4;8;103;123
u6AWxplF-OE_14827.mp4 0;1;4;8;12;103;123
u6AWxplF-OE_14828.mp4 4;8;99;123
u6AWxplF-OE_14829.mp4 4;8;12;99;123
u6AWxplF-OE_14830.mp4 1;4;8;103;123
u6AWxplF-OE_14831.mp4 1;4;8;12;103;123
u7x9rMWAb3U_11077.mp4 1;2;3;4;57;113
u7x9rMWAb3U_11078.mp4 54;113
u7x9rMWAb3U_11079.mp4 3;8;12;54;113
u7x9rMWAb3U_11080.mp4 1;3;4;12;56;113
uBpTgp5cq3U_10771.mp4 3;12;50;112
uBpTgp5cq3U_10772.mp4 3;49;112
uBpTgp5cq3U_10773.mp4 3;49;112
uBpTgp5cq3U_10774.mp4 3;12;50;112
uBpTgp5cq3U_10775.mp4 1;3;12;53;112
uBpTgp5cq3U_10776.mp4 3;12;53;112
uBpTgp5cq3U_10777.mp4 3;12;53;112
uBpTgp5cq3U_10778.mp4 3;12;50;112
uBpTgp5cq3U_10779.mp4 3;50;112
uBpTgp5cq3U_10780.mp4 3;12;52;112
uBpTgp5cq3U_10781.mp4 3;12;52;112
uBpTgp5cq3U_10782.mp4 3;12;50;112
uBpTgp5cq3U_10783.mp4 3;50;112
uBpTgp5cq3U_10784.mp4 3;50;112
uBpTgp5cq3U_10785.mp4 1;3;12;50;112
uBpTgp5cq3U_10786.mp4 1;3;50;112
uBpTgp5cq3U_10787.mp4 1;3;50;112
uC13kU8_Tzs_09410.mp4 0;1;3;94;121
uC13kU8_Tzs_09411.mp4 3;94;121
uSDQ84u2KiY_13837.mp4 1;3;4;12;86;119
uSDQ84u2KiY_13838.mp4 1;3;12;86;119
uSDQ84u2KiY_13839.mp4 1;12;83;119
uSDQ84u2KiY_13840.mp4 1;3;4;12;83;119
uSDQ84u2KiY_13841.mp4 1;3;4;12;83;119
uSDQ84u2KiY_13842.mp4 1;3;12;83;119
uSDQ84u2KiY_13843.mp4 1;3;4;83;119
uSDQ84u2KiY_13844.mp4 1;3;4;12;83;119
uSDQ84u2KiY_13845.mp4 1;3;83;119
uSDQ84u2KiY_13846.mp4 1;3;4;85;119
uSDQ84u2KiY_13847.mp4 1;3;4;85;119
uSDQ84u2KiY_13848.mp4 1;3;12;83;119
uSDQ84u2KiY_13849.mp4 1;3;4;85;119
uSDQ84u2KiY_13850.mp4 1;3;4;12;83;119
uSDQ84u2KiY_13851.mp4 1;3;83;119
uSDQ84u2KiY_13852.mp4 1;3;85;119
uSDQ84u2KiY_13853.mp4 1;3;4;85;119
uSDQ84u2KiY_13854.mp4 1;3;85;119
uSDQ84u2KiY_13855.mp4 1;4;84;119
uTHXY65osAY_01944.mp4 3;4;12;25;106
uTHXY65osAY_01945.mp4 3;8;12;22;106
uTHXY65osAY_01946.mp4 3;4;6;8;12;25;106
uTHXY65osAY_01947.mp4 4;8;25;106
uTHXY65osAY_01948.mp4 3;4;8;12;25;106
uTHXY65osAY_01949.mp4 3;4;6;8;12;25;106
uTHXY65osAY_01950.mp4 3;4;8;12;25;106
uTHXY65osAY_01951.mp4 3;4;6;8;22;106
uTHXY65osAY_01952.mp4 1;4;8;12;22;106
uTHXY65osAY_01953.mp4 4;8;25;106
uTHXY65osAY_01954.mp4 8;25;106
uTHXY65osAY_01955.mp4 3;4;8;12;22;106
uTHXY65osAY_01956.mp4 3;12;24;106
uTHXY65osAY_01957.mp4 3;4;8;22;106
uTHXY65osAY_01958.mp4 4;8;25;106
uTHXY65osAY_01959.mp4 3;4;6;8;12;22;106
uTHXY65osAY_01960.mp4 3;4;6;8;12;22;106
uTHXY65osAY_01961.mp4 1;4;6;8;25;106
uTHXY65osAY_01962.mp4 1;4;5;12;24;106
uTHXY65osAY_01963.mp4 4;8;12;22;106
uTHXY65osAY_01964.mp4 4;8;12;22;106
uTHXY65osAY_01965.mp4 3;4;8;12;22;106
uTHXY65osAY_01966.mp4 1;3;4;12;24;106
uTHXY65osAY_01967.mp4 1;12;24;106
uay7CrbLUew_10751.mp4 3;12;50;112
uay7CrbLUew_10752.mp4 3;50;112
uay7CrbLUew_10753.mp4 1;3;50;112
uay7CrbLUew_10754.mp4 3;50;112
uay7CrbLUew_10755.mp4 1;3;49;112
uay7CrbLUew_10756.mp4 3;50;112
ufQMaOoiB_g_12443.mp4 45;111
ufQMaOoiB_g_12444.mp4 1;45;111
ufQMaOoiB_g_12445.mp4 3;47;111
ufQMaOoiB_g_12446.mp4 46;111
ufQMaOoiB_g_12447.mp4 1;3;4;5;12;46;111
ufQMaOoiB_g_12448.mp4 4;46;111
ufQMaOoiB_g_12449.mp4 1;3;47;111
ufQMaOoiB_g_12450.mp4 45;111
ufQMaOoiB_g_12451.mp4 1;3;4;47;111
ufQMaOoiB_g_12452.mp4 45;111
ufQMaOoiB_g_12453.mp4 45;111
ufQMaOoiB_g_12454.mp4 1;3;12;46;111
ufQMaOoiB_g_12455.mp4 1;3;4;47;111
ufQMaOoiB_g_12456.mp4 45;111
ufQMaOoiB_g_12457.mp4 1;45;111
ufQMaOoiB_g_12458.mp4 45;111
ugiB3pwpzhQ_06403.mp4 1;3;63;115
ugiB3pwpzhQ_06404.mp4 61;115
ugiB3pwpzhQ_06405.mp4 1;63;115
ugiB3pwpzhQ_06406.mp4 1;3;63;115
ugiB3pwpzhQ_06407.mp4 1;3;61;115
ugiB3pwpzhQ_06408.mp4 3;61;115
ugiB3pwpzhQ_06409.mp4 3;61;115
ugiB3pwpzhQ_06410.mp4 3;63;115
ugiB3pwpzhQ_06411.mp4 61;115
ugiB3pwpzhQ_06412.mp4 1;3;63;115
ugiB3pwpzhQ_06413.mp4 3;61;115
ugiB3pwpzhQ_06414.mp4 3;61;115
ugiB3pwpzhQ_06415.mp4 3;4;61;115
ugiB3pwpzhQ_06416.mp4 1;3;4;63;115
ugiB3pwpzhQ_06417.mp4 3;61;115
ugiB3pwpzhQ_06418.mp4 3;61;115
ugiB3pwpzhQ_06419.mp4 3;4;63;115
ugiB3pwpzhQ_06420.mp4 1;3;4;12;63;115
ugiB3pwpzhQ_06421.mp4 63;115
ugiB3pwpzhQ_06422.mp4 64;115
ugiB3pwpzhQ_06423.mp4 3;64;115
ugiB3pwpzhQ_06424.mp4 3;63;115
uhO8lcaGmZQ_08955.mp4 61;115
uhO8lcaGmZQ_08956.mp4 3;63;115
uhO8lcaGmZQ_08957.mp4 3;64;115
uhO8lcaGmZQ_08958.mp4 3;62;115
uhO8lcaGmZQ_08959.mp4 65;115
uhO8lcaGmZQ_08960.mp4 1;68;115
uhO8lcaGmZQ_08961.mp4 1;3;60;115
uhO8lcaGmZQ_08962.mp4 1;3;68;115
uhO8lcaGmZQ_08963.mp4 64;115
uhO8lcaGmZQ_08964.mp4 3;12;65;115
uiDZRwYOl24_12393.mp4 27;107
uiDZRwYOl24_12394.mp4 29;107
uiDZRwYOl24_12395.mp4 29;107
uiDZRwYOl24_12396.mp4 29;107
uiDZRwYOl24_12397.mp4 29;107
uiDZRwYOl24_12398.mp4 29;107
uiDZRwYOl24_12399.mp4 29;107
uiDZRwYOl24_12400.mp4 27;107
usS09KGPLfw_04817.mp4 1;3;14;104
usS09KGPLfw_04818.mp4 1;3;16;104
usS09KGPLfw_04819.mp4 1;3;5;12;16;104
usS09KGPLfw_04820.mp4 1;3;4;15;104
utqnJXVRRwE_13895.mp4 1;3;4;12;86;119
utqnJXVRRwE_13896.mp4 3;4;12;86;119
utqnJXVRRwE_13897.mp4 4;86;119
utqnJXVRRwE_13898.mp4 1;3;4;86;119
utqnJXVRRwE_13899.mp4 1;3;4;83;119
utqnJXVRRwE_13900.mp4 1;3;4;12;83;119
utqnJXVRRwE_13901.mp4 1;3;4;85;119
utqnJXVRRwE_13902.mp4 1;3;4;12;86;119
utqnJXVRRwE_13903.mp4 1;3;4;12;83;119
utqnJXVRRwE_13904.mp4 1;3;4;12;86;119
utqnJXVRRwE_13905.mp4 1;3;4;85;119
utqnJXVRRwE_13906.mp4 1;3;4;12;83;119
utqnJXVRRwE_13907.mp4 1;3;4;12;83;119
utqnJXVRRwE_13908.mp4 1;4;12;83;119
utqnJXVRRwE_13909.mp4 1;3;4;12;83;119
uuHqSRKjfH0_05094.mp4 1;3;4;5;12;13;104
uuHqSRKjfH0_05095.mp4 1;3;4;12;13;104
uuHqSRKjfH0_05096.mp4 3;14;104
uuHqSRKjfH0_05097.mp4 3;14;104
uuHqSRKjfH0_05098.mp4 3;14;104
uuHqSRKjfH0_05099.mp4 3;14;104
uuHqSRKjfH0_05100.mp4 3;5;14;104
uuHqSRKjfH0_05101.mp4 3;5;14;104
uuHqSRKjfH0_05102.mp4 3;14;104
uuHqSRKjfH0_05103.mp4 3;14;104
uuHqSRKjfH0_05104.mp4 3;4;5;12;14;104
uuHqSRKjfH0_05105.mp4 3;4;5;12;14;104
ux7uV3nZURE_02707.mp4 1;19;105
ux7uV3nZURE_02706.mp4 19;105
vAQtsnWI8jU_11950.mp4 3;12;69;116
vAQtsnWI8jU_11951.mp4 1;3;5;12;69;116
vAQtsnWI8jU_11952.mp4 1;2;3;12;69;116
vAQtsnWI8jU_11953.mp4 1;3;71;116
vAQtsnWI8jU_11954.mp4 1;3;70;116
vAQtsnWI8jU_11955.mp4 3;72;116
vAQtsnWI8jU_11956.mp4 2;3;12;69;116
vAQtsnWI8jU_11957.mp4 2;3;69;116
vAQtsnWI8jU_11958.mp4 1;3;69;116
vAQtsnWI8jU_11959.mp4 1;3;5;71;116
vAQtsnWI8jU_11960.mp4 1;3;73;116
vAQtsnWI8jU_11961.mp4 1;2;4;7;12;69;116
vAQtsnWI8jU_11962.mp4 1;3;4;71;116
vAQtsnWI8jU_11963.mp4 3;70;116
vAQtsnWI8jU_11964.mp4 1;3;4;72;116
vAQtsnWI8jU_11965.mp4 3;12;73;116
vDM-12aVYOY_13718.mp4 1;3;12;86;119
vDM-12aVYOY_13719.mp4 1;3;85;119
vDM-12aVYOY_13720.mp4 1;3;85;119
vDM-12aVYOY_13721.mp4 1;3;4;83;119
vDM-12aVYOY_13722.mp4 1;3;4;12;83;119
vDM-12aVYOY_13723.mp4 1;3;4;85;119
vDM-12aVYOY_13724.mp4 1;3;4;12;83;119
vDM-12aVYOY_13725.mp4 1;3;4;12;83;119
vDM-12aVYOY_13726.mp4 1;3;4;12;83;119
vDM-12aVYOY_13727.mp4 3;85;119
vDM-12aVYOY_13728.mp4 1;3;4;83;119
vDM-12aVYOY_13729.mp4 1;3;4;85;119
vDM-12aVYOY_13730.mp4 3;4;12;83;119
vDM-12aVYOY_13731.mp4 1;3;86;119
vDM-12aVYOY_13732.mp4 1;3;4;83;119
vDM-12aVYOY_13733.mp4 1;3;4;83;119
vDM-12aVYOY_13734.mp4 1;3;4;83;119
vDTd7UUig-Q_00728.mp4 4;34;108
vDTd7UUig-Q_00729.mp4 1;4;34;108
vDTd7UUig-Q_00730.mp4 1;4;8;34;108
vDTd7UUig-Q_00731.mp4 1;4;34;108
vGIs0GU1V6M_08511.mp4 3;64;115
vGIs0GU1V6M_08512.mp4 3;64;115
vGIs0GU1V6M_08513.mp4 3;64;115
vGIs0GU1V6M_08514.mp4 3;64;115
vGIs0GU1V6M_08515.mp4 12;64;115
vGIs0GU1V6M_08516.mp4 3;64;115
vGxLpR5HNbc_01233.mp4 4;8;22;106
vGxLpR5HNbc_01234.mp4 12;24;106
vGxLpR5HNbc_01235.mp4 3;4;6;8;12;25;106
vGxLpR5HNbc_01236.mp4 1;4;8;12;24;106
vGxLpR5HNbc_01237.mp4 3;4;6;8;12;22;106
vGxLpR5HNbc_01238.mp4 1;3;4;6;8;12;25;106
vGxLpR5HNbc_01239.mp4 3;4;6;8;12;25;106
vGxLpR5HNbc_01240.mp4 3;4;6;8;12;25;106
vGxLpR5HNbc_01241.mp4 1;4;8;12;24;106
vGxLpR5HNbc_01242.mp4 3;4;8;12;22;106
vGxLpR5HNbc_01243.mp4 1;3;4;8;12;25;106
vGxLpR5HNbc_01244.mp4 3;8;12;24;106
vGxLpR5HNbc_01245.mp4 4;8;12;22;106
vGxLpR5HNbc_01246.mp4 3;4;8;12;24;106
vGxLpR5HNbc_01247.mp4 3;4;6;8;12;22;106
vGxLpR5HNbc_01248.mp4 4;5;8;12;24;106
vGxLpR5HNbc_01249.mp4 3;4;6;8;12;25;106
vGxLpR5HNbc_01250.mp4 3;6;8;12;22;106
vGxLpR5HNbc_01251.mp4 3;4;6;8;12;25;106
vGxLpR5HNbc_01252.mp4 1;3;4;8;12;24;106
vGxLpR5HNbc_01253.mp4 1;3;4;6;8;12;25;106
vGxLpR5HNbc_01254.mp4 3;4;8;22;106
vGxLpR5HNbc_01255.mp4 1;4;8;12;24;106
vGxLpR5HNbc_01256.mp4 3;4;6;8;23;106
vGxLpR5HNbc_01257.mp4 3;4;6;8;12;25;106
vGxLpR5HNbc_01258.mp4 3;4;8;12;24;106
vGxLpR5HNbc_01259.mp4 1;4;6;8;25;106
vGxLpR5HNbc_01260.mp4 6;8;12;24;106
vHUd5t-3h18_08608.mp4 66;115
vHUd5t-3h18_08609.mp4 3;66;115
vHUd5t-3h18_08610.mp4 3;66;115
vHUd5t-3h18_08611.mp4 66;115
vHUd5t-3h18_08612.mp4 3;66;115
vHUd5t-3h18_08613.mp4 3;66;115
vHUd5t-3h18_08614.mp4 3;66;115
vHUd5t-3h18_08615.mp4 3;66;115
vHUd5t-3h18_08616.mp4 66;115
vHUd5t-3h18_08617.mp4 66;115
vHUd5t-3h18_08618.mp4 3;12;65;115
vJ5QeqWkR1g_06593.mp4 1;3;4;80;118
vJ5QeqWkR1g_06594.mp4 1;3;4;12;82;118
vJ5QeqWkR1g_06595.mp4 1;3;12;82;118
vMhOHpHgITg_10699.mp4 1;3;50;112
vMhOHpHgITg_10700.mp4 3;49;112
vMhOHpHgITg_10701.mp4 1;3;12;50;112
vMhOHpHgITg_10702.mp4 1;3;50;112
vMhOHpHgITg_10703.mp4 1;3;50;112
vMhOHpHgITg_10704.mp4 3;50;112
vMhOHpHgITg_10705.mp4 1;3;12;52;112
vMhOHpHgITg_10706.mp4 3;50;112
vMhOHpHgITg_10707.mp4 3;12;50;112
vMhOHpHgITg_10708.mp4 1;3;12;49;112
vMhOHpHgITg_10709.mp4 3;49;112
vMhOHpHgITg_10710.mp4 1;3;12;50;112
vMhOHpHgITg_10711.mp4 1;3;50;112
vMhOHpHgITg_10712.mp4 1;3;12;53;112
vMhOHpHgITg_10713.mp4 1;3;12;53;112
vMhOHpHgITg_10714.mp4 3;51;112
vQheSaB7guI_08458.mp4 3;65;115
vQheSaB7guI_08459.mp4 1;3;4;12;66;115
vQheSaB7guI_08460.mp4 3;4;12;66;115
vQheSaB7guI_08461.mp4 1;3;4;65;115
vQheSaB7guI_08462.mp4 1;3;66;115
vQheSaB7guI_08463.mp4 1;3;12;66;115
vQheSaB7guI_08464.mp4 1;3;4;66;115
vQheSaB7guI_08465.mp4 3;4;12;66;115
vQheSaB7guI_08466.mp4 3;12;66;115
vQheSaB7guI_08467.mp4 3;4;66;115
vQheSaB7guI_08468.mp4 3;66;115
vQheSaB7guI_08469.mp4 66;115
vQheSaB7guI_08470.mp4 3;65;115
vRy5Ayt8xPk_02254.mp4 1;4;8;22;106
vRy5Ayt8xPk_02255.mp4 4;8;12;22;106
vRy5Ayt8xPk_02256.mp4 3;4;8;22;106
vRy5Ayt8xPk_02257.mp4 3;4;6;8;12;22;106
vRy5Ayt8xPk_02258.mp4 1;4;8;25;106
vRy5Ayt8xPk_02259.mp4 4;6;8;22;106
vRy5Ayt8xPk_02260.mp4 3;4;6;8;22;106
vRy5Ayt8xPk_02261.mp4 3;4;6;8;12;22;106
vRy5Ayt8xPk_02262.mp4 4;6;8;22;106
vRy5Ayt8xPk_02263.mp4 4;6;8;12;25;106
vRy5Ayt8xPk_02264.mp4 3;4;6;8;12;25;106
vRy5Ayt8xPk_02265.mp4 1;4;8;22;106
vRy5Ayt8xPk_02266.mp4 3;4;8;22;106
vRy5Ayt8xPk_02267.mp4 3;4;8;12;25;106
vRy5Ayt8xPk_02268.mp4 3;4;8;12;25;106
vRy5Ayt8xPk_02269.mp4 4;6;8;25;106
vRy5Ayt8xPk_02270.mp4 3;4;8;12;25;106
vRy5Ayt8xPk_02271.mp4 3;4;6;8;12;25;106
vRy5Ayt8xPk_02272.mp4 3;4;6;8;12;25;106
vRy5Ayt8xPk_02273.mp4 3;4;6;8;12;25;106
vRy5Ayt8xPk_02274.mp4 0;4;8;24;106
vRy5Ayt8xPk_02275.mp4 8;12;24;106
vSsrwnVAfvA_07796.mp4 1;3;4;12;42;110
vSsrwnVAfvA_07797.mp4 1;3;40;110
veYEePD8DJU_10252.mp4 1;2;3;4;10;12;54;113
veYEePD8DJU_10253.mp4 3;4;12;54;113
veYEePD8DJU_10254.mp4 1;3;4;12;54;113
veYEePD8DJU_10255.mp4 3;12;54;113
veYEePD8DJU_10256.mp4 1;2;3;4;54;113
veYEePD8DJU_10257.mp4 3;12;54;113
veYEePD8DJU_10258.mp4 3;4;54;113
vnlUl0srvy4_14946.mp4 1;3;4;8;102;123
vnlUl0srvy4_14947.mp4 3;4;8;12;102;123
vnlUl0srvy4_14948.mp4 102;123
vnlUl0srvy4_14949.mp4 3;12;102;123
vnlUl0srvy4_14950.mp4 3;4;102;123
vnlUl0srvy4_14951.mp4 1;3;4;12;102;123
vnlUl0srvy4_14953.mp4 3;4;8;102;123
vnrchXUn0KM_01314.mp4 3;4;8;12;25;106
vnrchXUn0KM_01315.mp4 3;4;6;8;12;25;106
vnrchXUn0KM_01316.mp4 3;4;6;8;12;25;106
vnrchXUn0KM_01317.mp4 3;4;8;12;25;106
vnrchXUn0KM_01318.mp4 3;12;24;106
vnrchXUn0KM_01319.mp4 3;4;6;8;12;22;106
vnrchXUn0KM_01320.mp4 3;4;8;12;25;106
vnrchXUn0KM_01321.mp4 1;4;8;25;106
vnrchXUn0KM_01322.mp4 3;4;8;12;22;106
vnrchXUn0KM_01323.mp4 1;4;8;25;106
vnrchXUn0KM_01324.mp4 3;12;24;106
vnrchXUn0KM_01325.mp4 3;4;6;8;12;25;106
vnrchXUn0KM_01326.mp4 3;4;6;8;12;22;106
vnrchXUn0KM_01327.mp4 1;3;8;12;24;106
vnrchXUn0KM_01328.mp4 4;6;8;12;25;106
vnrchXUn0KM_01329.mp4 1;4;8;12;24;106
vnrchXUn0KM_01330.mp4 1;3;4;8;12;25;106
vnrchXUn0KM_01331.mp4 3;8;12;24;106
vnrchXUn0KM_01332.mp4 8;12;24;106
vnrchXUn0KM_01333.mp4 1;3;12;24;106
vwBKAx7A-3A_04145.mp4 1;78;117
vwBKAx7A-3A_04146.mp4 1;4;74;117
w-11pcdORRA_04322.mp4 3;4;12;58;114
w-11pcdORRA_04323.mp4 1;3;4;12;58;114
wTpRPrN09-E_14535.mp4 3;4;8;102;123
wTpRPrN09-E_14536.mp4 4;8;102;123
wTpRPrN09-E_14537.mp4 4;8;102;123
wTpRPrN09-E_14538.mp4 4;8;100;123
wTpRPrN09-E_14539.mp4 4;8;102;123
wTpRPrN09-E_14540.mp4 4;8;103;123
wTpRPrN09-E_14541.mp4 4;8;102;123
wTpRPrN09-E_14542.mp4 4;12;99;123
wTpRPrN09-E_14543.mp4 1;3;4;8;100;123
wTpRPrN09-E_14544.mp4 1;4;8;102;123
wTpRPrN09-E_14545.mp4 4;8;99;123
wTpRPrN09-E_14546.mp4 1;3;4;8;100;123
wTpRPrN09-E_14547.mp4 3;4;8;12;102;123
wTpRPrN09-E_14548.mp4 4;8;103;123
wTpRPrN09-E_14549.mp4 4;8;100;123
wTpRPrN09-E_14550.mp4 4;8;102;123
wTpRPrN09-E_14551.mp4 1;4;8;103;123
wTpRPrN09-E_14552.mp4 1;3;4;8;100;123
wTpRPrN09-E_14553.mp4 3;4;8;102;123
wTpRPrN09-E_14554.mp4 3;4;8;103;123
wTpRPrN09-E_14555.mp4 3;4;8;100;123
wTpRPrN09-E_14556.mp4 4;8;102;123
wTpRPrN09-E_14557.mp4 1;4;8;103;123
wTpRPrN09-E_14558.mp4 1;4;8;100;123
wTpRPrN09-E_14559.mp4 4;6;8;99;123
wTpRPrN09-E_14560.mp4 4;8;99;123
wTpRPrN09-E_14561.mp4 3;4;8;100;123
wTpRPrN09-E_14562.mp4 1;3;4;8;12;99;123
wTpRPrN09-E_14563.mp4 1;4;8;103;123
wTpRPrN09-E_14564.mp4 1;4;8;103;123
wTpRPrN09-E_14565.mp4 4;8;103;123
wTpRPrN09-E_14566.mp4 1;4;12;100;123
wTpRPrN09-E_14567.mp4 4;8;100;123
wTpRPrN09-E_14568.mp4 1;4;8;99;123
wTpRPrN09-E_14569.mp4 3;4;99;123
wTpRPrN09-E_14570.mp4 4;8;103;123
wTpRPrN09-E_14571.mp4 4;8;103;123
wTpRPrN09-E_14572.mp4 4;8;99;123
wTpRPrN09-E_14573.mp4 4;8;99;123
wTpRPrN09-E_14574.mp4 1;4;8;99;123
wUz-t2-WmVE_09339.mp4 78;117
wUz-t2-WmVE_09340.mp4 74;117
wZnE2FNfxlM_12529.mp4 1;3;89;120
wZnE2FNfxlM_12530.mp4 1;3;89;120
wZnE2FNfxlM_12531.mp4 1;3;89;120
wZnE2FNfxlM_12532.mp4 3;12;87;120
wZnE2FNfxlM_12533.mp4 1;3;90;120
wZnE2FNfxlM_12534.mp4 1;3;90;120
wZnE2FNfxlM_12535.mp4 1;3;90;120
w_VKyoWAoyQ_02661.mp4 3;4;6;8;12;25;106
w_VKyoWAoyQ_02662.mp4 4;8;12;24;106
w_VKyoWAoyQ_02663.mp4 3;4;8;12;24;106
w_VKyoWAoyQ_02664.mp4 3;4;6;8;12;25;106
w_VKyoWAoyQ_02665.mp4 4;8;12;24;106
w_VKyoWAoyQ_02666.mp4 3;4;6;8;12;25;106
w_VKyoWAoyQ_02667.mp4 3;4;6;8;12;25;106
w_VKyoWAoyQ_02668.mp4 5;8;12;24;106
w_VKyoWAoyQ_02669.mp4 1;3;4;6;8;12;25;106
w_VKyoWAoyQ_02670.mp4 3;4;8;12;24;106
w_VKyoWAoyQ_02671.mp4 0;3;4;6;8;22;106
w_VKyoWAoyQ_02672.mp4 3;4;6;8;12;25;106
w_VKyoWAoyQ_02673.mp4 1;3;4;6;8;12;24;106
w_VKyoWAoyQ_02674.mp4 3;4;6;8;12;22;106
w_VKyoWAoyQ_02675.mp4 3;4;6;8;12;25;106
w_VKyoWAoyQ_02676.mp4 8;12;24;106
w_VKyoWAoyQ_02677.mp4 3;4;6;8;12;25;106
w_VKyoWAoyQ_02678.mp4 3;4;6;8;12;25;106
w_VKyoWAoyQ_02679.mp4 3;4;8;25;106
w_VKyoWAoyQ_02680.mp4 8;12;24;106
waqXUFqTAlI_07686.mp4 1;4;12;40;110
waqXUFqTAlI_07687.mp4 1;3;12;40;110
waqXUFqTAlI_07688.mp4 3;4;12;42;110
waqXUFqTAlI_07689.mp4 3;4;12;42;110
waqXUFqTAlI_07690.mp4 4;12;39;110
waqXUFqTAlI_07691.mp4 1;3;4;12;39;110
waqXUFqTAlI_07692.mp4 1;3;12;40;110
waqXUFqTAlI_07693.mp4 12;42;110
waqXUFqTAlI_07694.mp4 4;12;42;110
waqXUFqTAlI_07695.mp4 3;12;42;110
waqXUFqTAlI_07696.mp4 1;3;4;12;42;110
wcVVXUV0YUY_09245.mp4 3;63;115
wcVVXUV0YUY_09246.mp4 3;63;115
wcVVXUV0YUY_09247.mp4 3;63;115
wcVVXUV0YUY_09248.mp4 3;63;115
wcVVXUV0YUY_09249.mp4 3;63;115
wcVVXUV0YUY_09250.mp4 3;63;115
wcVVXUV0YUY_09251.mp4 61;115
wcVVXUV0YUY_09252.mp4 3;63;115
wcVVXUV0YUY_09253.mp4 3;63;115
wcVVXUV0YUY_09254.mp4 61;115
wcVVXUV0YUY_09255.mp4 3;63;115
wcVVXUV0YUY_09256.mp4 3;63;115
wcVVXUV0YUY_09257.mp4 3;61;115
wcVVXUV0YUY_09258.mp4 3;61;115
wcVVXUV0YUY_09259.mp4 3;12;64;115
wcVVXUV0YUY_09260.mp4 12;64;115
wcVVXUV0YUY_09261.mp4 3;61;115
wcVVXUV0YUY_09262.mp4 3;62;115
wcVVXUV0YUY_09263.mp4 3;62;115
wcVVXUV0YUY_09264.mp4 62;115
wcjOEXdpBBs_13250.mp4 1;85;119
wcjOEXdpBBs_13251.mp4 1;4;85;119
wcjOEXdpBBs_13252.mp4 1;4;84;119
wcjOEXdpBBs_13253.mp4 1;83;119
wcjOEXdpBBs_13254.mp4 85;119
wcjOEXdpBBs_13255.mp4 1;83;119
wcjOEXdpBBs_13256.mp4 1;84;119
wcjOEXdpBBs_13257.mp4 1;83;119
wcjOEXdpBBs_13258.mp4 1;84;119
wcjOEXdpBBs_13259.mp4 1;83;119
wcjOEXdpBBs_13260.mp4 1;84;119
wcjOEXdpBBs_13261.mp4 1;83;119
wcjOEXdpBBs_13262.mp4 1;84;119
wcjOEXdpBBs_13263.mp4 1;85;119
wcjOEXdpBBs_13264.mp4 1;84;119
wcjOEXdpBBs_13265.mp4 85;119
wcjOEXdpBBs_13266.mp4 1;84;119
wcjOEXdpBBs_13267.mp4 1;84;119
wcjOEXdpBBs_13268.mp4 1;83;119
wcjOEXdpBBs_13269.mp4 85;119
wcjOEXdpBBs_13270.mp4 85;119
wcjOEXdpBBs_13271.mp4 1;84;119
wcjOEXdpBBs_13272.mp4 1;83;119
wcjOEXdpBBs_13273.mp4 1;84;119
wcjOEXdpBBs_13274.mp4 1;83;119
wcjOEXdpBBs_13275.mp4 85;119
wcjOEXdpBBs_13276.mp4 1;83;119
wcjOEXdpBBs_13277.mp4 1;83;119
whHworZzpJc_03517.mp4 1;3;4;94;121
whHworZzpJc_03518.mp4 3;12;94;121
whHworZzpJc_03519.mp4 1;3;12;94;121
whHworZzpJc_03520.mp4 1;3;4;94;121
whHworZzpJc_03521.mp4 0;1;3;9;12;94;121
whHworZzpJc_03522.mp4 0;1;3;4;12;94;121
whHworZzpJc_03523.mp4 0;1;3;94;121
whHworZzpJc_03524.mp4 1;3;12;94;121
wqmzwVrkTU4_00845.mp4 1;32;108
wqmzwVrkTU4_00846.mp4 1;3;12;32;108
wqmzwVrkTU4_00847.mp4 12;33;108
wqmzwVrkTU4_00848.mp4 4;12;33;108
wqmzwVrkTU4_00849.mp4 4;12;33;108
wyHCs0zPi7g_12012.mp4 1;2;3;4;5;12;69;116
wyHCs0zPi7g_12013.mp4 1;3;4;5;12;71;116
wyHCs0zPi7g_12014.mp4 3;5;12;71;116
wyHCs0zPi7g_12015.mp4 3;5;12;71;116
x0eilYyliVk_01524.mp4 3;4;6;8;12;25;106
x0eilYyliVk_01525.mp4 3;4;6;8;12;25;106
x0eilYyliVk_01526.mp4 4;8;12;25;106
x0eilYyliVk_01527.mp4 3;4;8;12;22;106
x0eilYyliVk_01528.mp4 3;4;8;12;25;106
x0eilYyliVk_01529.mp4 3;4;8;12;25;106
x0eilYyliVk_01530.mp4 1;3;4;8;12;25;106
x0eilYyliVk_01531.mp4 3;4;8;12;25;106
x0eilYyliVk_01532.mp4 3;4;8;12;25;106
x0eilYyliVk_01533.mp4 3;4;6;8;12;25;106
x0eilYyliVk_01534.mp4 3;4;6;8;12;25;106
x0eilYyliVk_01537.mp4 3;4;8;12;22;106
x0eilYyliVk_01538.mp4 0;1;3;4;8;12;22;106
x0eilYyliVk_01539.mp4 3;4;8;12;22;106
x0eilYyliVk_01540.mp4 3;4;6;8;12;22;106
x517wLvxi0M_08656.mp4 1;3;63;115
x517wLvxi0M_08657.mp4 1;63;115
x517wLvxi0M_08658.mp4 61;115
x517wLvxi0M_08659.mp4 63;115
x517wLvxi0M_08660.mp4 63;115
x517wLvxi0M_08661.mp4 3;63;115
x517wLvxi0M_08662.mp4 61;115
x517wLvxi0M_08663.mp4 3;63;115
x517wLvxi0M_08664.mp4 61;115
x517wLvxi0M_08665.mp4 3;63;115
x517wLvxi0M_08666.mp4 61;115
x517wLvxi0M_08667.mp4 3;63;115
x517wLvxi0M_08668.mp4 3;63;115
x517wLvxi0M_08669.mp4 3;63;115
x517wLvxi0M_08670.mp4 61;115
x517wLvxi0M_08671.mp4 61;115
x517wLvxi0M_08672.mp4 3;61;115
x517wLvxi0M_08673.mp4 1;3;61;115
x517wLvxi0M_08674.mp4 61;115
xC4VpD2FX_8_03552.mp4 1;12;92;121
xDDxlQ2P7Rc_11811.mp4 3;69;116
xDDxlQ2P7Rc_11812.mp4 2;3;9;10;69;116
xDDxlQ2P7Rc_11813.mp4 1;3;72;116
xDDxlQ2P7Rc_11814.mp4 2;3;69;116
xDDxlQ2P7Rc_11815.mp4 1;3;72;116
xDDxlQ2P7Rc_11816.mp4 0;1;2;3;69;116
xDDxlQ2P7Rc_11817.mp4 3;69;116
xEeNhrbrm28_11072.mp4 1;3;4;66;115
xEeNhrbrm28_11073.mp4 1;3;4;65;115
xEeNhrbrm28_11074.mp4 3;4;65;115
xEeNhrbrm28_11075.mp4 1;3;4;66;115
xEeNhrbrm28_11076.mp4 3;4;12;65;115
xFYllIqlr6k_15957.mp4 1;3;4;35;109
xFYllIqlr6k_15958.mp4 1;2;3;4;12;35;109
xK92_3HLjyg_05847.mp4 4;8;99;123
xK92_3HLjyg_05848.mp4 1;4;12;100;123
xK92_3HLjyg_05849.mp4 1;4;12;103;123
xK92_3HLjyg_05850.mp4 4;8;103;123
xK92_3HLjyg_05851.mp4 4;12;103;123
xK92_3HLjyg_05852.mp4 1;3;4;12;100;123
xK92_3HLjyg_05853.mp4 1;4;8;12;99;123
xK92_3HLjyg_05854.mp4 4;8;99;123
xK92_3HLjyg_05855.mp4 4;12;103;123
xK92_3HLjyg_05856.mp4 4;12;103;123
xK92_3HLjyg_05857.mp4 1;3;4;8;100;123
xK92_3HLjyg_05858.mp4 1;4;8;102;123
xK92_3HLjyg_05859.mp4 4;99;123
xK92_3HLjyg_05860.mp4 4;8;99;123
xK92_3HLjyg_05861.mp4 3;4;12;100;123
xK92_3HLjyg_05862.mp4 4;8;102;123
xK92_3HLjyg_05863.mp4 0;3;4;12;103;123
xK92_3HLjyg_05864.mp4 8;103;123
xK92_3HLjyg_05865.mp4 4;8;100;123
xK92_3HLjyg_05866.mp4 3;4;8;12;100;123
xK92_3HLjyg_05867.mp4 1;3;4;12;103;123
xK92_3HLjyg_05868.mp4 1;2;4;12;103;123
xK92_3HLjyg_05869.mp4 3;4;12;100;123
xK92_3HLjyg_05870.mp4 0;3;4;12;103;123
xK92_3HLjyg_05871.mp4 4;8;100;123
xK92_3HLjyg_05872.mp4 1;4;8;12;100;123
xK92_3HLjyg_05873.mp4 1;3;12;101;123
xK92_3HLjyg_05874.mp4 1;3;4;101;123
xK92_3HLjyg_05875.mp4 1;4;8;100;123
xK92_3HLjyg_05876.mp4 1;3;12;101;123
xK92_3HLjyg_05877.mp4 0;1;4;8;102;123
xK92_3HLjyg_05878.mp4 3;12;101;123
xK92_3HLjyg_05879.mp4 1;4;8;102;123
xK92_3HLjyg_05880.mp4 1;4;8;102;123
xK92_3HLjyg_05881.mp4 1;3;12;101;123
xK92_3HLjyg_05882.mp4 1;4;8;102;123
xLdOlqsJXmc_07642.mp4 1;3;4;12;40;110
xLdOlqsJXmc_07643.mp4 1;3;4;12;40;110
xLdOlqsJXmc_07644.mp4 3;4;40;110
xNtphQGuef4_00608.mp4 1;4;8;97;122
xNtphQGuef4_00609.mp4 8;12;97;122
xNtphQGuef4_00610.mp4 4;8;95;122
xNtphQGuef4_00611.mp4 4;8;12;95;122
xNtphQGuef4_00612.mp4 1;3;4;8;12;95;122
xNtphQGuef4_00613.mp4 1;4;6;8;95;122
xNtphQGuef4_00614.mp4 1;3;4;8;12;95;122
xNtphQGuef4_00615.mp4 2;4;8;95;122
xNtphQGuef4_00616.mp4 3;8;95;122
xNtphQGuef4_00617.mp4 1;3;4;8;12;95;122
xNtphQGuef4_00618.mp4 4;8;95;122
xNtphQGuef4_00619.mp4 1;4;8;95;122
xNtphQGuef4_00620.mp4 3;4;8;97;122
xNtphQGuef4_00621.mp4 8;96;122
xNtphQGuef4_00622.mp4 3;4;8;96;122
xNtphQGuef4_00623.mp4 4;8;96;122
xNtphQGuef4_00624.mp4 1;8;96;122
xNtphQGuef4_00625.mp4 3;8;96;122
xNtphQGuef4_00626.mp4 3;4;8;12;97;122
xNtphQGuef4_00627.mp4 4;8;12;96;122
xNtphQGuef4_00628.mp4 3;4;8;12;96;122
xNtphQGuef4_00629.mp4 3;4;8;12;97;122
xNtphQGuef4_00630.mp4 4;8;12;97;122
xNtphQGuef4_00631.mp4 4;8;97;122
xNtphQGuef4_00632.mp4 8;12;97;122
xNtphQGuef4_00633.mp4 4;8;12;96;122
xNtphQGuef4_00634.mp4 3;4;8;12;96;122
xNtphQGuef4_00635.mp4 4;8;12;96;122
xNtphQGuef4_00636.mp4 3;8;97;122
xNtphQGuef4_00637.mp4 4;8;97;122
xRwOqfav1IM_04350.mp4 1;4;8;59;114
xRwOqfav1IM_04351.mp4 2;4;6;8;12;58;114
xRwOqfav1IM_04352.mp4 3;6;8;12;58;114
xRwOqfav1IM_04353.mp4 6;8;12;58;114
xRwOqfav1IM_04354.mp4 2;3;4;8;12;59;114
xRwOqfav1IM_04355.mp4 3;8;12;58;114
xRwOqfav1IM_04356.mp4 1;3;4;6;8;59;114
xRwOqfav1IM_04357.mp4 3;8;12;58;114
xRwOqfav1IM_04358.mp4 4;6;8;58;114
xRwOqfav1IM_04359.mp4 1;2;3;4;8;58;114
xRwOqfav1IM_04360.mp4 3;12;58;114
xRwOqfav1IM_04361.mp4 8;12;58;114
xhTuJCZN0UE_04955.mp4 1;3;4;5;13;104
xhTuJCZN0UE_04956.mp4 1;3;4;5;12;13;104
xhTuJCZN0UE_04957.mp4 3;4;12;15;104
xhTuJCZN0UE_04958.mp4 3;14;104
xhTuJCZN0UE_04959.mp4 3;14;104
xmVODjBYWu8_12030.mp4 1;3;4;73;116
xmVODjBYWu8_12031.mp4 1;2;3;69;116
xmVODjBYWu8_12032.mp4 1;3;70;116
xnMf8J6UFZs_11004.mp4 1;3;4;102;123
xnMf8J6UFZs_11005.mp4 1;3;4;102;123
xnMf8J6UFZs_11006.mp4 1;3;4;12;102;123
xnMf8J6UFZs_11007.mp4 1;3;4;8;102;123
xnMf8J6UFZs_11008.mp4 1;3;4;102;123
xnMf8J6UFZs_11009.mp4 1;3;4;8;12;102;123
xnMf8J6UFZs_11010.mp4 1;3;4;12;102;123
xnMf8J6UFZs_11011.mp4 1;3;4;8;102;123
xofvD4LbCzM_10382.mp4 1;3;4;8;12;56;113
xofvD4LbCzM_10383.mp4 1;3;4;12;56;113
xofvD4LbCzM_10384.mp4 4;8;12;54;113
xofvD4LbCzM_10385.mp4 1;3;4;8;12;56;113
xofvD4LbCzM_10386.mp4 1;3;4;12;56;113
xofvD4LbCzM_10387.mp4 1;3;4;12;54;113
xofvD4LbCzM_10388.mp4 0;1;2;3;4;12;56;113
xofvD4LbCzM_10389.mp4 1;3;4;12;54;113
xofvD4LbCzM_10390.mp4 1;3;4;12;54;113
xofvD4LbCzM_10391.mp4 1;3;4;12;54;113
xofvD4LbCzM_10392.mp4 4;12;54;113
xofvD4LbCzM_10393.mp4 12;54;113
xofvD4LbCzM_10394.mp4 3;12;56;113
xofvD4LbCzM_10395.mp4 1;3;4;12;54;113
xofvD4LbCzM_10396.mp4 0;3;4;12;54;113
xofvD4LbCzM_10397.mp4 0;1;3;4;12;54;113
xofvD4LbCzM_10398.mp4 1;3;12;56;113
xofvD4LbCzM_10399.mp4 1;3;4;12;56;113
xofvD4LbCzM_10400.mp4 1;3;4;8;12;56;113
xofvD4LbCzM_10401.mp4 2;3;12;56;113
xsbfp3dSQR0_10721.mp4 1;3;50;112
xsbfp3dSQR0_10722.mp4 1;3;51;112
xsbfp3dSQR0_10723.mp4 1;3;50;112
xsbfp3dSQR0_10724.mp4 1;3;51;112
xsbfp3dSQR0_10725.mp4 1;3;50;112
xsbfp3dSQR0_10726.mp4 1;3;51;112
xsbfp3dSQR0_10727.mp4 1;3;50;112
xsbfp3dSQR0_10728.mp4 1;3;51;112
xsbfp3dSQR0_10729.mp4 1;3;50;112
xsbfp3dSQR0_10730.mp4 1;3;4;51;112
xsbfp3dSQR0_10731.mp4 1;3;50;112
xsbfp3dSQR0_10732.mp4 1;3;51;112
xsbfp3dSQR0_10733.mp4 1;3;4;50;112
xsbfp3dSQR0_10734.mp4 1;3;51;112
xsbfp3dSQR0_10735.mp4 1;3;12;50;112
xsbfp3dSQR0_10736.mp4 3;51;112
xsbfp3dSQR0_10737.mp4 1;3;50;112
xsbfp3dSQR0_10738.mp4 1;3;4;51;112
xsbfp3dSQR0_10739.mp4 1;3;12;50;112
xsbfp3dSQR0_10740.mp4 1;3;51;112
y3l3r9WDgiQ_05023.mp4 1;3;4;5;13;104
y3l3r9WDgiQ_05024.mp4 1;3;4;15;104
y3l3r9WDgiQ_05025.mp4 1;3;4;5;12;13;104
y6GNrpcXtqM_02744.mp4 3;19;105
y6GNrpcXtqM_02745.mp4 1;2;4;19;105
y6GNrpcXtqM_02746.mp4 1;4;12;17;105
y6GNrpcXtqM_02750.mp4 1;19;105
y6GNrpcXtqM_02751.mp4 17;105
y6GNrpcXtqM_02752.mp4 1;17;105
y6GNrpcXtqM_02753.mp4 1;3;17;105
y6GNrpcXtqM_02754.mp4 1;17;105
y6GNrpcXtqM_02755.mp4 1;3;4;17;105
y6GNrpcXtqM_02756.mp4 18;105
y6GNrpcXtqM_02757.mp4 4;18;105
y6GNrpcXtqM_02758.mp4 1;3;4;21;105
yII0Ra58lHo_12653.mp4 1;3;12;88;120
yII0Ra58lHo_12654.mp4 3;90;120
yII0Ra58lHo_12655.mp4 3;4;90;120
yII0Ra58lHo_12656.mp4 1;90;120
yKioW3LWz7w_12561.mp4 1;3;12;88;120
yKioW3LWz7w_12562.mp4 3;90;120
yKioW3LWz7w_12563.mp4 1;3;90;120
yKioW3LWz7w_12564.mp4 1;3;89;120
yKioW3LWz7w_12565.mp4 1;3;89;120
yKioW3LWz7w_12566.mp4 1;3;90;120
yKioW3LWz7w_12567.mp4 3;89;120
yKioW3LWz7w_12568.mp4 3;90;120
yKioW3LWz7w_12569.mp4 1;3;89;120
yKioW3LWz7w_12570.mp4 1;3;4;89;120
yKioW3LWz7w_12571.mp4 1;3;90;120
yKioW3LWz7w_12572.mp4 1;3;89;120
yKioW3LWz7w_12573.mp4 1;3;90;120
yKioW3LWz7w_12574.mp4 1;3;89;120
yKioW3LWz7w_12575.mp4 1;3;4;12;87;120
yUlBzLFGP3Y_05007.mp4 1;3;4;5;12;13;104
yUlBzLFGP3Y_05008.mp4 1;3;4;12;13;104
yUlBzLFGP3Y_05009.mp4 1;3;4;12;13;104
yUlBzLFGP3Y_05010.mp4 3;4;15;104
yUlBzLFGP3Y_05011.mp4 1;3;4;14;104
yUlBzLFGP3Y_05012.mp4 1;3;14;104
yUlBzLFGP3Y_05013.mp4 3;14;104
yUlBzLFGP3Y_05014.mp4 3;14;104
yUlBzLFGP3Y_05015.mp4 3;5;14;104
yUlBzLFGP3Y_05016.mp4 3;14;104
yUlBzLFGP3Y_05017.mp4 3;14;104
yUlBzLFGP3Y_05018.mp4 1;3;14;104
yUlBzLFGP3Y_05019.mp4 1;3;14;104
yUlBzLFGP3Y_05020.mp4 3;14;104
yeqK_xkJnp4_01221.mp4 3;4;6;8;12;25;106
yeqK_xkJnp4_01222.mp4 3;4;6;8;12;25;106
yeqK_xkJnp4_01223.mp4 0;1;3;4;6;8;12;25;106
yeqK_xkJnp4_01224.mp4 1;3;4;6;8;12;25;106
yeqK_xkJnp4_01225.mp4 3;4;8;12;22;106
yeqK_xkJnp4_01226.mp4 3;4;6;8;12;25;106
yeqK_xkJnp4_01227.mp4 3;4;12;25;106
yeqK_xkJnp4_01228.mp4 1;3;4;6;8;12;25;106
yeqK_xkJnp4_01229.mp4 1;3;4;6;8;12;25;106
yeqK_xkJnp4_01230.mp4 1;3;4;6;8;12;25;106
yeqK_xkJnp4_01231.mp4 4;6;8;25;106
yeqK_xkJnp4_01232.mp4 1;4;5;12;24;106
ym_hv20H2rE_04212.mp4 74;117
ym_hv20H2rE_04213.mp4 1;74;117
ym_hv20H2rE_04214.mp4 74;117
ynxyv3YKeg4_13565.mp4 1;83;119
ynxyv3YKeg4_13566.mp4 1;12;86;119
ynxyv3YKeg4_13567.mp4 4;12;83;119
ynxyv3YKeg4_13568.mp4 1;3;4;12;86;119
ynxyv3YKeg4_13569.mp4 1;3;4;12;83;119
ynxyv3YKeg4_13570.mp4 1;12;86;119
ynxyv3YKeg4_13571.mp4 1;3;4;12;83;119
ynxyv3YKeg4_13572.mp4 1;3;4;85;119
ynxyv3YKeg4_13573.mp4 1;4;12;83;119
ynxyv3YKeg4_13574.mp4 1;4;12;86;119
ynxyv3YKeg4_13575.mp4 1;3;12;83;119
ynxyv3YKeg4_13576.mp4 1;3;4;12;86;119
ynxyv3YKeg4_13577.mp4 1;4;12;83;119
ynxyv3YKeg4_13578.mp4 1;3;4;12;83;119
ynxyv3YKeg4_13579.mp4 3;4;12;86;119
ynxyv3YKeg4_13580.mp4 1;3;4;12;83;119
ynxyv3YKeg4_13581.mp4 1;3;4;12;83;119
ynxyv3YKeg4_13582.mp4 1;4;86;119
ynxyv3YKeg4_13583.mp4 1;3;4;85;119
ynxyv3YKeg4_13584.mp4 3;86;119
yysNXF6B5ZM_08640.mp4 1;12;65;115
yysNXF6B5ZM_08641.mp4 12;65;115
yysNXF6B5ZM_08642.mp4 1;3;4;12;65;115
yysNXF6B5ZM_08643.mp4 1;3;12;64;115
yysNXF6B5ZM_08644.mp4 3;64;115
yysNXF6B5ZM_08645.mp4 1;3;64;115
yysNXF6B5ZM_08646.mp4 3;64;115
yysNXF6B5ZM_08647.mp4 3;64;115
yysNXF6B5ZM_08648.mp4 3;64;115
yysNXF6B5ZM_08649.mp4 3;64;115
yysNXF6B5ZM_08650.mp4 3;64;115
yysNXF6B5ZM_08651.mp4 1;3;12;65;115
z5vGtfVEhY8_12726.mp4 3;12;88;120
z5vGtfVEhY8_12727.mp4 3;90;120
z5vGtfVEhY8_12728.mp4 1;3;90;120
z5vGtfVEhY8_12729.mp4 1;3;12;87;120
z8lYjL2C62I_04784.mp4 4;6;8;12;58;114
z8lYjL2C62I_04785.mp4 3;6;8;12;58;114
z8lYjL2C62I_04786.mp4 3;6;8;58;114
z8lYjL2C62I_04787.mp4 3;4;6;8;12;59;114
z8lYjL2C62I_04788.mp4 3;4;8;12;59;114
z8lYjL2C62I_04789.mp4 6;8;58;114
z8lYjL2C62I_04790.mp4 3;4;6;8;12;58;114
z8lYjL2C62I_04791.mp4 3;6;8;58;114
z8lYjL2C62I_04792.mp4 8;12;58;114
z8lYjL2C62I_04793.mp4 1;6;8;12;58;114
z8lYjL2C62I_04794.mp4 6;8;12;58;114
z8lYjL2C62I_04795.mp4 6;8;12;58;114
z8lYjL2C62I_04796.mp4 1;8;12;59;114
z9Y6-FcVrew_11925.mp4 1;3;72;116
z9Y6-FcVrew_11926.mp4 1;3;4;69;116
z9Y6-FcVrew_11927.mp4 1;2;3;4;69;116
zLg3cnNY4mg_07263.mp4 4;8;12;96;122
zLg3cnNY4mg_07264.mp4 8;95;122
zLg3cnNY4mg_07265.mp4 4;8;12;96;122
zLg3cnNY4mg_07266.mp4 0;3;4;8;12;95;122
zLg3cnNY4mg_07267.mp4 4;6;8;12;95;122
zLg3cnNY4mg_07268.mp4 8;96;122
zLg3cnNY4mg_07269.mp4 3;4;8;96;122
zLg3cnNY4mg_07270.mp4 3;4;8;12;96;122
zLg3cnNY4mg_07271.mp4 1;3;4;8;12;95;122
zLg3cnNY4mg_07272.mp4 4;8;12;96;122
zLg3cnNY4mg_07273.mp4 1;3;4;8;12;96;122
zLg3cnNY4mg_07274.mp4 1;3;4;8;12;98;122
zLg3cnNY4mg_07275.mp4 4;8;12;96;122
zLg3cnNY4mg_07276.mp4 3;4;8;12;96;122
zLg3cnNY4mg_07277.mp4 4;6;8;12;96;122
zLg3cnNY4mg_07278.mp4 4;8;95;122
zLg3cnNY4mg_07279.mp4 8;95;122
zLg3cnNY4mg_07280.mp4 3;8;12;98;122
zLg3cnNY4mg_07281.mp4 3;8;12;98;122
zLg3cnNY4mg_07282.mp4 3;4;8;12;97;122
zLg3cnNY4mg_07283.mp4 3;4;8;97;122
zLg3cnNY4mg_07284.mp4 3;4;8;12;95;122
zLg3cnNY4mg_07285.mp4 4;12;98;122
zLg3cnNY4mg_07286.mp4 1;2;3;4;5;8;12;98;122
zLg3cnNY4mg_07287.mp4 3;4;8;12;95;122
zSt1gSACGgY_00559.mp4 1;4;12;82;118
zSt1gSACGgY_00560.mp4 3;4;80;118
zSt1gSACGgY_00561.mp4 1;4;80;118
zSt1gSACGgY_00562.mp4 1;12;82;118
zSt1gSACGgY_00563.mp4 1;12;82;118
zSt1gSACGgY_00564.mp4 1;4;12;82;118
zSt1gSACGgY_00565.mp4 1;12;82;118
zSt1gSACGgY_00566.mp4 1;4;12;81;118
zSt1gSACGgY_00567.mp4 1;3;4;80;118
zSt1gSACGgY_00569.mp4 1;12;81;118
zSt1gSACGgY_00570.mp4 1;12;81;118
zSt1gSACGgY_00571.mp4 1;4;12;81;118
zSt1gSACGgY_00572.mp4 1;12;81;118
zSt1gSACGgY_00573.mp4 1;12;81;118
zW7oSfjKvxo_07066.mp4 0;3;12;96;122
zW7oSfjKvxo_07067.mp4 4;8;96;122
zW7oSfjKvxo_07068.mp4 1;3;4;8;12;98;122
zW7oSfjKvxo_07069.mp4 4;8;12;96;122
zW7oSfjKvxo_07070.mp4 3;4;8;12;96;122
zW7oSfjKvxo_07071.mp4 4;8;96;122
zW7oSfjKvxo_07072.mp4 8;96;122
zW7oSfjKvxo_07075.mp4 8;96;122
zW7oSfjKvxo_07077.mp4 3;8;12;95;122
zW7oSfjKvxo_07078.mp4 1;8;98;122
zW7oSfjKvxo_07079.mp4 3;4;8;12;95;122
zW7oSfjKvxo_07080.mp4 8;10;95;122
zW7oSfjKvxo_07081.mp4 1;3;4;12;98;122
zW7oSfjKvxo_07082.mp4 3;5;98;122
zXTwGuxcoMc_14575.mp4 1;3;4;8;102;123
zXTwGuxcoMc_14576.mp4 1;3;4;8;100;123
zXTwGuxcoMc_14577.mp4 1;3;4;12;100;123
zXTwGuxcoMc_14578.mp4 1;4;8;100;123
zXTwGuxcoMc_14579.mp4 4;8;100;123
zXTwGuxcoMc_14580.mp4 1;3;4;8;100;123
zXTwGuxcoMc_14581.mp4 4;8;12;103;123
zXTwGuxcoMc_14582.mp4 1;3;4;12;100;123
zXTwGuxcoMc_14583.mp4 1;4;8;100;123
zXTwGuxcoMc_14584.mp4 1;3;4;12;100;123
zXTwGuxcoMc_14585.mp4 1;4;12;100;123
zXTwGuxcoMc_14586.mp4 1;4;8;100;123
zXTwGuxcoMc_14587.mp4 1;4;8;103;123
zXTwGuxcoMc_14588.mp4 1;4;8;12;103;123
zXTwGuxcoMc_14589.mp4 1;4;8;103;123
zXTwGuxcoMc_14590.mp4 1;4;8;103;123
zXTwGuxcoMc_14591.mp4 4;8;99;123
zXTwGuxcoMc_14592.mp4 4;8;99;123
zXTwGuxcoMc_14593.mp4 3;4;12;103;123
zXTwGuxcoMc_14594.mp4 1;4;12;103;123
zXTwGuxcoMc_14595.mp4 4;8;102;123
zXTwGuxcoMc_14596.mp4 1;4;8;103;123
zXTwGuxcoMc_14597.mp4 1;4;8;12;102;123
zXTwGuxcoMc_14598.mp4 1;3;4;8;103;123
zXTwGuxcoMc_14599.mp4 1;4;8;102;123
zXTwGuxcoMc_14600.mp4 1;4;8;103;123
zXTwGuxcoMc_14601.mp4 1;3;4;8;102;123
zXTwGuxcoMc_14602.mp4 1;3;4;8;12;102;123
zXTwGuxcoMc_14603.mp4 1;4;8;12;99;123
zXTwGuxcoMc_14604.mp4 4;8;102;123
zXTwGuxcoMc_14605.mp4 4;8;99;123
zXTwGuxcoMc_14606.mp4 4;12;99;123
zXTwGuxcoMc_14607.mp4 4;8;102;123
zXTwGuxcoMc_14608.mp4 1;4;8;102;123
zXTwGuxcoMc_14609.mp4 4;8;102;123
zXTwGuxcoMc_14610.mp4 4;8;12;99;123
zXTwGuxcoMc_14611.mp4 1;3;4;12;99;123
zXTwGuxcoMc_14612.mp4 4;8;99;123
zXTwGuxcoMc_14613.mp4 1;4;12;99;123
zXTwGuxcoMc_14614.mp4 4;8;99;123
zb4ee7d36Cg_07798.mp4 1;3;4;40;110
zb4ee7d36Cg_07799.mp4 1;3;43;110
zb4ee7d36Cg_07800.mp4 1;3;4;41;110
zb4ee7d36Cg_07801.mp4 1;4;41;110
zb4ee7d36Cg_07802.mp4 1;3;4;41;110
zb4ee7d36Cg_07803.mp4 1;3;4;41;110
zb4ee7d36Cg_07804.mp4 1;3;40;110
zb4ee7d36Cg_07805.mp4 1;4;41;110
zb4ee7d36Cg_07806.mp4 1;3;4;40;110
zb4ee7d36Cg_07807.mp4 1;3;4;12;40;110
zbZk1V5rUR8_00307.mp4 1;3;50;112
zbZk1V5rUR8_00308.mp4 3;51;112
zbZk1V5rUR8_00309.mp4 1;3;51;112
zbZk1V5rUR8_00310.mp4 1;3;4;51;112
ziQA-Z18osk_04903.mp4 1;4;5;12;13;104
zlLu6FipgUs_13673.mp4 1;3;4;83;119
zlLu6FipgUs_13674.mp4 1;3;83;119
zlLu6FipgUs_13675.mp4 1;3;12;83;119
ztZaq45dwcY_02711.mp4 1;4;12;19;105
ztZaq45dwcY_02712.mp4 19;105
ztZaq45dwcY_02713.mp4 1;3;4;12;19;105
ztZaq45dwcY_02714.mp4 0;1;3;4;12;19;105
ztZaq45dwcY_02716.mp4 1;3;12;19;105
ztZaq45dwcY_02717.mp4 1;3;4;12;19;105
ztZaq45dwcY_02718.mp4 1;3;19;105
ztZaq45dwcY_02719.mp4 1;3;4;19;105
ztZaq45dwcY_02720.mp4 1;4;19;105
zvhNpfYWbfw_08130.mp4 1;3;12;61;115
zvhNpfYWbfw_08131.mp4 1;3;4;62;115
zvhNpfYWbfw_08132.mp4 1;3;12;65;115
zvhNpfYWbfw_08133.mp4 3;62;115
zvhNpfYWbfw_08134.mp4 1;3;65;115
zvhNpfYWbfw_08135.mp4 1;3;62;115
zwJGxWOXlYY_14368.mp4 3;12;102;123
zwJGxWOXlYY_14369.mp4 1;12;102;123
zwJGxWOXlYY_14371.mp4 1;3;4;12;102;123
zwJGxWOXlYY_14372.mp4 3;12;102;123
zzbljACpR-Q_09487.mp4 8;12;22;106
zzbljACpR-Q_09488.mp4 3;4;8;12;24;106
zzbljACpR-Q_09489.mp4 3;4;6;8;22;106
zzbljACpR-Q_09490.mp4 2;12;24;106
zzbljACpR-Q_09491.mp4 6;8;22;106
zzbljACpR-Q_09492.mp4 3;5;12;24;106
zzbljACpR-Q_09493.mp4 4;6;8;12;22;106
zzbljACpR-Q_09494.mp4 4;6;8;12;22;106
zzbljACpR-Q_09495.mp4 0;3;12;24;106
zzbljACpR-Q_09496.mp4 3;4;6;8;22;106
zzbljACpR-Q_09497.mp4 3;5;6;12;24;106
zzbljACpR-Q_09498.mp4 0;2;12;24;106
zzbljACpR-Q_09499.mp4 1;3;6;8;22;106
zzbljACpR-Q_09500.mp4 3;12;24;106
zzbljACpR-Q_09501.mp4 3;6;8;12;22;106
zzbljACpR-Q_09502.mp4 6;8;12;22;106
zzbljACpR-Q_09503.mp4 12;24;106
zzbljACpR-Q_09504.mp4 1;4;6;8;22;106
zzbljACpR-Q_09505.mp4 1;12;24;106
zzbljACpR-Q_09506.mp4 3;12;24;106
