-49z-lj8eYQ_04016 150 4 6 8 22 106
-49z-lj8eYQ_04017 210 3 4 6 8 12 22 106
-49z-lj8eYQ_04018 210 3 4 8 12 25 106
-49z-lj8eYQ_04019 120 1 3 4 6 8 22 106
-49z-lj8eYQ_04020 210 4 8 22 106
-49z-lj8eYQ_04021 210 4 6 8 22 106
-49z-lj8eYQ_04022 120 1 4 8 22 106
-49z-lj8eYQ_04023 510 3 4 6 8 12 25 106
-49z-lj8eYQ_04025 180 4 8 22 106
-49z-lj8eYQ_04026 180 3 4 6 8 12 22 106
-49z-lj8eYQ_04027 300 3 4 6 8 12 25 106
-49z-lj8eYQ_04028 240 1 4 6 8 25 106
-49z-lj8eYQ_04029 150 3 4 8 12 25 106
-49z-lj8eYQ_04030 90 3 4 6 8 25 106
-50j97YPM6I_12736 270 1 3 4 12 88 120
-50j97YPM6I_12737 300 3 90 120
-50j97YPM6I_12738 90 3 89 120
-50j97YPM6I_12739 150 1 3 12 90 120
-50j97YPM6I_12740 150 3 90 120
-50j97YPM6I_12741 90 1 3 89 120
-50j97YPM6I_12742 90 3 90 120
-50j97YPM6I_12743 720 1 3 90 120
-50j97YPM6I_12744 180 1 3 4 12 89 120
-50j97YPM6I_12745 780 3 90 120
-50j97YPM6I_12746 150 3 4 12 87 120
-50j97YPM6I_12747 90 1 3 4 12 88 120
-50j97YPM6I_12748 90 1 3 90 120
-50j97YPM6I_12749 90 1 3 89 120
-50j97YPM6I_12750 120 1 4 89 120
-50j97YPM6I_12751 300 1 3 4 90 120
-50j97YPM6I_12752 90 1 3 12 89 120
-50j97YPM6I_12753 120 1 3 4 89 120
-50j97YPM6I_12754 120 1 3 89 120
-50j97YPM6I_12755 90 1 3 89 120
-50j97YPM6I_12756 90 1 3 89 120
-50j97YPM6I_12757 150 1 3 4 12 87 120
-8ulhNOuce8_14887 240 4 12 102 123
-8ulhNOuce8_14888 180 3 4 8 102 123
-8ulhNOuce8_14889 90 1 4 8 100 123
-8ulhNOuce8_14890 90 4 8 103 123
-8ulhNOuce8_14891 270 1 4 8 102 123
-8ulhNOuce8_14892 120 4 8 102 123
-8ulhNOuce8_14893 150 1 10 12 101 123
-8ulhNOuce8_14894 120 4 8 102 123
-8ulhNOuce8_14895 90 4 8 100 123
-8ulhNOuce8_14896 90 4 8 102 123
-8ulhNOuce8_14897 90 1 4 8 100 123
-8ulhNOuce8_14898 210 4 8 102 123
-8ulhNOuce8_14900 120 3 11 12 101 123
-8ulhNOuce8_14901 90 4 8 102 123
-8ulhNOuce8_14902 120 4 8 102 123
-8ulhNOuce8_14903 90 4 8 101 123
-8ulhNOuce8_14904 180 1 4 8 12 102 123
-8ulhNOuce8_14905 90 4 8 101 123
-8wSNRbuU1Y_13469 630 1 3 4 12 86 119
-8wSNRbuU1Y_13470 89 1 3 85 119
-8wSNRbuU1Y_13471 89 3 86 119
-8wSNRbuU1Y_13472 359 1 3 4 85 119
-8wSNRbuU1Y_13473 180 3 85 119
-8wSNRbuU1Y_13474 899 1 3 85 119
-8wSNRbuU1Y_13475 359 1 3 85 119
-8wSNRbuU1Y_13476 900 1 3 4 85 119
-8wSNRbuU1Y_13477 899 1 3 85 119
-8wSNRbuU1Y_13478 899 1 3 85 119
-8wSNRbuU1Y_13479 449 1 3 85 119
-8wSNRbuU1Y_13480 120 1 3 86 119
-8wSNRbuU1Y_13481 360 1 3 85 119
-8wSNRbuU1Y_13482 269 1 3 86 119
-8wSNRbuU1Y_13483 900 1 3 83 119
-8wSNRbuU1Y_13484 900 1 4 12 83 119
-8wSNRbuU1Y_13485 900 1 3 4 83 119
-8wSNRbuU1Y_13486 150 1 3 4 83 119
-8wSNRbuU1Y_13487 420 1 3 86 119
-8wSNRbuU1Y_13488 779 1 3 4 83 119
-8wSNRbuU1Y_13489 479 1 3 4 86 119
-8wSNRbuU1Y_13490 900 1 3 4 12 83 119
-8wSNRbuU1Y_13491 450 1 4 12 83 119
-8wSNRbuU1Y_13492 180 1 3 4 86 119
-8wSNRbuU1Y_13493 569 1 83 119
-8wSNRbuU1Y_13494 900 1 3 4 12 83 119
-8wSNRbuU1Y_13495 900 1 3 4 83 119
-O7UL4yJs0o_09971 210 1 3 4 12 56 113
-PurjpCVvOs_08493 900 1 3 12 65 115
-PurjpCVvOs_08494 900 3 12 65 115
-PurjpCVvOs_08495 900 1 3 65 115
-PurjpCVvOs_08496 900 1 3 65 115
-PurjpCVvOs_08497 210 3 65 115
-PurjpCVvOs_08498 900 1 3 65 115
-PurjpCVvOs_08499 270 1 3 65 115
-PurjpCVvOs_08500 900 1 3 12 65 115
-PurjpCVvOs_08501 900 1 3 4 65 115
-PurjpCVvOs_08502 900 1 3 65 115
-TEIPVDYq-E_01573 210 0 3 4 6 8 22 106
-TEIPVDYq-E_01574 90 3 6 12 22 106
-TEIPVDYq-E_01575 120 3 8 12 24 106
-TEIPVDYq-E_01576 180 3 4 8 12 22 106
-TEIPVDYq-E_01577 90 3 4 8 12 22 106
-TEIPVDYq-E_01578 180 3 4 6 8 12 25 106
-TEIPVDYq-E_01579 150 3 4 12 22 106
-TEIPVDYq-E_01580 270 3 4 6 8 12 25 106
-TEIPVDYq-E_01581 270 1 3 4 6 8 12 25 106
-TEIPVDYq-E_01582 90 1 3 4 6 8 12 25 106
-TEIPVDYq-E_01583 360 3 4 6 8 12 22 106
-TEIPVDYq-E_01584 150 3 4 8 12 22 106
-TEIPVDYq-E_01585 120 4 6 8 12 22 106
-TEIPVDYq-E_01586 300 1 3 4 6 8 25 106
-TEIPVDYq-E_01587 300 3 4 8 12 22 106
-TEIPVDYq-E_01588 90 1 4 6 8 12 22 106
-TEIPVDYq-E_01589 120 4 8 25 106
-Y3MAigvOco_04011 150 1 3 4 12 92 121
-Y3MAigvOco_04012 90 1 12 92 121
-Y3MAigvOco_04013 90 1 3 12 92 121
-Y3MAigvOco_04014 90 3 12 92 121
-Y3MAigvOco_04015 150 1 12 92 121
-Ygnt10Qh80_09418 120 1 3 4 8 12 55 113
-Ygnt10Qh80_09419 180 1 3 4 12 54 113
-Ygnt10Qh80_09420 810 1 3 4 12 56 113
-Ygnt10Qh80_09421 900 1 3 12 56 113
-Ygnt10Qh80_09422 870 12 56 113
-aE7Cy-AI78_00638 210 1 3 12 19 105
-aE7Cy-AI78_00639 210 1 3 19 105
-bx4h0MIKN8_12879 450 1 4 12 54 113
-bx4h0MIKN8_12880 300 1 3 4 12 54 113
-bx4h0MIKN8_12881 630 3 4 12 54 113
-bx4h0MIKN8_12883 300 1 3 4 12 56 113
-g6Q5dAmAoU_04367 210 3 4 6 8 12 59 114
-g6Q5dAmAoU_04368 210 3 4 6 8 59 114
-jFpQLJgJ2E_10414 120 1 3 4 54 113
-jFpQLJgJ2E_10415 180 3 12 57 113
-jFpQLJgJ2E_10416 480 1 3 4 12 56 113
-jFpQLJgJ2E_10417 90 3 56 113
-jFpQLJgJ2E_10418 150 1 2 3 4 12 54 113
-jFpQLJgJ2E_10419 900 0 1 2 3 4 12 56 113
-jFpQLJgJ2E_10420 450 0 1 3 4 12 56 113
-jFpQLJgJ2E_10421 420 2 3 12 56 113
-jFpQLJgJ2E_10422 390 1 2 3 4 12 56 113
-jFpQLJgJ2E_10423 120 1 3 4 54 113
-jFpQLJgJ2E_10424 120 0 1 3 12 54 113
-jFpQLJgJ2E_10425 330 3 12 57 113
-jFpQLJgJ2E_10426 180 3 4 12 54 113
-jFpQLJgJ2E_10427 420 1 56 113
-jxVhD4RSNc_11928 630 1 2 3 4 5 12 69 116
-jxVhD4RSNc_11929 119 2 3 5 71 116
-jxVhD4RSNc_11930 90 1 3 70 116
-qHfu6YD-MI_05051 690 1 3 4 12 13 104
-qHfu6YD-MI_05052 90 3 12 15 104
-qNB_SjoXQ0_01137 150 1 4 8 25 106
-qNB_SjoXQ0_01138 150 3 4 6 8 12 25 106
-qNB_SjoXQ0_01139 150 1 3 4 8 12 25 106
-qNB_SjoXQ0_01140 89 3 4 8 12 25 106
-qNB_SjoXQ0_01141 150 4 8 12 22 106
-qNB_SjoXQ0_01142 90 3 4 6 8 12 25 106
-qNB_SjoXQ0_01143 180 3 4 8 12 25 106
-qNB_SjoXQ0_01144 89 3 4 6 8 12 25 106
-qNB_SjoXQ0_01145 89 3 4 8 12 25 106
-qNB_SjoXQ0_01146 90 1 3 4 8 12 25 106
-qNB_SjoXQ0_01147 180 1 3 4 6 8 12 25 106
-qNB_SjoXQ0_01148 90 1 3 4 8 12 22 106
-qNB_SjoXQ0_01149 89 3 4 5 12 24 106
-qNB_SjoXQ0_01150 150 3 4 8 12 22 106
-qNB_SjoXQ0_01151 89 24 106
-qNB_SjoXQ0_01152 149 1 2 3 4 12 24 106
-qNB_SjoXQ0_01153 120 3 4 8 12 22 106
-qNB_SjoXQ0_01154 89 4 8 12 22 106
-qNB_SjoXQ0_01155 89 3 4 8 12 23 106
-qNB_SjoXQ0_01156 90 3 5 24 106
-qNB_SjoXQ0_01157 90 4 8 12 22 106
-qNB_SjoXQ0_01158 89 3 4 12 23 106
-qNB_SjoXQ0_01159 179 1 3 12 24 106
-qNB_SjoXQ0_01160 89 3 4 8 23 106
-qNB_SjoXQ0_01161 90 12 23 106
-tlhiCdQe1Y_05169 300 3 4 5 12 13 104
-tlhiCdQe1Y_05170 90 3 15 104
-zGKPTMlR64_14114 240 1 3 4 83 119
-zGKPTMlR64_14115 210 1 3 4 83 119
-zGKPTMlR64_14116 300 1 3 83 119
-zGKPTMlR64_14117 720 1 3 83 119
-zGKPTMlR64_14118 600 1 3 4 12 86 119
-zGKPTMlR64_14119 420 1 85 119
-zGKPTMlR64_14120 270 1 4 12 86 119
-zGKPTMlR64_14121 150 1 3 4 86 119
-zGKPTMlR64_14122 180 1 3 4 86 119
-zGKPTMlR64_14123 240 1 3 83 119
04jZu3AZzFo_00321 120 3 74 117
04jZu3AZzFo_00322 120 74 117
09AMBU0QvY8_00761 150 1 4 34 108
09AMBU0QvY8_00762 180 1 4 34 108
09AMBU0QvY8_00763 240 4 34 108
09AMBU0QvY8_00764 120 4 34 108
09AMBU0QvY8_00765 300 4 34 108
09AMBU0QvY8_00766 150 1 4 34 108
09AMBU0QvY8_00767 450 1 3 4 8 34 108
09AMBU0QvY8_00768 180 4 34 108
09AMBU0QvY8_00769 270 1 4 34 108
09AMBU0QvY8_00770 150 1 4 34 108
0PH2qcyQunA_06940 330 1 4 6 8 12 95 122
0PH2qcyQunA_06941 240 2 4 8 95 122
0PH2qcyQunA_06942 360 1 4 8 12 95 122
0PH2qcyQunA_06943 270 8 95 122
0PH2qcyQunA_06944 210 2 4 8 12 95 122
0PH2qcyQunA_06945 90 4 8 96 122
0PH2qcyQunA_06946 240 0 4 6 8 12 95 122
0PH2qcyQunA_06947 390 3 8 95 122
0PH2qcyQunA_06948 90 1 4 8 96 122
0PH2qcyQunA_06949 120 12 95 122
0PH2qcyQunA_06950 180 1 4 8 96 122
0PH2qcyQunA_06951 240 0 4 6 8 12 95 122
0PH2qcyQunA_06952 330 6 8 12 95 122
0VCwCltrKYw_13434 540 1 4 86 119
0VCwCltrKYw_13435 210 1 12 86 119
0VCwCltrKYw_13436 120 1 4 12 83 119
0VCwCltrKYw_13437 240 1 3 12 86 119
0VCwCltrKYw_13438 450 1 3 4 84 119
0VCwCltrKYw_13439 330 1 3 4 12 86 119
0VCwCltrKYw_13440 420 1 3 83 119
0VCwCltrKYw_13441 690 1 3 4 12 86 119
0VCwCltrKYw_13442 150 1 3 4 83 119
0VCwCltrKYw_13443 660 1 3 4 12 86 119
0VCwCltrKYw_13444 420 1 4 12 83 119
0WnSIxaiPIg_00876 120 1 4 12 33 108
0WnSIxaiPIg_00877 119 1 4 12 33 108
0WnSIxaiPIg_00878 89 1 3 4 34 108
0ZIOxmLOU7k_09165 870 1 3 67 115
0ZIOxmLOU7k_09166 900 1 3 67 115
0ZIOxmLOU7k_09167 450 67 115
0ZIOxmLOU7k_09168 570 1 3 12 67 115
0ZIOxmLOU7k_09169 270 1 4 12 67 115
0ZIOxmLOU7k_09170 660 1 3 4 67 115
0ZIOxmLOU7k_09171 510 1 3 4 67 115
0ZIOxmLOU7k_09172 780 3 67 115
0ZIOxmLOU7k_09173 900 1 3 12 67 115
0ZIOxmLOU7k_09174 900 1 3 12 67 115
0i-x2miNHX0_02528 840 1 3 4 12 68 115
0i-x2miNHX0_02529 239 1 3 4 60 115
0i-x2miNHX0_02530 89 1 3 68 115
0i-x2miNHX0_02531 389 3 12 60 115
0i-x2miNHX0_02532 900 1 3 12 60 115
0i-x2miNHX0_02533 269 1 3 4 60 115
0i-x2miNHX0_02534 659 1 3 12 68 115
0i-x2miNHX0_02535 900 1 3 12 60 115
0i-x2miNHX0_02536 539 1 3 4 12 60 115
0i-x2miNHX0_02537 899 1 3 4 68 115
0i-x2miNHX0_02538 600 1 3 4 12 68 115
0i-x2miNHX0_02539 900 1 3 4 12 68 115
0i-x2miNHX0_02540 269 1 3 68 115
0i-x2miNHX0_02541 899 1 3 4 12 68 115
0i-x2miNHX0_02542 119 1 3 68 115
0iGye_oXG40_11350 870 3 12 65 115
0iGye_oXG40_11351 450 3 65 115
0iGye_oXG40_11352 120 61 115
0iGye_oXG40_11353 690 1 3 63 115
0iGye_oXG40_11354 180 1 3 62 115
0iGye_oXG40_11355 600 1 3 62 115
0iGye_oXG40_11356 630 3 62 115
0iGye_oXG40_11357 90 3 61 115
0iGye_oXG40_11358 540 3 12 62 115
0iGye_oXG40_11359 510 3 4 12 65 115
0iGye_oXG40_11360 900 3 62 115
0iGye_oXG40_11361 150 62 115
0iGye_oXG40_11362 180 68 115
0lJdDYr4v-w_11931 180 1 2 3 4 10 69 116
0lJdDYr4v-w_11933 270 3 71 116
0m_HbAUoUoY_05028 120 1 3 12 16 104
0m_HbAUoUoY_05029 300 1 4 5 12 13 104
0m_HbAUoUoY_05030 480 1 3 12 16 104
0m_HbAUoUoY_05031 450 1 3 4 5 12 13 104
0m_HbAUoUoY_05032 390 1 3 12 16 104
0m_HbAUoUoY_05033 660 1 3 4 5 12 13 104
0m_HbAUoUoY_05034 420 1 3 12 16 104
0m_HbAUoUoY_05035 690 1 3 4 5 12 13 104
0m_HbAUoUoY_05036 450 1 3 12 16 104
0m_HbAUoUoY_05037 390 1 3 4 12 13 104
0qGcaVRu3vk_11311 900 1 3 4 12 94 121
0qGcaVRu3vk_11312 900 0 1 3 4 94 121
0qGcaVRu3vk_11313 900 1 2 3 4 94 121
0qGcaVRu3vk_11314 300 1 2 3 4 94 121
0qGcaVRu3vk_11315 120 1 3 4 94 121
0qGcaVRu3vk_11316 90 1 3 4 94 121
0qisRbbnx5o_10190 180 1 4 12 54 113
0qisRbbnx5o_10191 180 3 54 113
0qisRbbnx5o_10192 330 1 12 56 113
0qisRbbnx5o_10193 240 4 8 12 54 113
0qisRbbnx5o_10194 900 1 4 12 56 113
0qisRbbnx5o_10195 900 1 2 3 4 12 56 113
0qisRbbnx5o_10196 900 1 3 4 12 56 113
0s1al8931l0_05485 900 1 3 4 12 50 112
0s1al8931l0_05486 240 3 50 112
0s1al8931l0_05487 840 1 3 4 50 112
0s1al8931l0_05488 240 1 3 4 51 112
0s1al8931l0_05489 240 1 3 4 50 112
0s1al8931l0_05490 270 1 3 4 50 112
0s1al8931l0_05491 180 1 3 4 50 112
0sEecJcqegM_04871 450 1 3 5 12 13 104
0sEecJcqegM_04872 120 3 12 15 104
0sEecJcqegM_04873 390 3 14 104
0sEecJcqegM_04874 300 3 5 14 104
0sEecJcqegM_04875 450 3 14 104
0sEecJcqegM_04876 210 3 14 104
0sEecJcqegM_04877 90 3 14 104
0sEecJcqegM_04878 360 3 12 14 104
0vhI8kpG178_10111 900 1 3 4 8 12 55 113
0vhI8kpG178_10112 660 1 3 12 57 113
0vhI8kpG178_10113 450 1 3 4 12 54 113
0vhI8kpG178_10114 540 1 3 4 12 54 113
0vhI8kpG178_10115 420 1 3 8 12 54 113
0vhI8kpG178_10116 900 1 3 4 12 54 113
0vhI8kpG178_10117 510 1 3 4 12 54 113
0vhI8kpG178_10118 870 0 1 3 4 12 56 113
0vhI8kpG178_10119 150 3 12 54 113
0vhI8kpG178_10120 330 1 3 12 54 113
0vhI8kpG178_10121 360 1 3 4 12 57 113
0vhI8kpG178_10122 420 3 4 12 54 113
0vhI8kpG178_10123 180 3 12 54 113
0vhI8kpG178_10124 420 1 56 113
13HHeeqcS9E_10182 480 1 2 3 4 12 54 113
13HHeeqcS9E_10183 720 1 3 4 12 54 113
13HHeeqcS9E_10184 390 1 3 4 12 56 113
13HHeeqcS9E_10185 210 1 3 12 54 113
13HHeeqcS9E_10186 270 1 3 12 56 113
13HHeeqcS9E_10187 90 3 4 12 56 113
13HHeeqcS9E_10188 420 1 3 4 12 56 113
13HHeeqcS9E_10189 510 1 2 3 4 10 12 56 113
19LN06_kTJw_15283 90 4 12 100 123
19LN06_kTJw_15284 90 3 100 123
19LN06_kTJw_15285 90 1 3 4 8 102 123
19LN06_kTJw_15286 90 1 3 4 12 102 123
19LN06_kTJw_15287 330 1 4 12 102 123
19LN06_kTJw_15288 180 1 2 3 4 12 102 123
19LN06_kTJw_15289 90 3 4 8 100 123
19LN06_kTJw_15290 120 3 4 12 102 123
19LN06_kTJw_15291 330 1 4 8 12 102 123
19LN06_kTJw_15292 90 1 3 4 8 100 123
19LN06_kTJw_15293 90 1 3 4 8 12 102 123
19LN06_kTJw_15294 120 1 4 8 102 123
19LN06_kTJw_15295 90 1 3 4 12 102 123
19LN06_kTJw_15296 90 1 4 12 102 123
19LN06_kTJw_15297 90 3 4 100 123
19LN06_kTJw_15298 90 1 3 4 100 123
19LN06_kTJw_15299 90 4 103 123
19LN06_kTJw_15300 90 1 4 8 12 100 123
19LN06_kTJw_15301 150 3 4 100 123
19LN06_kTJw_15302 90 3 4 12 100 123
19LN06_kTJw_15303 90 1 4 12 100 123
19LN06_kTJw_15304 90 2 3 4 8 103 123
19LN06_kTJw_15305 90 1 2 4 8 10 103 123
19LN06_kTJw_15306 90 1 3 103 123
19LN06_kTJw_15307 90 1 4 12 103 123
19LN06_kTJw_15308 90 1 4 6 8 103 123
19LN06_kTJw_15309 90 4 8 103 123
19LN06_kTJw_15310 90 1 3 4 12 103 123
19LN06_kTJw_15311 90 1 3 4 8 12 103 123
19LN06_kTJw_15312 90 4 12 103 123
19gxqQ45JP8_03719 119 1 3 91 121
19gxqQ45JP8_03720 180 1 3 4 12 92 121
19gxqQ45JP8_03721 119 3 94 121
1CDgIztgpT8_03195 180 1 2 3 4 12 69 116
1CDgIztgpT8_03196 90 1 2 3 69 116
1CDgIztgpT8_03197 90 1 2 3 69 116
1CDgIztgpT8_03198 210 1 2 3 4 5 12 69 116
1H9rn1e8MEI_04082 150 3 4 6 8 12 25 106
1H9rn1e8MEI_04083 120 3 4 6 8 12 22 106
1H9rn1e8MEI_04084 300 3 4 8 25 106
1H9rn1e8MEI_04085 270 3 4 6 8 12 25 106
1H9rn1e8MEI_04086 210 1 4 8 25 106
1H9rn1e8MEI_04087 240 4 6 8 12 25 106
1H9rn1e8MEI_04088 180 1 4 6 8 25 106
1H9rn1e8MEI_04089 150 3 4 6 8 12 25 106
1H9rn1e8MEI_04090 390 1 3 4 6 8 12 25 106
1H9rn1e8MEI_04091 270 3 4 6 8 12 25 106
1H9rn1e8MEI_04092 180 3 4 6 8 12 25 106
1H9rn1e8MEI_04093 90 4 6 8 22 106
1H9rn1e8MEI_04094 150 1 4 8 22 106
1O5CBVIsctA_12931 480 1 3 4 75 117
1O5CBVIsctA_12932 810 1 4 75 117
1O5CBVIsctA_12933 120 78 117
1O5CBVIsctA_12934 900 74 117
1O5CBVIsctA_12935 120 76 117
1Q7eRNZcKDk_15924 180 1 2 4 10 35 109
1Q7eRNZcKDk_15925 150 1 4 12 35 109
1Q7eRNZcKDk_15926 90 0 1 35 109
1Q7eRNZcKDk_15927 90 0 1 3 4 12 35 109
1Q7eRNZcKDk_15928 90 1 4 12 35 109
1Q7eRNZcKDk_15929 90 3 4 8 12 37 109
1Q7eRNZcKDk_15930 90 1 3 4 12 35 109
1YzGUyM3P2k_05961 120 75 117
1YzGUyM3P2k_05962 150 74 117
1_dqejDHUgQ_15938 150 2 3 37 109
1_dqejDHUgQ_15939 390 0 3 4 12 35 109
1_dqejDHUgQ_15940 630 0 35 109
1_dqejDHUgQ_15941 90 1 3 4 12 36 109
1eIEbz3Fmiw_06596 150 1 3 4 80 118
1eIEbz3Fmiw_06597 120 1 3 4 80 118
1eIEbz3Fmiw_06598 330 1 12 81 118
1eIEbz3Fmiw_06599 240 1 12 81 118
1eIEbz3Fmiw_06600 210 1 12 81 118
1eIEbz3Fmiw_06601 240 3 12 81 118
1eIEbz3Fmiw_06602 150 1 3 4 80 118
1eIEbz3Fmiw_06603 150 1 12 81 118
1gdJ_ieFNZU_05836 180 1 4 6 8 95 122
1gdJ_ieFNZU_05837 300 3 4 8 12 95 122
1gdJ_ieFNZU_05838 90 2 4 8 12 95 122
1gdJ_ieFNZU_05839 90 0 3 4 6 8 12 96 122
1gdJ_ieFNZU_05840 120 1 4 8 98 122
1gdJ_ieFNZU_05841 330 4 8 12 96 122
1gdJ_ieFNZU_05842 150 4 6 8 95 122
1gdJ_ieFNZU_05843 210 1 3 4 8 12 95 122
1gdJ_ieFNZU_05844 90 4 8 96 122
1gdJ_ieFNZU_05845 90 1 2 3 4 8 12 95 122
1gdJ_ieFNZU_05846 90 8 98 122
1iKnKcI8KaE_12949 150 1 4 8 102 123
1iKnKcI8KaE_12950 120 1 3 4 8 12 100 123
1iKnKcI8KaE_12951 120 1 3 12 101 123
1iKnKcI8KaE_12952 120 4 8 100 123
1iKnKcI8KaE_12953 120 1 4 8 100 123
1iKnKcI8KaE_12954 120 1 4 8 99 123
1pdWDNayqg4_15959 330 1 4 12 37 109
1pdWDNayqg4_15960 450 2 4 35 109
1pdWDNayqg4_15961 150 0 36 109
1pdWDNayqg4_15962 210 0 1 3 4 12 37 109
1pdWDNayqg4_15963 510 1 3 4 12 35 109
1pdWDNayqg4_15964 120 0 1 36 109
1pdWDNayqg4_15965 90 0 1 4 12 35 109
1qubi0EXVs8_01430 270 3 68 115
1qubi0EXVs8_01431 900 60 115
1qubi0EXVs8_01432 900 60 115
1qubi0EXVs8_01433 750 3 60 115
1qubi0EXVs8_01434 900 1 68 115
1qubi0EXVs8_01435 900 68 115
1qubi0EXVs8_01436 900 68 115
1qubi0EXVs8_01437 720 3 65 115
1qubi0EXVs8_01438 600 68 115
1t5_42hIH9Y_09305 150 1 3 74 117
1t5_42hIH9Y_09306 90 1 74 117
1t5_42hIH9Y_09307 90 78 117
1x_Dix19dM0_05710 90 3 4 8 96 122
1x_Dix19dM0_05711 90 3 4 8 96 122
1x_Dix19dM0_05712 90 3 4 6 12 96 122
1x_Dix19dM0_05713 90 4 8 12 96 122
1x_Dix19dM0_05714 210 4 8 12 96 122
1x_Dix19dM0_05715 300 4 8 12 96 122
1x_Dix19dM0_05716 90 4 8 95 122
1x_Dix19dM0_05717 180 6 8 12 96 122
1x_Dix19dM0_05718 90 3 4 8 12 95 122
1x_Dix19dM0_05719 120 4 8 12 96 122
1x_Dix19dM0_05720 210 3 4 8 12 96 122
1x_Dix19dM0_05721 90 3 4 8 95 122
1x_Dix19dM0_05722 90 3 6 98 122
1x_Dix19dM0_05723 120 4 8 95 122
1x_Dix19dM0_05724 90 1 2 3 4 8 95 122
1x_Dix19dM0_05725 90 1 2 3 4 12 98 122
1x_Dix19dM0_05726 120 2 3 4 8 95 122
1x_Dix19dM0_05727 90 3 4 8 95 122
1x_Dix19dM0_05728 90 3 4 7 8 95 122
1x_Dix19dM0_05730 120 4 8 12 96 122
1x_Dix19dM0_05731 90 8 95 122
1x_Dix19dM0_05732 90 2 3 4 8 95 122
2-VLuvASCdg_00014 390 4 12 33 108
2-VLuvASCdg_00015 210 1 4 12 31 108
2-VLuvASCdg_00016 270 4 12 31 108
2-VLuvASCdg_00017 150 0 1 32 108
2-ynq89knAQ_05141 150 3 5 13 104
2-ynq89knAQ_05142 480 1 3 12 13 104
2-ynq89knAQ_05143 449 1 3 12 13 104
2-ynq89knAQ_05144 540 1 3 4 12 13 104
2-ynq89knAQ_05145 269 3 12 13 104
22quDqdzVMw_12177 360 1 2 3 7 10 69 116
22quDqdzVMw_12178 690 1 3 4 12 70 116
22quDqdzVMw_12179 89 1 3 71 116
24q1O3M9xiw_11545 210 3 8 12 23 106
24q1O3M9xiw_11546 540 3 4 6 8 12 25 106
24q1O3M9xiw_11547 270 3 4 5 8 12 25 106
24q1O3M9xiw_11548 360 3 4 8 25 106
24q1O3M9xiw_11549 210 1 3 4 8 12 23 106
24q1O3M9xiw_11550 150 3 4 8 12 22 106
24q1O3M9xiw_11551 90 4 8 12 25 106
24q1O3M9xiw_11552 150 1 3 4 12 23 106
24q1O3M9xiw_11553 210 3 4 23 106
24q1O3M9xiw_11554 390 1 3 4 8 12 25 106
24q1O3M9xiw_11555 510 3 4 6 8 12 25 106
24q1O3M9xiw_11556 510 1 3 4 6 8 12 25 106
24q1O3M9xiw_11557 360 4 8 25 106
24q1O3M9xiw_11558 270 4 8 12 25 106
24q1O3M9xiw_11559 90 12 24 106
24q1O3M9xiw_11560 150 1 3 4 8 23 106
24q1O3M9xiw_11561 300 1 3 4 12 23 106
24q1O3M9xiw_11562 180 1 3 4 12 23 106
24q1O3M9xiw_11563 390 1 3 4 6 8 12 25 106
24q1O3M9xiw_11564 180 3 4 8 12 22 106
24q1O3M9xiw_11565 240 1 3 4 8 12 22 106
24q1O3M9xiw_11566 180 1 3 4 12 24 106
2AeOVMaCgjk_01209 900 1 3 4 60 115
2AeOVMaCgjk_01210 899 1 4 60 115
2AeOVMaCgjk_01211 419 1 3 4 68 115
2AeOVMaCgjk_01212 900 1 3 4 60 115
2AeOVMaCgjk_01213 630 1 4 60 115
2AeOVMaCgjk_01214 210 1 3 4 60 115
2AeOVMaCgjk_01215 479 1 3 4 68 115
2AeOVMaCgjk_01216 900 1 3 4 60 115
2AeOVMaCgjk_01217 900 1 4 60 115
2AeOVMaCgjk_01218 660 1 3 4 60 115
2AeOVMaCgjk_01219 899 1 3 4 68 115
2AeOVMaCgjk_01220 539 1 3 68 115
2FrRnbHqogo_03422 150 1 4 12 35 109
2FrRnbHqogo_03423 90 3 4 37 109
2FrRnbHqogo_03424 150 3 4 37 109
2FrRnbHqogo_03425 330 0 3 4 12 35 109
2FrRnbHqogo_03426 150 1 3 4 12 36 109
2FrRnbHqogo_03427 90 37 109
2FrRnbHqogo_03428 210 1 4 35 109
2FrRnbHqogo_03429 240 4 8 12 35 109
2FrRnbHqogo_03430 750 0 1 2 3 4 8 9 11 12 35 109
2FrRnbHqogo_03431 90 2 3 4 37 109
2FrRnbHqogo_03432 150 0 1 3 4 12 35 109
2FrRnbHqogo_03433 540 1 2 3 4 8 10 12 35 109
2FrRnbHqogo_03434 120 1 2 3 4 10 12 35 109
2FrRnbHqogo_03435 90 0 3 4 12 37 109
2FrRnbHqogo_03436 90 0 1 3 4 12 35 109
2FrRnbHqogo_03437 90 1 3 4 36 109
2FrRnbHqogo_03438 90 3 36 109
2FrRnbHqogo_03439 90 0 3 4 37 109
2FrRnbHqogo_03440 90 1 2 3 4 12 37 109
2RoIYEQuAm0_09942 270 0 1 3 4 12 56 113
2RoIYEQuAm0_09943 180 1 4 12 56 113
2RoIYEQuAm0_09944 900 1 3 57 113
2RoIYEQuAm0_09945 330 3 57 113
2RoIYEQuAm0_09946 900 0 1 3 4 12 56 113
2RoIYEQuAm0_09947 900 0 2 3 4 10 11 12 56 113
2gQp7x3eqt4_01070 360 1 3 12 61 115
2gQp7x3eqt4_01071 150 61 115
2gQp7x3eqt4_01072 90 1 3 63 115
2gQp7x3eqt4_01073 420 61 115
2gQp7x3eqt4_01074 180 1 3 63 115
2gQp7x3eqt4_01075 180 1 61 115
2gQp7x3eqt4_01076 90 1 3 63 115
2gQp7x3eqt4_01077 240 1 3 61 115
2gQp7x3eqt4_01078 90 1 3 63 115
2gQp7x3eqt4_01079 270 61 115
2gQp7x3eqt4_01080 90 1 3 63 115
2gQp7x3eqt4_01081 90 3 63 115
2gQp7x3eqt4_01082 630 1 3 61 115
2gQp7x3eqt4_01083 90 1 3 63 115
2gQp7x3eqt4_01084 150 3 61 115
2gQp7x3eqt4_01085 120 1 3 63 115
2gQp7x3eqt4_01086 90 3 63 115
2gQp7x3eqt4_01087 120 3 61 115
2gQp7x3eqt4_01088 180 3 63 115
2gQp7x3eqt4_01089 120 61 115
2iVO3Vl6Ajg_12979 420 29 107
2iVO3Vl6Ajg_12980 180 29 107
2iVO3Vl6Ajg_12981 120 26 107
2iVO3Vl6Ajg_12982 210 27 107
2iVO3Vl6Ajg_12983 240 27 107
2nb-w6juD5c_03543 210 4 6 8 25 106
2nb-w6juD5c_03544 150 1 3 4 10 24 106
2nb-w6juD5c_03545 90 3 4 6 8 25 106
2nb-w6juD5c_03546 90 3 4 6 8 12 25 106
2nb-w6juD5c_03547 120 4 6 8 12 25 106
2nb-w6juD5c_03548 120 3 4 8 12 25 106
2nb-w6juD5c_03549 120 3 4 8 22 106
2nb-w6juD5c_03550 90 3 4 6 8 12 25 106
2nb-w6juD5c_03551 150 3 4 8 12 25 106
2vWIBXsTVYQ_10245 90 1 3 4 12 54 113
2vWIBXsTVYQ_10246 120 1 4 12 54 113
2vWIBXsTVYQ_10247 90 3 12 57 113
2vqhTU16Dr4_02950 180 21 105
2vqhTU16Dr4_02951 180 21 105
2vqhTU16Dr4_02952 300 4 21 105
2vqhTU16Dr4_02953 300 1 2 4 21 105
2vqhTU16Dr4_02954 180 17 105
2vqhTU16Dr4_02955 90 1 18 105
2vqhTU16Dr4_02956 329 1 17 105
2vqhTU16Dr4_02957 90 3 17 105
2zojswd4HkI_12173 360 70 116
2zojswd4HkI_12174 540 2 5 69 116
2zojswd4HkI_12175 390 1 69 116
2zojswd4HkI_12176 240 2 5 12 69 116
303vmqUNC_U_05733 240 8 96 122
303vmqUNC_U_05734 90 4 8 10 12 95 122
303vmqUNC_U_05735 240 4 8 96 122
303vmqUNC_U_05736 90 0 1 3 4 8 12 95 122
303vmqUNC_U_05737 240 4 8 12 96 122
303vmqUNC_U_05738 120 4 8 12 96 122
303vmqUNC_U_05739 120 4 6 8 96 122
303vmqUNC_U_05740 90 1 3 4 8 95 122
303vmqUNC_U_05741 90 3 4 12 98 122
303vmqUNC_U_05742 90 1 4 8 95 122
303vmqUNC_U_05743 240 4 8 12 96 122
303vmqUNC_U_05744 90 3 4 8 12 95 122
303vmqUNC_U_05745 390 3 6 8 12 98 122
303vmqUNC_U_05746 180 4 8 12 96 122
303vmqUNC_U_05747 90 3 4 6 8 12 95 122
303vmqUNC_U_05748 210 4 6 8 95 122
303vmqUNC_U_05749 90 4 6 8 11 95 122
303vmqUNC_U_05750 180 3 4 8 12 98 122
303vmqUNC_U_05751 180 4 8 12 96 122
303vmqUNC_U_05752 90 4 8 95 122
303vmqUNC_U_05753 90 8 12 96 122
303vmqUNC_U_05754 150 1 3 4 8 12 96 122
303vmqUNC_U_05755 90 8 95 122
303vmqUNC_U_05756 90 12 98 122
3C8wTkfRMYM_04940 270 1 3 12 16 104
3C8wTkfRMYM_04941 450 3 13 104
3C8wTkfRMYM_04942 90 3 4 15 104
3C8wTkfRMYM_04943 150 3 14 104
3C8wTkfRMYM_04944 120 3 14 104
3C8wTkfRMYM_04945 180 3 14 104
3Gl7nhIcj94_11883 870 1 2 3 4 7 10 69 116
3Gl7nhIcj94_11884 360 1 4 73 116
3Gl7nhIcj94_11885 300 1 2 3 7 69 116
3Gl7nhIcj94_11886 150 1 3 4 12 71 116
3Gl7nhIcj94_11887 540 1 2 3 69 116
3Gl7nhIcj94_11888 150 1 3 71 116
3Gl7nhIcj94_11889 90 1 3 72 116
3Gl7nhIcj94_11890 840 1 2 3 69 116
3Gl7nhIcj94_11891 690 1 2 3 4 12 69 116
3Gl7nhIcj94_11892 180 1 3 71 116
3Gl7nhIcj94_11893 540 1 2 3 4 69 116
3Gl7nhIcj94_11894 120 3 12 71 116
3Gl7nhIcj94_11895 600 1 2 69 116
3Gl7nhIcj94_11896 180 3 72 116
3Gl7nhIcj94_11897 570 1 3 73 116
3Gl7nhIcj94_11898 120 3 72 116
3Gl7nhIcj94_11899 720 3 69 116
3Gl7nhIcj94_11900 450 3 73 116
3Gl7nhIcj94_11901 300 1 2 3 4 12 69 116
3Gl7nhIcj94_11902 120 1 3 71 116
3IFOjODIVDE_13096 120 1 4 8 12 100 123
3IFOjODIVDE_13097 180 1 4 8 102 123
3IFOjODIVDE_13098 150 1 4 6 8 102 123
3IFOjODIVDE_13099 90 2 3 4 12 100 123
3IFOjODIVDE_13100 150 1 4 12 102 123
3IFOjODIVDE_13101 90 8 12 101 123
3IFOjODIVDE_13102 120 4 12 99 123
3IFOjODIVDE_13103 150 1 3 4 12 100 123
3IFOjODIVDE_13104 270 1 4 8 102 123
3IFOjODIVDE_13105 120 4 8 99 123
3IFOjODIVDE_13106 150 4 8 102 123
3IFOjODIVDE_13107 120 1 3 4 12 100 123
3IFOjODIVDE_13108 330 1 4 8 102 123
3IFOjODIVDE_13110 150 1 3 4 12 103 123
3IFOjODIVDE_13111 90 1 3 4 8 100 123
3IFOjODIVDE_13112 450 1 4 8 102 123
3IFOjODIVDE_13113 120 4 8 12 100 123
3IFOjODIVDE_13114 210 4 6 8 102 123
3IFOjODIVDE_13115 120 1 3 4 12 103 123
3IFOjODIVDE_13116 120 0 4 8 12 100 123
3IFOjODIVDE_13117 300 1 4 6 8 102 123
3IFOjODIVDE_13118 120 4 8 103 123
3IFOjODIVDE_13119 120 4 8 12 100 123
3IFOjODIVDE_13120 120 1 3 4 12 103 123
3IFOjODIVDE_13121 120 1 4 8 100 123
3IFOjODIVDE_13122 120 4 8 103 123
3IFOjODIVDE_13123 120 1 4 8 100 123
3IFOjODIVDE_13124 330 0 4 6 8 102 123
3IFOjODIVDE_13125 120 4 12 103 123
3IFOjODIVDE_13126 180 4 8 103 123
3IFOjODIVDE_13127 120 1 4 8 103 123
3IFOjODIVDE_13128 120 1 3 4 12 103 123
3IFOjODIVDE_13129 120 1 4 8 99 123
3IFOjODIVDE_13130 120 4 8 99 123
3IFOjODIVDE_13131 120 4 6 8 12 99 123
3IFOjODIVDE_13132 120 1 4 8 99 123
3KHgy7zQ4MA_06645 120 3 4 80 118
3KHgy7zQ4MA_06646 420 1 12 81 118
3SU6a9jrGgo_12994 150 3 4 12 100 123
3SU6a9jrGgo_12995 210 1 4 12 102 123
3SU6a9jrGgo_12996 120 4 8 100 123
3SU6a9jrGgo_12997 840 1 4 6 8 102 123
3SU6a9jrGgo_12998 120 4 8 103 123
3SU6a9jrGgo_12999 120 1 4 6 12 101 123
3SU6a9jrGgo_13000 120 1 3 4 12 100 123
3SU6a9jrGgo_13001 120 4 12 101 123
3SU6a9jrGgo_13002 150 4 12 103 123
3SU6a9jrGgo_13003 300 1 4 12 102 123
3SU6a9jrGgo_13004 120 3 4 8 100 123
3SU6a9jrGgo_13005 180 4 8 102 123
3SU6a9jrGgo_13006 120 1 4 8 102 123
3SU6a9jrGgo_13007 210 3 4 8 12 102 123
3SU6a9jrGgo_13008 450 1 3 4 8 12 101 123
3SU6a9jrGgo_13009 120 1 4 100 123
3SU6a9jrGgo_13010 390 1 3 4 6 8 12 102 123
3SU6a9jrGgo_13011 120 1 4 12 102 123
3SU6a9jrGgo_13012 120 1 4 12 102 123
3SU6a9jrGgo_13013 150 1 4 11 12 101 123
3SU6a9jrGgo_13014 120 1 4 8 102 123
3SU6a9jrGgo_13015 120 3 4 12 100 123
3SU6a9jrGgo_13016 120 3 12 101 123
3SU6a9jrGgo_13017 210 1 4 12 101 123
3SU6a9jrGgo_13018 150 1 3 4 12 101 123
3SU6a9jrGgo_13019 150 4 12 101 123
3SU6a9jrGgo_13020 120 1 4 12 99 123
3SU6a9jrGgo_13021 150 1 3 4 8 12 100 123
3SU6a9jrGgo_13022 150 4 8 12 101 123
3SU6a9jrGgo_13023 120 1 3 4 8 100 123
3SU6a9jrGgo_13024 120 1 4 12 101 123
3SU6a9jrGgo_13025 120 1 3 4 12 100 123
3SU6a9jrGgo_13026 120 3 4 100 123
3SU6a9jrGgo_13027 120 1 99 123
3U9FpgBP2kY_00474 240 4 8 96 122
3U9FpgBP2kY_00475 120 4 8 96 122
3U9FpgBP2kY_00476 209 3 4 8 95 122
3U9FpgBP2kY_00477 120 8 96 122
3U9FpgBP2kY_00478 180 1 4 8 95 122
3U9FpgBP2kY_00479 149 1 3 4 6 8 95 122
3U9FpgBP2kY_00480 270 1 4 8 96 122
3U9FpgBP2kY_00481 179 1 4 8 95 122
3U9FpgBP2kY_00482 210 1 3 4 8 12 95 122
3U9FpgBP2kY_00484 179 1 4 8 96 122
3U9FpgBP2kY_00485 240 4 8 96 122
3U9FpgBP2kY_00486 119 3 4 6 8 95 122
3U9FpgBP2kY_00487 149 3 8 95 122
3U9FpgBP2kY_00488 300 3 8 12 96 122
3U9FpgBP2kY_00489 119 3 4 8 12 95 122
3U9FpgBP2kY_00490 119 3 98 122
3U9FpgBP2kY_00491 120 1 4 8 95 122
3U9FpgBP2kY_00492 330 8 96 122
3U9FpgBP2kY_00493 299 1 3 4 8 96 122
3U9FpgBP2kY_00494 270 4 8 96 122
3U9FpgBP2kY_00495 149 3 4 8 97 122
3U9FpgBP2kY_00496 179 3 4 8 97 122
3U9FpgBP2kY_00497 120 4 8 97 122
3U9FpgBP2kY_00498 89 4 8 97 122
3U9FpgBP2kY_00499 300 3 4 8 12 97 122
3U9FpgBP2kY_00500 210 1 4 8 12 97 122
3U9FpgBP2kY_00501 209 3 4 8 97 122
3U9FpgBP2kY_00502 120 4 8 97 122
3U9FpgBP2kY_00503 180 4 8 12 97 122
3U9FpgBP2kY_00504 149 2 3 4 7 8 10 12 97 122
3V5WZcXle_Y_11177 120 1 3 4 12 88 120
3V5WZcXle_Y_11178 210 1 3 4 12 88 120
3V5WZcXle_Y_11179 90 1 3 90 120
3V5WZcXle_Y_11180 330 1 3 90 120
3V5WZcXle_Y_11181 300 1 3 4 89 120
3V5WZcXle_Y_11182 210 1 3 90 120
3V5WZcXle_Y_11183 90 3 89 120
3V5WZcXle_Y_11184 120 1 3 89 120
3V5WZcXle_Y_11185 480 1 3 89 120
3V5WZcXle_Y_11186 120 1 3 90 120
3V5WZcXle_Y_11187 180 3 90 120
3ZrurhxII-M_00100 900 1 3 4 94 121
3ZrurhxII-M_00101 420 1 3 4 12 94 121
3nfG4rQ-KgQ_00323 900 1 2 4 19 105
3nfG4rQ-KgQ_00324 899 1 2 4 19 105
3nfG4rQ-KgQ_00325 899 1 4 19 105
3nfG4rQ-KgQ_00326 899 4 19 105
3nfG4rQ-KgQ_00327 899 0 1 3 4 5 12 19 105
3nfG4rQ-KgQ_00328 899 1 3 4 12 19 105
3nfG4rQ-KgQ_00329 899 3 4 8 12 19 105
3nfG4rQ-KgQ_00330 899 1 3 4 12 19 105
3nfG4rQ-KgQ_00331 900 1 3 19 105
3nfG4rQ-KgQ_00332 900 1 19 105
3qquQqWGLJY_00528 120 1 4 8 12 95 122
3qquQqWGLJY_00529 120 6 8 95 122
3qquQqWGLJY_00530 180 4 8 95 122
3qquQqWGLJY_00531 120 4 8 95 122
3qquQqWGLJY_00532 210 12 97 122
3qquQqWGLJY_00533 150 8 12 95 122
3qquQqWGLJY_00534 120 6 8 95 122
3qquQqWGLJY_00535 330 1 3 4 8 97 122
3qquQqWGLJY_00536 150 4 8 97 122
3sWW99rPpEA_03961 120 4 8 12 24 106
3sWW99rPpEA_03962 150 4 8 12 22 106
3sWW99rPpEA_03963 120 3 4 6 8 12 22 106
3sWW99rPpEA_03964 90 3 4 6 8 25 106
3sWW99rPpEA_03965 150 4 8 22 106
3sWW99rPpEA_03966 120 0 3 4 8 12 22 106
3sWW99rPpEA_03967 120 1 4 6 8 12 22 106
3sWW99rPpEA_03968 90 4 6 8 22 106
3sWW99rPpEA_03969 180 4 6 8 22 106
3sWW99rPpEA_03970 90 3 5 8 12 24 106
3sWW99rPpEA_03971 270 4 6 8 12 22 106
3sWW99rPpEA_03972 150 4 6 8 22 106
3sWW99rPpEA_03973 150 3 4 8 22 106
3sWW99rPpEA_03974 390 8 24 106
3sWW99rPpEA_03975 210 3 4 6 8 12 25 106
3sWW99rPpEA_03976 270 4 12 24 106
3sWW99rPpEA_03977 150 1 4 8 12 25 106
3sWW99rPpEA_03978 120 12 24 106
3sWW99rPpEA_03979 150 1 3 4 6 8 25 106
3sWW99rPpEA_03980 180 0 1 3 4 6 8 12 25 106
3sWW99rPpEA_03981 540 1 4 8 24 106
3sWW99rPpEA_03982 210 3 4 8 12 25 106
3sWW99rPpEA_03983 120 3 4 6 8 25 106
3sWW99rPpEA_03984 90 4 8 12 24 106
3sWW99rPpEA_03985 150 4 6 8 12 25 106
3sWW99rPpEA_03986 540 0 2 3 4 6 8 12 24 106
3sWW99rPpEA_03987 210 4 8 25 106
3sWW99rPpEA_03988 240 3 4 6 8 12 25 106
3sWW99rPpEA_03989 480 1 3 4 8 11 12 24 106
3sWW99rPpEA_03990 210 1 4 12 24 106
3w1XWTmYP_c_00771 180 34 108
3w1XWTmYP_c_00772 240 4 34 108
3w1XWTmYP_c_00773 120 4 34 108
3w1XWTmYP_c_00774 360 1 4 34 108
3w1XWTmYP_c_00775 180 0 1 4 12 34 108
3w1XWTmYP_c_00776 330 1 3 4 34 108
3wm6XANf0V0_02795 150 17 105
3wm6XANf0V0_02796 240 3 17 105
3wm6XANf0V0_02797 810 1 4 17 105
3wm6XANf0V0_02798 120 1 3 4 21 105
3zuYk-KLwV0_12818 330 1 3 90 120
3zuYk-KLwV0_12819 120 1 3 89 120
3zuYk-KLwV0_12820 210 1 3 89 120
3zuYk-KLwV0_12821 900 1 3 90 120
3zuYk-KLwV0_12822 210 3 90 120
3zuYk-KLwV0_12823 420 1 3 89 120
3zuYk-KLwV0_12824 90 3 12 89 120
3zuYk-KLwV0_12825 540 1 3 90 120
3zuYk-KLwV0_12826 120 1 3 4 89 120
3zuYk-KLwV0_12827 120 1 3 90 120
3zuYk-KLwV0_12828 180 1 3 89 120
3zuYk-KLwV0_12829 90 1 3 89 120
3zuYk-KLwV0_12830 900 1 3 90 120
3zuYk-KLwV0_12831 900 1 3 90 120
3zuYk-KLwV0_12832 900 1 3 90 120
3zuYk-KLwV0_12833 90 1 3 90 120
3zuYk-KLwV0_12834 390 1 3 89 120
3zuYk-KLwV0_12835 300 3 90 120
3zuYk-KLwV0_12836 90 1 3 12 87 120
44iLSplEKiI_12160 240 1 3 73 116
44iLSplEKiI_12161 300 73 116
44iLSplEKiI_12162 300 3 12 73 116
44iLSplEKiI_12163 150 3 12 73 116
44iLSplEKiI_12164 480 3 73 116
44iLSplEKiI_12165 270 3 73 116
44iLSplEKiI_12166 360 12 73 116
44iLSplEKiI_12167 690 1 73 116
46rabPWIKyY_05002 240 1 3 4 12 13 104
46rabPWIKyY_05003 120 3 12 15 104
4Dk7eYoj5GI_07310 210 3 4 8 12 96 122
4Dk7eYoj5GI_07311 180 2 8 98 122
4Dk7eYoj5GI_07312 120 4 8 96 122
4Dk7eYoj5GI_07313 120 4 8 96 122
4Dk7eYoj5GI_07314 120 8 96 122
4Dk7eYoj5GI_07315 270 4 8 95 122
4Dk7eYoj5GI_07316 150 1 3 4 8 12 95 122
4Dk7eYoj5GI_07317 150 4 8 96 122
4Dk7eYoj5GI_07318 90 8 98 122
4Dk7eYoj5GI_07319 90 4 6 8 12 96 122
4Dk7eYoj5GI_07320 120 1 4 8 96 122
4Dk7eYoj5GI_07321 270 4 8 96 122
4Dk7eYoj5GI_07322 270 3 4 6 8 12 98 122
4Dk7eYoj5GI_07323 120 4 6 8 12 96 122
4Dk7eYoj5GI_07324 90 4 8 96 122
4Dk7eYoj5GI_07325 90 8 95 122
4Dk7eYoj5GI_07326 90 3 4 8 12 98 122
4Dk7eYoj5GI_07327 120 3 12 98 122
4Dk7eYoj5GI_07328 180 4 6 8 95 122
4Dk7eYoj5GI_07329 210 1 3 4 8 12 98 122
4Dk7eYoj5GI_07330 90 4 8 95 122
4Dk7eYoj5GI_07331 180 3 98 122
4Dk7eYoj5GI_07332 240 4 8 95 122
4Dk7eYoj5GI_07333 270 1 3 4 8 12 98 122
4Dk7eYoj5GI_07334 150 1 3 4 8 12 98 122
4Dk7eYoj5GI_07335 150 3 4 6 8 12 95 122
4Dk7eYoj5GI_07336 270 8 12 98 122
4HRUU51-bno_05940 150 0 3 4 6 8 12 25 106
4HRUU51-bno_05941 120 1 3 8 12 24 106
4HRUU51-bno_05942 120 6 8 12 25 106
4HRUU51-bno_05943 120 4 6 8 12 25 106
4HRUU51-bno_05944 150 4 8 25 106
4HRUU51-bno_05945 270 4 6 8 12 25 106
4HRUU51-bno_05946 300 4 6 8 12 25 106
4HRUU51-bno_05947 180 4 6 8 12 25 106
4HRUU51-bno_05949 120 0 1 3 4 8 12 23 106
4HRUU51-bno_05950 240 4 8 12 25 106
4HRUU51-bno_05951 180 4 8 22 106
4HwcnI5SrpE_12841 150 3 94 121
4HwcnI5SrpE_12837 120 12 91 121
4HwcnI5SrpE_12838 150 1 3 4 12 94 121
4HwcnI5SrpE_12839 120 91 121
4HwcnI5SrpE_12840 120 1 3 12 92 121
4Okk7MkfLUs_00044 180 31 108
4Okk7MkfLUs_00045 150 1 31 108
4P5Z2aU9SQw_12884 90 1 4 12 100 123
4P5Z2aU9SQw_12885 90 1 3 4 12 100 123
4P5Z2aU9SQw_12886 90 4 9 12 100 123
4P5Z2aU9SQw_12887 90 12 99 123
4P5Z2aU9SQw_12888 90 1 3 4 100 123
4P5Z2aU9SQw_12889 90 3 4 100 123
4P5Z2aU9SQw_12890 90 1 4 8 100 123
4P5Z2aU9SQw_12891 90 4 8 12 103 123
4P5Z2aU9SQw_12892 120 4 12 100 123
4P5Z2aU9SQw_12893 90 3 8 12 103 123
4P5Z2aU9SQw_12894 120 1 3 4 12 100 123
4P5Z2aU9SQw_12896 120 1 3 4 12 100 123
4P5Z2aU9SQw_12897 90 8 12 99 123
4P5Z2aU9SQw_12898 90 1 3 4 12 100 123
4P5Z2aU9SQw_12899 90 4 12 103 123
4P5Z2aU9SQw_12900 90 1 3 4 12 102 123
4P5Z2aU9SQw_12901 90 1 4 12 103 123
4P5Z2aU9SQw_12902 90 3 12 103 123
4P5Z2aU9SQw_12903 120 3 103 123
4P5Z2aU9SQw_12904 120 1 12 103 123
4P5Z2aU9SQw_12905 90 3 4 8 12 103 123
4P5Z2aU9SQw_12906 90 12 103 123
4P5Z2aU9SQw_12907 720 4 8 12 101 123
4WL4gmANQCI_10380 900 1 3 4 12 54 113
4WL4gmANQCI_10381 300 3 12 54 113
4XsII-V5muw_13880 720 1 3 4 12 86 119
4XsII-V5muw_13881 900 1 3 4 83 119
4XsII-V5muw_13882 210 1 3 4 83 119
4XsII-V5muw_13883 900 1 3 4 86 119
4XsII-V5muw_13884 270 1 3 4 86 119
4XsII-V5muw_13885 330 1 3 83 119
4XsII-V5muw_13886 510 1 3 85 119
4XsII-V5muw_13887 690 1 3 4 83 119
4XsII-V5muw_13888 900 1 3 4 86 119
4XsII-V5muw_13889 900 1 4 83 119
4XsII-V5muw_13890 120 1 3 86 119
4XsII-V5muw_13891 90 1 3 83 119
4XsII-V5muw_13892 750 1 3 4 83 119
4XsII-V5muw_13893 330 1 3 86 119
4XsII-V5muw_13894 180 1 3 83 119
4fdkP4uqA9s_02852 90 3 12 17 105
4fdkP4uqA9s_02853 450 1 3 12 17 105
4fdkP4uqA9s_02854 270 3 12 17 105
4lc4AYcSdIk_01670 150 1 3 62 115
4lc4AYcSdIk_01671 90 64 115
4lc4AYcSdIk_01672 120 3 12 62 115
4lc4AYcSdIk_01673 450 3 62 115
4lc4AYcSdIk_01674 750 1 3 62 115
4lc4AYcSdIk_01675 480 1 3 12 66 115
4lc4AYcSdIk_01676 179 12 62 115
4lc4AYcSdIk_01677 360 3 62 115
4lc4AYcSdIk_01678 329 1 3 62 115
4lc4AYcSdIk_01679 209 1 3 12 61 115
4lc4AYcSdIk_01680 90 12 61 115
4lc4AYcSdIk_01681 329 1 3 63 115
4lc4AYcSdIk_01682 180 3 63 115
4lc4AYcSdIk_01683 900 3 63 115
4lc4AYcSdIk_01684 539 1 3 63 115
4lc4AYcSdIk_01685 90 63 115
4lc4AYcSdIk_01686 120 3 61 115
4lc4AYcSdIk_01687 809 1 3 4 12 63 115
4lc4AYcSdIk_01688 210 1 3 63 115
4lc4AYcSdIk_01689 269 1 3 66 115
4lc4AYcSdIk_01690 180 1 3 66 115
4lc4AYcSdIk_01691 150 3 66 115
4lc4AYcSdIk_01692 179 3 66 115
4lc4AYcSdIk_01693 299 1 66 115
4lc4AYcSdIk_01694 750 1 3 66 115
4lc4AYcSdIk_01695 150 1 3 66 115
4lc4AYcSdIk_01696 119 66 115
4lc4AYcSdIk_01697 359 12 66 115
4lc4AYcSdIk_01698 180 1 3 65 115
4lc4AYcSdIk_01699 89 12 65 115
4lc4AYcSdIk_01700 210 1 3 65 115
4lc4AYcSdIk_01701 599 66 115
4lc4AYcSdIk_01702 120 62 115
4lc4AYcSdIk_01703 149 62 115
4lc4AYcSdIk_01704 179 66 115
4lc4AYcSdIk_01705 300 66 115
4lc4AYcSdIk_01706 89 3 66 115
4lc4AYcSdIk_01707 149 1 3 4 65 115
4rp2aLQl7vg_07083 90 1 4 8 97 122
4rp2aLQl7vg_07084 210 3 4 8 12 98 122
4rp2aLQl7vg_07085 300 4 8 96 122
4rp2aLQl7vg_07086 120 4 8 12 96 122
4rp2aLQl7vg_07087 90 7 8 95 122
4rp2aLQl7vg_07088 120 1 3 4 8 96 122
4rp2aLQl7vg_07089 90 1 4 8 96 122
4rp2aLQl7vg_07090 180 4 8 96 122
4rp2aLQl7vg_07091 90 1 2 4 6 8 12 98 122
4rp2aLQl7vg_07092 90 3 8 12 95 122
4rp2aLQl7vg_07093 270 4 6 8 95 122
5-N_cMG-5Rs_13689 750 1 3 4 12 83 119
5-N_cMG-5Rs_13690 179 4 86 119
5-N_cMG-5Rs_13691 599 1 3 4 85 119
5-N_cMG-5Rs_13692 179 1 3 86 119
5-N_cMG-5Rs_13693 89 3 85 119
5-N_cMG-5Rs_13694 149 1 3 4 12 86 119
5-N_cMG-5Rs_13695 360 1 3 4 83 119
5-N_cMG-5Rs_13696 89 1 3 4 86 119
5-N_cMG-5Rs_13697 299 1 3 4 12 85 119
5-N_cMG-5Rs_13698 899 1 3 4 83 119
5-N_cMG-5Rs_13699 299 1 3 4 85 119
5-N_cMG-5Rs_13700 810 1 3 4 83 119
5-N_cMG-5Rs_13701 390 1 3 4 85 119
5-N_cMG-5Rs_13702 899 1 3 4 83 119
5-N_cMG-5Rs_13703 179 1 3 4 83 119
5-N_cMG-5Rs_13704 749 1 4 83 119
5-N_cMG-5Rs_13705 240 1 3 4 86 119
5-N_cMG-5Rs_13706 209 1 3 4 83 119
5-N_cMG-5Rs_13707 90 1 3 4 12 86 119
5-N_cMG-5Rs_13708 900 1 3 85 119
5-N_cMG-5Rs_13709 900 1 3 85 119
5-N_cMG-5Rs_13710 179 1 3 85 119
5-N_cMG-5Rs_13711 90 1 3 4 12 86 119
5-N_cMG-5Rs_13712 150 1 83 119
5-N_cMG-5Rs_13713 299 1 3 4 85 119
5-N_cMG-5Rs_13714 209 1 3 4 83 119
5-N_cMG-5Rs_13715 90 1 3 4 86 119
5-N_cMG-5Rs_13716 900 1 3 12 86 119
5-N_cMG-5Rs_13717 900 1 3 4 12 86 119
530Xv_EKnKs_09358 90 1 3 92 121
530Xv_EKnKs_09359 90 3 91 121
530Xv_EKnKs_09360 210 1 3 92 121
530Xv_EKnKs_09361 240 1 3 12 92 121
530Xv_EKnKs_09362 90 3 91 121
530Xv_EKnKs_09363 120 1 3 12 92 121
56FtTNo_9wg_13292 360 1 3 4 12 83 119
56FtTNo_9wg_13293 360 1 3 86 119
56FtTNo_9wg_13294 360 1 4 12 83 119
56FtTNo_9wg_13295 300 1 85 119
56FtTNo_9wg_13296 90 1 3 4 86 119
56FtTNo_9wg_13297 180 1 3 4 85 119
56FtTNo_9wg_13298 150 1 3 12 83 119
56FtTNo_9wg_13299 900 1 3 4 5 83 119
56FtTNo_9wg_13300 150 1 3 12 83 119
56FtTNo_9wg_13301 120 1 3 4 85 119
56FtTNo_9wg_13302 750 1 3 5 12 83 119
578BobcULT4_11457 90 1 3 12 100 123
578BobcULT4_11458 90 1 3 4 100 123
578BobcULT4_11459 90 1 4 8 12 102 123
578BobcULT4_11460 240 1 4 8 102 123
578BobcULT4_11461 90 4 12 100 123
578BobcULT4_11462 180 1 4 8 102 123
578BobcULT4_11463 90 1 3 4 12 100 123
578BobcULT4_11464 510 1 3 4 8 12 102 123
578BobcULT4_11465 90 3 4 100 123
578BobcULT4_11466 150 1 4 12 102 123
578BobcULT4_11467 90 3 4 12 100 123
578BobcULT4_11468 150 1 4 8 12 102 123
578BobcULT4_11469 420 1 4 12 102 123
5AqofcC8zXo_13140 900 1 83 119
5AqofcC8zXo_13141 899 1 83 119
5AqofcC8zXo_13142 899 1 4 83 119
5AqofcC8zXo_13143 209 1 3 4 86 119
5AqofcC8zXo_13144 570 1 3 4 85 119
5AqofcC8zXo_13145 209 1 3 86 119
5AqofcC8zXo_13146 89 1 3 85 119
5AqofcC8zXo_13147 119 1 3 4 12 86 119
5AqofcC8zXo_13148 390 1 3 4 83 119
5AqofcC8zXo_13149 329 1 3 4 85 119
5AqofcC8zXo_13150 900 1 3 4 83 119
5AqofcC8zXo_13151 149 1 3 4 85 119
5AqofcC8zXo_13152 900 1 4 83 119
5AqofcC8zXo_13153 900 1 4 83 119
5AqofcC8zXo_13154 900 1 4 83 119
5AqofcC8zXo_13155 299 1 3 4 86 119
5AqofcC8zXo_13156 210 1 3 4 83 119
5AqofcC8zXo_13157 899 1 3 12 85 119
5AqofcC8zXo_13158 899 1 3 4 85 119
5AqofcC8zXo_13159 899 1 3 83 119
5AqofcC8zXo_13160 900 1 3 4 12 86 119
5AqofcC8zXo_13161 900 1 3 86 119
5AqofcC8zXo_13162 809 1 3 4 12 86 119
5AqofcC8zXo_13163 149 3 4 86 119
5Gei3k15lIA_04720 120 3 4 8 12 59 114
5Gei3k15lIA_04721 240 3 4 8 12 59 114
5Gei3k15lIA_04722 150 1 4 8 12 59 114
5Gei3k15lIA_04723 150 4 6 8 11 58 114
5Gei3k15lIA_04724 180 3 4 8 12 59 114
5Gei3k15lIA_04725 150 3 4 8 12 59 114
5Gei3k15lIA_04726 210 4 6 8 59 114
5Gei3k15lIA_04727 120 1 4 6 8 59 114
5Gei3k15lIA_04728 120 4 8 59 114
5Gei3k15lIA_04729 120 4 8 58 114
5Gei3k15lIA_04730 210 6 8 12 58 114
5Gei3k15lIA_04731 120 4 6 8 59 114
5Gei3k15lIA_04732 120 8 12 58 114
5Gei3k15lIA_04733 90 3 8 12 58 114
5Gei3k15lIA_04734 120 4 8 12 58 114
5Gei3k15lIA_04735 120 8 12 58 114
5Gei3k15lIA_04736 120 3 8 58 114
5Gei3k15lIA_04737 150 1 3 4 8 12 58 114
5JfKnAVdsHo_13051 270 1 4 8 102 123
5JfKnAVdsHo_13052 120 1 3 5 12 101 123
5JfKnAVdsHo_13053 90 1 3 4 12 100 123
5JfKnAVdsHo_13054 90 4 6 8 102 123
5JfKnAVdsHo_13055 300 4 8 102 123
5JfKnAVdsHo_13056 90 4 8 12 103 123
5JfKnAVdsHo_13057 150 4 8 12 102 123
5JfKnAVdsHo_13058 120 4 8 12 103 123
5JfKnAVdsHo_13059 90 1 3 4 8 100 123
5JfKnAVdsHo_13060 150 1 4 8 102 123
5JfKnAVdsHo_13061 90 1 3 4 12 103 123
5JfKnAVdsHo_13062 90 1 3 4 8 100 123
5JfKnAVdsHo_13063 240 1 4 6 8 102 123
5JfKnAVdsHo_13064 90 5 12 101 123
5JfKnAVdsHo_13065 90 1 3 4 100 123
5JfKnAVdsHo_13067 90 1 3 4 8 100 123
5JfKnAVdsHo_13068 90 1 4 12 102 123
5JfKnAVdsHo_13069 120 1 3 4 100 123
5JfKnAVdsHo_13070 90 1 3 4 12 103 123
5JfKnAVdsHo_13071 120 1 4 12 102 123
5JfKnAVdsHo_13072 90 1 3 4 8 100 123
5JfKnAVdsHo_13073 90 4 8 12 103 123
5JfKnAVdsHo_13074 90 1 4 12 101 123
5JfKnAVdsHo_13075 90 1 4 8 12 102 123
5JfKnAVdsHo_13076 90 1 3 4 100 123
5JfKnAVdsHo_13077 90 1 4 8 12 99 123
5JfKnAVdsHo_13079 90 12 101 123
5JfKnAVdsHo_13080 90 1 3 4 12 103 123
5JfKnAVdsHo_13081 90 1 4 100 123
5JfKnAVdsHo_13082 90 1 4 8 12 103 123
5JfKnAVdsHo_13083 120 1 4 5 101 123
5JfKnAVdsHo_13084 120 4 8 100 123
5JfKnAVdsHo_13085 90 4 8 99 123
5JfKnAVdsHo_13086 120 12 101 123
5JfKnAVdsHo_13087 90 3 4 8 12 99 123
5JfKnAVdsHo_13088 90 0 4 101 123
5JfKnAVdsHo_13089 120 1 3 12 101 123
5JfKnAVdsHo_13090 90 0 4 8 12 99 123
5JfKnAVdsHo_13091 120 12 101 123
5JfKnAVdsHo_13092 90 1 3 4 8 99 123
5JfKnAVdsHo_13093 90 1 12 101 123
5JfKnAVdsHo_13094 90 1 4 8 12 103 123
5WSxT_4ny78_09950 270 3 54 113
5WSxT_4ny78_09951 900 1 3 56 113
5WSxT_4ny78_09952 240 3 56 113
5WSxT_4ny78_09953 360 54 113
5YzxbjqhiFU_00117 900 1 3 4 12 94 121
5YzxbjqhiFU_00118 360 1 3 4 12 94 121
5ZlLE0jcbXo_11841 900 1 4 69 116
5ZlLE0jcbXo_11842 420 1 69 116
5__1PwHRpAM_05233 90 3 4 8 96 122
5__1PwHRpAM_05234 150 3 98 122
5__1PwHRpAM_05235 120 8 96 122
5__1PwHRpAM_05236 150 4 8 96 122
5__1PwHRpAM_05237 180 4 8 96 122
5__1PwHRpAM_05238 120 4 8 12 96 122
5__1PwHRpAM_05239 90 1 4 8 96 122
5__1PwHRpAM_05240 90 1 3 4 8 12 96 122
5__1PwHRpAM_05241 150 8 96 122
5__1PwHRpAM_05242 90 8 96 122
5_v7QrIW0zY_12096 720 1 4 73 116
5_v7QrIW0zY_12098 300 1 2 3 4 5 11 72 116
5axQQpTzxAE_04120 180 74 117
5axQQpTzxAE_04121 150 74 117
5axQQpTzxAE_04122 150 1 3 74 117
5axQQpTzxAE_04123 180 74 117
5axQQpTzxAE_04124 120 74 117
5axQQpTzxAE_04125 180 3 74 117
5axQQpTzxAE_04126 180 3 74 117
5axQQpTzxAE_04127 120 74 117
5axQQpTzxAE_04128 120 74 117
5axQQpTzxAE_04129 360 74 117
5bjr7DgN_nk_02899 120 1 3 18 105
5bjr7DgN_nk_02900 390 3 4 21 105
5bjr7DgN_nk_02901 150 1 18 105
5bjr7DgN_nk_02902 240 3 21 105
5bjr7DgN_nk_02903 150 3 17 105
5bjr7DgN_nk_02904 180 17 105
5bjr7DgN_nk_02905 210 18 105
5bjr7DgN_nk_02906 120 3 21 105
5eihABE3eu0_01470 150 1 3 68 115
5eihABE3eu0_01471 480 3 60 115
5eihABE3eu0_01472 390 3 4 68 115
5eihABE3eu0_01473 570 3 60 115
5eihABE3eu0_01474 540 1 3 4 68 115
5eihABE3eu0_01475 480 1 3 60 115
5eihABE3eu0_01476 450 1 3 4 68 115
5eihABE3eu0_01477 150 3 4 60 115
5eihABE3eu0_01478 90 3 4 61 115
5eihABE3eu0_01479 330 1 3 4 68 115
5eihABE3eu0_01480 150 1 3 4 61 115
5eihABE3eu0_01481 900 3 68 115
5eihABE3eu0_01482 900 60 115
5eihABE3eu0_01483 150 3 60 115
5eihABE3eu0_01484 210 3 68 115
5eihABE3eu0_01485 750 3 60 115
5eihABE3eu0_01486 210 3 68 115
5eihABE3eu0_01487 270 1 3 4 60 115
5eihABE3eu0_01488 450 3 68 115
5eihABE3eu0_01489 240 1 3 61 115
5ji4HUTp9eA_04152 120 75 117
5ji4HUTp9eA_04153 90 78 117
5ji4HUTp9eA_04154 300 1 74 117
5ji4HUTp9eA_04155 150 76 117
5oHbGHeI5Gk_00076 300 1 12 32 108
5oHbGHeI5Gk_00077 180 3 12 32 108
5pVofFYuKks_00112 900 1 3 94 121
5pVofFYuKks_00113 120 1 3 4 94 121
5pVofFYuKks_00114 840 0 1 3 4 94 121
5pVofFYuKks_00115 900 0 1 3 4 94 121
5pVofFYuKks_00116 300 0 1 3 4 94 121
5toVaiavq8s_05566 720 4 8 12 96 122
5toVaiavq8s_05567 390 3 8 12 96 122
5toVaiavq8s_05568 540 8 96 122
5toVaiavq8s_05569 330 8 96 122
5toVaiavq8s_05570 120 3 8 96 122
5toVaiavq8s_05571 330 4 8 96 122
5toVaiavq8s_05572 450 8 96 122
5toVaiavq8s_05573 90 4 8 12 96 122
5toVaiavq8s_05574 270 4 8 96 122
5toVaiavq8s_05575 300 1 3 4 8 12 96 122
5toVaiavq8s_05576 240 4 8 98 122
5x3YYy4OHOg_03675 120 1 3 12 92 121
5x3YYy4OHOg_03676 150 1 3 4 12 92 121
5x3YYy4OHOg_03677 180 1 3 94 121
5x3YYy4OHOg_03678 209 1 3 4 94 121
5x3YYy4OHOg_03679 209 3 4 94 121
5x3YYy4OHOg_03680 180 3 94 121
5x3YYy4OHOg_03681 899 1 3 4 94 121
5x3YYy4OHOg_03682 149 1 3 4 94 121
5x3YYy4OHOg_03683 210 1 3 4 94 121
5x3YYy4OHOg_03684 569 1 3 4 94 121
5x3YYy4OHOg_03685 509 1 3 4 94 121
5x3YYy4OHOg_03686 269 3 94 121
5zROEX1Qsm4_06274 180 1 3 4 8 12 55 113
5zROEX1Qsm4_06275 300 54 113
5zROEX1Qsm4_06276 150 1 3 4 12 57 113
5zROEX1Qsm4_06277 360 1 3 4 12 57 113
5zROEX1Qsm4_06278 120 1 3 4 12 56 113
5zROEX1Qsm4_06280 120 3 4 8 12 54 113
5zROEX1Qsm4_06281 90 0 3 4 54 113
5zROEX1Qsm4_06282 120 1 3 4 8 12 56 113
5zROEX1Qsm4_06283 120 1 3 4 12 54 113
5zROEX1Qsm4_06284 120 54 113
5zROEX1Qsm4_06285 180 1 3 12 57 113
5zROEX1Qsm4_06286 180 12 54 113
5zROEX1Qsm4_06287 180 1 8 55 113
5zROEX1Qsm4_06288 120 3 12 57 113
5zROEX1Qsm4_06289 120 0 1 3 4 54 113
5zROEX1Qsm4_06290 120 1 3 4 12 54 113
5zROEX1Qsm4_06291 120 0 1 3 4 12 56 113
5zROEX1Qsm4_06292 180 0 1 3 4 12 55 113
5zROEX1Qsm4_06293 120 1 4 8 12 55 113
5zROEX1Qsm4_06294 480 1 3 4 8 12 54 113
5zROEX1Qsm4_06295 270 0 1 3 4 12 56 113
5zROEX1Qsm4_06296 510 0 1 3 4 12 54 113
60fMdvjTHig_03810 180 4 6 8 22 106
60fMdvjTHig_03811 150 1 4 8 22 106
60fMdvjTHig_03812 150 3 4 5 8 12 24 106
60fMdvjTHig_03813 240 4 8 22 106
60fMdvjTHig_03814 90 3 4 8 24 106
60fMdvjTHig_03815 180 4 6 8 22 106
60fMdvjTHig_03816 120 3 6 22 106
60fMdvjTHig_03817 150 3 4 8 12 25 106
60fMdvjTHig_03818 180 3 4 8 12 24 106
60fMdvjTHig_03819 390 4 6 8 12 25 106
60fMdvjTHig_03820 210 1 2 4 6 8 25 106
60fMdvjTHig_03821 240 1 4 8 12 24 106
60fMdvjTHig_03822 330 3 4 6 8 12 25 106
60fMdvjTHig_03823 630 1 3 4 6 8 12 25 106
60fMdvjTHig_03824 300 1 3 4 6 8 12 25 106
60fMdvjTHig_03825 210 1 4 8 12 24 106
60fMdvjTHig_03826 120 4 8 22 106
60fMdvjTHig_03827 150 3 4 6 8 12 25 106
60fMdvjTHig_03828 150 4 8 22 106
60fMdvjTHig_03829 150 4 6 8 12 25 106
60fMdvjTHig_03830 210 3 4 6 8 12 25 106
60fMdvjTHig_03831 240 4 8 12 24 106
60fMdvjTHig_03832 210 3 4 6 22 106
60fMdvjTHig_03833 300 1 3 4 8 12 25 106
60fMdvjTHig_03834 150 3 8 12 24 106
60fMdvjTHig_03835 210 3 4 8 12 23 106
60fMdvjTHig_03836 300 3 4 6 8 12 22 106
60fMdvjTHig_03837 180 4 6 8 12 22 106
60fMdvjTHig_03838 210 3 4 6 8 12 24 106
60fMdvjTHig_03839 270 3 4 6 8 12 23 106
60fMdvjTHig_03840 90 1 3 12 24 106
60fMdvjTHig_03841 150 3 8 12 24 106
63vsM1-XDNs_07645 600 1 3 4 12 40 110
63vsM1-XDNs_07646 359 3 44 110
63vsM1-XDNs_07647 360 1 3 44 110
63vsM1-XDNs_07648 720 1 3 12 40 110
63vsM1-XDNs_07649 329 3 4 40 110
63vsM1-XDNs_07650 270 1 3 4 12 43 110
63vsM1-XDNs_07652 630 1 3 44 110
63vsM1-XDNs_07653 899 1 3 4 40 110
63vsM1-XDNs_07654 239 1 3 12 40 110
63vsM1-XDNs_07655 89 1 3 12 40 110
63vsM1-XDNs_07656 539 1 3 4 12 40 110
63vsM1-XDNs_07657 870 1 3 40 110
63vsM1-XDNs_07658 630 4 40 110
64Vu-Vn8Hyk_00360 120 8 95 122
64Vu-Vn8Hyk_00361 119 1 3 4 8 95 122
64Vu-Vn8Hyk_00362 120 3 4 8 12 95 122
64Vu-Vn8Hyk_00363 120 4 8 96 122
64Vu-Vn8Hyk_00364 120 8 95 122
64Vu-Vn8Hyk_00365 120 3 4 8 12 95 122
64Vu-Vn8Hyk_00366 150 3 4 8 95 122
64Vu-Vn8Hyk_00367 120 3 4 8 95 122
64Vu-Vn8Hyk_00368 149 4 8 95 122
64Vu-Vn8Hyk_00369 120 1 3 4 6 8 12 96 122
64Vu-Vn8Hyk_00370 150 1 4 8 96 122
6BSeFs40QOI_07215 180 4 8 96 122
6BSeFs40QOI_07216 90 1 4 6 8 96 122
6BSeFs40QOI_07217 390 1 2 3 4 8 12 96 122
6BSeFs40QOI_07218 90 3 4 6 8 95 122
6BSeFs40QOI_07219 90 0 1 4 8 12 96 122
6BSeFs40QOI_07220 330 4 6 8 12 96 122
6KNeOxhAegw_15631 90 1 3 4 37 109
6KNeOxhAegw_15632 240 0 1 3 4 9 37 109
6KNeOxhAegw_15633 150 4 35 109
6KNeOxhAegw_15634 90 1 4 12 35 109
6KNeOxhAegw_15635 210 1 4 35 109
6KNeOxhAegw_15636 90 0 1 2 4 35 109
6KNeOxhAegw_15637 90 8 36 109
6KNeOxhAegw_15638 120 0 1 2 3 4 35 109
6OtPSfyZXNw_02708 150 1 3 4 17 105
6OtPSfyZXNw_02709 360 1 3 4 17 105
6OtPSfyZXNw_02710 150 1 3 4 17 105
6TgZ9mFJ6DE_04589 90 1 3 4 8 59 114
6TgZ9mFJ6DE_04590 120 1 4 8 12 59 114
6UyqyVSy5yU_11807 540 2 3 5 10 69 116
6UyqyVSy5yU_11808 240 3 71 116
6UyqyVSy5yU_11809 180 1 3 71 116
6UyqyVSy5yU_11810 150 1 3 71 116
6WeK2hkK_OA_05109 360 1 3 16 104
6WeK2hkK_OA_05110 300 3 4 5 13 104
6WeK2hkK_OA_05111 270 12 15 104
6WeK2hkK_OA_05112 810 1 3 12 14 104
6WeK2hkK_OA_05113 150 3 14 104
6WeK2hkK_OA_05114 150 3 14 104
6WeK2hkK_OA_05115 660 3 14 104
6WeK2hkK_OA_05116 450 3 14 104
6WeK2hkK_OA_05117 420 1 3 14 104
6WeK2hkK_OA_05118 150 3 14 104
6WeK2hkK_OA_05119 210 3 14 104
6WeK2hkK_OA_05120 900 3 14 104
6aMDistAeSE_06764 270 4 8 96 122
6aMDistAeSE_06765 420 1 3 4 8 12 96 122
6aMDistAeSE_06766 150 3 4 8 12 98 122
6aMDistAeSE_06767 300 3 8 12 98 122
6aMDistAeSE_06768 240 3 4 8 12 98 122
6aMDistAeSE_06769 90 1 3 4 8 12 98 122
6cP8ZTPgD-s_09755 150 3 4 6 8 12 25 106
6cP8ZTPgD-s_09756 240 1 4 8 25 106
6cP8ZTPgD-s_09757 180 1 3 4 6 8 12 25 106
6cP8ZTPgD-s_09758 90 3 4 8 12 22 106
6cP8ZTPgD-s_09759 210 4 8 12 25 106
6cP8ZTPgD-s_09760 120 3 4 6 8 12 25 106
6cP8ZTPgD-s_09761 390 4 8 12 25 106
6cP8ZTPgD-s_09762 180 1 3 4 8 25 106
6cP8ZTPgD-s_09763 120 3 4 6 8 12 25 106
6cP8ZTPgD-s_09764 270 3 4 6 8 12 25 106
6cP8ZTPgD-s_09765 210 1 3 4 8 12 25 106
6cP8ZTPgD-s_09766 90 1 3 4 24 106
6cP8ZTPgD-s_09767 180 12 24 106
6cP8ZTPgD-s_09768 180 1 3 4 12 23 106
6cP8ZTPgD-s_09769 150 3 4 6 8 12 24 106
6jDFjB9_tcs_07832 150 3 40 110
6jDFjB9_tcs_07833 239 1 3 12 40 110
6jDFjB9_tcs_07834 419 1 3 12 40 110
6jDFjB9_tcs_07835 329 3 12 40 110
6jDFjB9_tcs_07836 630 1 3 40 110
6jDFjB9_tcs_07837 719 1 3 4 40 110
6jDFjB9_tcs_07838 330 1 3 4 40 110
6jDFjB9_tcs_07839 689 1 3 12 40 110
6jDFjB9_tcs_07840 329 3 12 40 110
6njiBX0LklM_13348 720 1 4 83 119
6njiBX0LklM_13349 420 1 4 86 119
6njiBX0LklM_13350 900 1 4 86 119
6njiBX0LklM_13351 210 1 86 119
6njiBX0LklM_13352 90 1 4 83 119
6njiBX0LklM_13353 720 1 4 83 119
6njiBX0LklM_13354 90 1 3 4 85 119
6njiBX0LklM_13355 180 1 3 4 83 119
6njiBX0LklM_13356 90 1 3 4 85 119
6njiBX0LklM_13357 150 1 3 4 83 119
6njiBX0LklM_13358 270 1 3 86 119
6njiBX0LklM_13360 420 1 3 4 83 119
6qY0HL0ql6k_11836 180 1 2 3 69 116
6qY0HL0ql6k_11837 120 1 2 3 7 69 116
6qY0HL0ql6k_11838 120 1 2 3 7 69 116
6uPHLRGao5E_11347 90 1 3 4 80 118
6uPHLRGao5E_11348 150 1 3 12 82 118
6uPHLRGao5E_11349 360 1 3 12 82 118
6v2PQ1X3PmQ_07844 90 1 3 4 43 110
6v2PQ1X3PmQ_07845 120 1 3 40 110
6v2PQ1X3PmQ_07846 120 1 3 43 110
6v2PQ1X3PmQ_07847 90 1 4 39 110
6v2PQ1X3PmQ_07848 240 4 40 110
6v2PQ1X3PmQ_07849 150 1 3 4 40 110
6v2PQ1X3PmQ_07850 90 1 3 4 39 110
6v2PQ1X3PmQ_07851 90 1 3 4 12 39 110
6wx-Qh4Vczc_04849 450 1 3 4 5 12 13 104
6wx-Qh4Vczc_04850 120 1 3 4 12 15 104
77Q1UXwSt9Q_13278 900 1 3 4 12 86 119
77Q1UXwSt9Q_13279 810 1 3 4 12 86 119
77Q1UXwSt9Q_13280 900 4 12 86 119
77Q1UXwSt9Q_13281 330 1 83 119
77Q1UXwSt9Q_13282 180 85 119
77Q1UXwSt9Q_13283 210 86 119
77Q1UXwSt9Q_13284 150 1 85 119
77Q1UXwSt9Q_13285 210 1 86 119
77Q1UXwSt9Q_13286 420 4 85 119
77Q1UXwSt9Q_13287 180 86 119
77Q1UXwSt9Q_13288 210 85 119
77Q1UXwSt9Q_13289 330 1 83 119
77Q1UXwSt9Q_13290 300 1 85 119
77Q1UXwSt9Q_13291 150 86 119
7Bu1Qn3LE5w_09829 330 1 3 75 117
7Bu1Qn3LE5w_09830 540 3 75 117
7Bu1Qn3LE5w_09831 150 78 117
7Bu1Qn3LE5w_09832 900 74 117
7Bu1Qn3LE5w_09833 180 76 117
7Eh3WY-9lrY_14832 90 1 4 8 100 123
7Eh3WY-9lrY_14833 90 1 4 8 100 123
7Eh3WY-9lrY_14834 90 1 4 8 102 123
7Eh3WY-9lrY_14835 90 1 4 8 103 123
7Eh3WY-9lrY_14836 90 4 12 100 123
7Eh3WY-9lrY_14837 90 4 8 100 123
7Eh3WY-9lrY_14838 120 1 4 8 102 123
7Eh3WY-9lrY_14839 90 3 4 12 103 123
7Eh3WY-9lrY_14840 90 4 8 100 123
7Eh3WY-9lrY_14841 90 1 4 8 100 123
7Eh3WY-9lrY_14842 90 8 12 99 123
7Eh3WY-9lrY_14843 90 4 8 100 123
7Eh3WY-9lrY_14844 90 1 4 8 103 123
7Eh3WY-9lrY_14845 90 3 4 8 100 123
7Eh3WY-9lrY_14846 210 4 8 102 123
7Eh3WY-9lrY_14847 90 3 4 8 103 123
7Eh3WY-9lrY_14848 90 1 4 8 12 100 123
7Eh3WY-9lrY_14849 90 1 4 12 103 123
7Eh3WY-9lrY_14850 90 1 4 8 100 123
7Eh3WY-9lrY_14851 90 1 4 8 102 123
7Eh3WY-9lrY_14852 90 1 3 4 12 103 123
7Eh3WY-9lrY_14853 90 1 4 8 103 123
7Eh3WY-9lrY_14854 90 1 4 8 103 123
7Eh3WY-9lrY_14855 90 1 3 4 12 103 123
7Eh3WY-9lrY_14856 480 4 8 102 123
7Eh3WY-9lrY_14857 90 4 8 12 99 123
7Eh3WY-9lrY_14858 90 1 4 8 103 123
7Eh3WY-9lrY_14859 240 3 4 8 102 123
7Eh3WY-9lrY_14860 270 1 4 6 8 102 123
7Eh3WY-9lrY_14861 90 4 8 102 123
7Eh3WY-9lrY_14862 120 1 4 8 102 123
7Eh3WY-9lrY_14863 90 1 4 8 101 123
7Eh3WY-9lrY_14864 240 1 4 8 102 123
7Eh3WY-9lrY_14865 120 12 101 123
7FRD2p4236o_09291 900 3 4 67 115
7FRD2p4236o_09292 900 3 4 67 115
7FRD2p4236o_09293 900 67 115
7FRD2p4236o_09294 390 1 3 4 67 115
7FRD2p4236o_09295 390 1 67 115
7FRD2p4236o_09296 300 1 3 4 67 115
7FRD2p4236o_09297 900 1 3 4 67 115
7FRD2p4236o_09298 600 1 67 115
7FRD2p4236o_09299 900 1 4 67 115
7FRD2p4236o_09300 900 67 115
7FRD2p4236o_09301 780 1 3 65 115
7FRD2p4236o_09302 540 1 12 65 115
7FRD2p4236o_09303 900 1 4 66 115
7FRD2p4236o_09304 840 66 115
7Hdr4TSdtjk_13585 900 1 3 4 83 119
7Hdr4TSdtjk_13586 900 1 4 83 119
7Hdr4TSdtjk_13587 900 1 83 119
7Hdr4TSdtjk_13588 900 1 4 83 119
7Hdr4TSdtjk_13589 900 1 3 4 83 119
7Hdr4TSdtjk_13590 390 1 4 83 119
7Hdr4TSdtjk_13591 660 1 3 4 12 86 119
7Hdr4TSdtjk_13592 900 1 3 83 119
7Hdr4TSdtjk_13593 900 1 3 4 83 119
7Hdr4TSdtjk_13594 720 1 3 4 12 83 119
7Hdr4TSdtjk_13595 90 3 4 85 119
7Hdr4TSdtjk_13596 900 1 3 4 12 83 119
7Hdr4TSdtjk_13597 120 1 3 4 12 85 119
7Hdr4TSdtjk_13598 240 1 3 4 85 119
7Hdr4TSdtjk_13599 150 1 3 86 119
7Hdr4TSdtjk_13600 450 0 1 3 4 85 119
7Hdr4TSdtjk_13601 390 0 1 3 4 86 119
7Hdr4TSdtjk_13602 210 3 4 85 119
7Hdr4TSdtjk_13603 210 0 1 3 86 119
7YQ2chpwM5o_11619 900 29 107
7YQ2chpwM5o_11620 899 29 107
7YQ2chpwM5o_11621 899 29 107
7YQ2chpwM5o_11622 599 29 107
7YQ2chpwM5o_11623 900 1 29 107
7YQ2chpwM5o_11624 900 29 107
7YQ2chpwM5o_11625 900 1 29 107
7YQ2chpwM5o_11626 420 29 107
7YQ2chpwM5o_11627 390 29 107
7YQ2chpwM5o_11628 899 27 107
7YQ2chpwM5o_11629 749 27 107
7YQ2chpwM5o_11630 629 30 107
7YQ2chpwM5o_11631 180 30 107
7YQ2chpwM5o_11632 299 26 107
7YQ2chpwM5o_11633 839 30 107
7_-TjqeXUrg_14327 210 1 4 8 102 123
7_-TjqeXUrg_14328 72 3 4 12 102 123
7a9Cir7wPZ0_10527 690 3 12 54 113
7a9Cir7wPZ0_10528 300 3 12 56 113
7a9Cir7wPZ0_10529 240 3 12 56 113
7a9Cir7wPZ0_10530 90 3 4 54 113
7a9Cir7wPZ0_10531 390 1 3 4 12 54 113
7bRNEZVNVSs_04896 420 12 13 104
7bRNEZVNVSs_04897 300 1 3 12 13 104
7bRNEZVNVSs_04898 120 1 3 12 15 104
7m1ac6FzCJQ_01058 240 62 115
7m1ac6FzCJQ_01059 150 3 62 115
7m1ac6FzCJQ_01060 90 62 115
7m1ac6FzCJQ_01061 120 3 62 115
7m1ac6FzCJQ_01062 90 3 62 115
7m1ac6FzCJQ_01063 120 3 62 115
7m1ac6FzCJQ_01064 210 62 115
7m1ac6FzCJQ_01065 180 1 62 115
7m1ac6FzCJQ_01066 90 3 62 115
7m1ac6FzCJQ_01067 300 3 62 115
7m1ac6FzCJQ_01068 450 1 4 12 60 115
7m1ac6FzCJQ_01069 300 1 3 64 115
7vioY7UPbrs_02968 90 3 78 117
7vioY7UPbrs_02969 390 3 4 74 117
84RYunRQHfI_06201 120 4 6 8 12 25 106
84RYunRQHfI_06202 120 3 4 6 8 22 106
84RYunRQHfI_06203 150 3 4 6 8 12 25 106
84RYunRQHfI_06204 120 3 4 6 8 12 25 106
84RYunRQHfI_06205 120 4 6 8 12 25 106
84RYunRQHfI_06206 180 3 4 6 8 12 25 106
84RYunRQHfI_06207 180 3 4 8 12 25 106
84RYunRQHfI_06208 120 4 8 12 22 106
84RYunRQHfI_06209 210 4 6 8 25 106
84RYunRQHfI_06210 300 1 4 6 8 25 106
84RYunRQHfI_06211 240 3 4 6 8 12 25 106
84RYunRQHfI_06212 90 3 4 6 8 12 25 106
84RYunRQHfI_06213 120 3 8 12 24 106
84RYunRQHfI_06214 210 1 4 8 12 24 106
84RYunRQHfI_06215 180 3 8 12 24 106
84RYunRQHfI_06216 120 1 4 8 12 24 106
84RYunRQHfI_06217 120 1 3 8 12 24 106
84RYunRQHfI_06218 120 3 4 6 8 12 22 106
858kpMv7hDQ_14455 390 4 8 102 123
858kpMv7hDQ_14456 90 1 4 8 103 123
858kpMv7hDQ_14457 90 12 101 123
858kpMv7hDQ_14458 330 4 8 102 123
858kpMv7hDQ_14459 90 4 8 12 100 123
858kpMv7hDQ_14460 150 4 8 102 123
858kpMv7hDQ_14461 90 1 4 8 103 123
858kpMv7hDQ_14463 210 4 6 8 102 123
858kpMv7hDQ_14464 180 4 6 8 102 123
858kpMv7hDQ_14465 90 1 4 8 100 123
858kpMv7hDQ_14466 150 4 8 102 123
858kpMv7hDQ_14467 90 1 4 8 12 103 123
858kpMv7hDQ_14468 90 1 4 8 100 123
858kpMv7hDQ_14469 180 4 8 102 123
858kpMv7hDQ_14470 90 1 4 8 103 123
858kpMv7hDQ_14471 180 4 8 102 123
858kpMv7hDQ_14472 90 1 4 8 100 123
858kpMv7hDQ_14473 90 1 4 8 103 123
858kpMv7hDQ_14474 90 4 8 100 123
858kpMv7hDQ_14475 90 1 4 12 100 123
858kpMv7hDQ_14476 120 1 4 8 102 123
858kpMv7hDQ_14477 90 1 3 4 8 100 123
858kpMv7hDQ_14478 540 1 4 8 102 123
858kpMv7hDQ_14479 90 4 8 103 123
858kpMv7hDQ_14480 180 1 4 12 101 123
858kpMv7hDQ_14481 90 3 4 12 100 123
858kpMv7hDQ_14482 90 4 8 100 123
858kpMv7hDQ_14483 120 1 3 12 101 123
858kpMv7hDQ_14484 90 3 4 8 100 123
858kpMv7hDQ_14485 90 1 4 8 103 123
858kpMv7hDQ_14486 90 1 4 8 103 123
858kpMv7hDQ_14487 90 4 8 99 123
858kpMv7hDQ_14488 210 1 12 101 123
858kpMv7hDQ_14489 90 1 4 6 8 103 123
858kpMv7hDQ_14490 90 1 4 8 103 123
858kpMv7hDQ_14491 630 1 2 3 4 8 12 101 123
858kpMv7hDQ_14492 570 1 8 12 101 123
85RgSWytqa4_02763 240 1 19 105
85RgSWytqa4_02764 270 1 19 105
85RgSWytqa4_02765 210 19 105
85RgSWytqa4_02766 450 1 19 105
85RgSWytqa4_02767 120 19 105
85RgSWytqa4_02768 900 0 1 2 3 4 11 19 105
85RgSWytqa4_02769 930 1 2 3 4 19 105
85RgSWytqa4_02770 330 1 2 4 19 105
85RgSWytqa4_02771 690 1 3 19 105
85RgSWytqa4_02772 450 1 3 12 19 105
87OuA4nN42k_09615 300 1 4 6 8 12 25 106
87OuA4nN42k_09616 510 1 3 4 6 8 12 25 106
87OuA4nN42k_09617 240 3 4 6 8 12 25 106
87OuA4nN42k_09618 240 3 4 6 8 12 25 106
87OuA4nN42k_09619 270 1 3 4 6 8 25 106
87OuA4nN42k_09620 390 3 4 6 8 12 25 106
87OuA4nN42k_09621 450 3 4 6 8 12 22 106
87OuA4nN42k_09622 510 4 6 8 12 25 106
87OuA4nN42k_09623 540 3 4 6 8 12 22 106
87OuA4nN42k_09624 690 3 4 6 8 12 25 106
88Kp6FaCygY_11772 510 45 111
88Kp6FaCygY_11773 120 46 111
88Kp6FaCygY_11774 150 1 3 47 111
8DZUEUY0SzU_00288 900 1 19 105
8DZUEUY0SzU_00289 899 1 19 105
8DZUEUY0SzU_00290 689 19 105
8TKE_cA_7z4_15933 90 1 2 4 37 109
8TKE_cA_7z4_15934 90 0 3 4 35 109
8TKE_cA_7z4_15935 90 0 1 3 4 35 109
8TKE_cA_7z4_15936 90 2 4 12 35 109
8TKE_cA_7z4_15937 120 0 1 3 4 12 35 109
8UB4i4rNOaw_03480 270 3 4 8 12 25 106
8UB4i4rNOaw_03481 210 3 4 6 8 12 25 106
8UB4i4rNOaw_03482 210 3 4 6 8 12 25 106
8UB4i4rNOaw_03483 240 3 4 8 12 25 106
8UB4i4rNOaw_03484 180 1 4 6 8 25 106
8UB4i4rNOaw_03485 120 1 3 4 8 12 25 106
8UB4i4rNOaw_03486 180 3 4 8 12 22 106
8UB4i4rNOaw_03487 120 3 4 6 8 12 22 106
8UB4i4rNOaw_03488 210 3 4 8 12 25 106
8UB4i4rNOaw_03489 240 3 4 6 8 12 22 106
8UB4i4rNOaw_03490 210 4 8 22 106
8UB4i4rNOaw_03491 210 3 4 6 8 12 22 106
8UB4i4rNOaw_03492 240 3 4 8 12 25 106
8UB4i4rNOaw_03493 180 3 4 6 8 12 25 106
8UB4i4rNOaw_03494 150 3 4 6 8 12 25 106
8UB4i4rNOaw_03495 150 3 4 6 8 12 22 106
8UB4i4rNOaw_03496 120 4 8 12 22 106
8UB4i4rNOaw_03497 150 4 8 22 106
8UB4i4rNOaw_03498 120 1 4 8 12 24 106
8UB4i4rNOaw_03499 150 1 4 8 22 106
8UB4i4rNOaw_03500 120 3 4 8 12 22 106
8UIylJO_zNE_02803 210 1 3 4 17 105
8UIylJO_zNE_02804 180 3 12 17 105
8VkYPLh5x-8_14767 90 4 8 100 123
8VkYPLh5x-8_14768 90 1 4 8 100 123
8VkYPLh5x-8_14769 90 4 8 100 123
8VkYPLh5x-8_14770 90 1 4 12 99 123
8VkYPLh5x-8_14771 90 4 8 100 123
8VkYPLh5x-8_14772 90 3 4 8 100 123
8VkYPLh5x-8_14773 90 4 8 100 123
8VkYPLh5x-8_14774 90 4 8 103 123
8VkYPLh5x-8_14775 90 4 8 100 123
8VkYPLh5x-8_14776 90 1 3 4 8 100 123
8VkYPLh5x-8_14777 90 1 4 8 100 123
8VkYPLh5x-8_14778 90 1 4 8 100 123
8VkYPLh5x-8_14779 90 4 8 99 123
8VkYPLh5x-8_14780 90 4 12 99 123
8VkYPLh5x-8_14781 90 1 4 8 103 123
8VkYPLh5x-8_14782 90 4 8 103 123
8VkYPLh5x-8_14783 90 1 4 8 103 123
8VkYPLh5x-8_14784 90 1 4 8 12 103 123
8VkYPLh5x-8_14785 90 3 4 8 103 123
8VkYPLh5x-8_14786 90 4 8 99 123
8VkYPLh5x-8_14787 90 1 4 8 103 123
8VkYPLh5x-8_14788 90 1 3 4 12 99 123
8VkYPLh5x-8_14789 90 1 3 4 8 103 123
8VkYPLh5x-8_14790 90 4 8 103 123
8VkYPLh5x-8_14791 90 1 4 8 103 123
8VkYPLh5x-8_14792 90 4 12 99 123
8VkYPLh5x-8_14793 90 4 12 99 123
8VkYPLh5x-8_14794 90 4 8 99 123
8VkYPLh5x-8_14795 90 4 8 99 123
8VkYPLh5x-8_14796 90 4 8 99 123
8Xc4uaQ0HmQ_15592 210 0 3 4 35 109
8Xc4uaQ0HmQ_15593 90 1 2 4 35 109
8Xc4uaQ0HmQ_15594 120 0 1 2 3 4 11 37 109
8Xc4uaQ0HmQ_15595 270 1 3 4 35 109
8Xc4uaQ0HmQ_15596 90 1 2 3 4 12 35 109
8Xc4uaQ0HmQ_15597 90 1 2 3 4 35 109
8Xc4uaQ0HmQ_15598 90 0 2 4 35 109
8Xc4uaQ0HmQ_15599 90 3 36 109
8Xc4uaQ0HmQ_15600 90 0 2 3 4 37 109
8Xc4uaQ0HmQ_15601 90 1 3 4 12 35 109
8jLxK1uFxeY_03751 270 3 4 8 12 25 106
8jLxK1uFxeY_03752 390 3 4 6 8 12 25 106
8jLxK1uFxeY_03753 270 4 8 12 25 106
8jLxK1uFxeY_03754 120 4 6 8 22 106
8jLxK1uFxeY_03755 180 4 8 22 106
8jLxK1uFxeY_03756 120 4 6 8 12 22 106
8jLxK1uFxeY_03757 390 1 4 6 8 25 106
8jLxK1uFxeY_03758 120 3 4 8 12 22 106
8jLxK1uFxeY_03759 90 3 4 6 8 12 22 106
8jLxK1uFxeY_03760 120 4 8 22 106
8jLxK1uFxeY_03761 150 3 4 8 22 106
8jLxK1uFxeY_03762 330 4 8 22 106
8jLxK1uFxeY_03763 210 1 4 6 8 25 106
8jLxK1uFxeY_03764 240 1 3 4 6 8 12 25 106
8nmfN7Z87-I_02827 330 3 20 105
8nmfN7Z87-I_02828 149 12 20 105
8nmfN7Z87-I_02829 150 3 20 105
8nmfN7Z87-I_02830 150 12 20 105
8nmfN7Z87-I_02831 179 12 20 105
8nmfN7Z87-I_02832 150 12 20 105
8spcnH0LalI_03378 90 3 4 8 100 123
8spcnH0LalI_03379 90 1 4 12 103 123
8spcnH0LalI_03380 90 3 101 123
8spcnH0LalI_03381 90 1 3 4 12 100 123
8spcnH0LalI_03382 90 4 8 102 123
8spcnH0LalI_03383 90 4 8 100 123
8spcnH0LalI_03384 90 3 4 12 100 123
8spcnH0LalI_03385 90 1 3 4 8 12 100 123
8spcnH0LalI_03386 150 1 3 4 12 101 123
8spcnH0LalI_03387 90 1 3 4 8 100 123
8spcnH0LalI_03388 90 4 8 100 123
8spcnH0LalI_03389 270 4 8 102 123
8spcnH0LalI_03390 120 1 4 5 12 103 123
8spcnH0LalI_03391 180 1 3 4 12 101 123
8spcnH0LalI_03392 90 4 8 100 123
8spcnH0LalI_03393 120 1 3 4 101 123
8spcnH0LalI_03394 90 4 8 100 123
8spcnH0LalI_03395 90 1 3 4 8 100 123
8spcnH0LalI_03396 180 1 3 4 12 101 123
8spcnH0LalI_03397 120 4 8 12 102 123
8spcnH0LalI_03398 90 4 8 102 123
8spcnH0LalI_03399 180 12 101 123
8spcnH0LalI_03400 90 4 8 12 102 123
8spcnH0LalI_03401 120 1 4 12 101 123
8spcnH0LalI_03402 90 4 8 102 123
8spcnH0LalI_03403 90 1 4 8 12 102 123
8spcnH0LalI_03404 150 1 4 12 101 123
8spcnH0LalI_03405 240 4 6 12 103 123
8spcnH0LalI_03406 90 3 4 8 12 102 123
8spcnH0LalI_03407 90 1 3 4 101 123
8spcnH0LalI_03408 120 1 4 8 12 102 123
8spcnH0LalI_03409 210 1 4 8 102 123
8spcnH0LalI_03410 90 1 4 5 12 101 123
8spcnH0LalI_03411 90 4 8 103 123
8spcnH0LalI_03412 90 1 3 4 8 12 99 123
8spcnH0LalI_03413 90 4 8 103 123
8spcnH0LalI_03414 90 4 12 103 123
8spcnH0LalI_03415 90 4 12 103 123
8spcnH0LalI_03416 360 1 3 4 12 101 123
8spcnH0LalI_03417 120 4 6 12 99 123
8spcnH0LalI_03418 120 4 12 103 123
8spcnH0LalI_03419 90 8 103 123
8spcnH0LalI_03420 90 4 8 12 99 123
8spcnH0LalI_03421 90 4 12 99 123
95m_K91XrBs_12596 150 1 3 4 5 90 120
95m_K91XrBs_12597 90 3 90 120
95m_K91XrBs_12598 360 3 90 120
95m_K91XrBs_12599 90 1 3 89 120
95m_K91XrBs_12600 450 1 3 90 120
95m_K91XrBs_12601 90 1 3 89 120
95m_K91XrBs_12602 90 1 3 89 120
95m_K91XrBs_12603 90 1 89 120
95m_K91XrBs_12604 90 1 3 4 89 120
95m_K91XrBs_12605 90 3 90 120
95m_K91XrBs_12606 90 1 3 4 89 120
95m_K91XrBs_12607 210 1 3 89 120
95m_K91XrBs_12608 510 1 3 90 120
95m_K91XrBs_12609 120 3 90 120
95m_K91XrBs_12610 180 3 90 120
95m_K91XrBs_12611 150 3 90 120
9Ltvlyh3z-M_06038 180 1 3 4 12 100 123
9Ltvlyh3z-M_06039 120 4 12 99 123
9Ltvlyh3z-M_06040 120 1 3 4 12 100 123
9Ltvlyh3z-M_06041 120 1 4 8 99 123
9Ltvlyh3z-M_06042 90 1 3 4 100 123
9Ltvlyh3z-M_06043 120 3 4 100 123
9Ltvlyh3z-M_06044 120 3 4 12 101 123
9Ltvlyh3z-M_06045 120 3 4 100 123
9Ltvlyh3z-M_06046 90 1 3 4 12 103 123
9Ltvlyh3z-M_06047 150 1 4 12 101 123
9Ltvlyh3z-M_06048 120 1 3 4 100 123
9Ltvlyh3z-M_06049 120 1 4 12 103 123
9Ltvlyh3z-M_06050 120 12 101 123
9Ltvlyh3z-M_06051 120 1 3 4 100 123
9Ltvlyh3z-M_06052 120 3 4 12 100 123
9Ltvlyh3z-M_06053 120 1 4 12 101 123
9Ltvlyh3z-M_06054 90 1 3 4 100 123
9Ltvlyh3z-M_06055 120 1 3 4 100 123
9Ltvlyh3z-M_06056 120 0 1 3 4 12 101 123
9Ltvlyh3z-M_06057 120 1 3 4 12 101 123
9Ltvlyh3z-M_06058 120 1 4 12 101 123
9Ltvlyh3z-M_06059 90 4 12 103 123
9Ltvlyh3z-M_06060 120 1 4 12 101 123
9Ltvlyh3z-M_06061 90 1 4 8 12 103 123
9Ltvlyh3z-M_06062 690 1 3 4 12 101 123
9P7JzTRHz5g_02479 90 3 63 115
9P7JzTRHz5g_02480 120 3 61 115
9P7JzTRHz5g_02481 210 3 61 115
9P7JzTRHz5g_02482 90 12 61 115
9P7JzTRHz5g_02483 150 3 63 115
9P7JzTRHz5g_02484 240 63 115
9P7JzTRHz5g_02485 90 3 63 115
9P7JzTRHz5g_02486 90 63 115
9P7JzTRHz5g_02487 90 3 63 115
9P7JzTRHz5g_02488 90 3 63 115
9P7JzTRHz5g_02490 90 63 115
9P7JzTRHz5g_02491 120 63 115
9P7JzTRHz5g_02492 510 3 64 115
9QTmC0ncuTI_14493 750 4 12 102 123
9QTmC0ncuTI_14494 180 4 12 102 123
9QTmC0ncuTI_14495 360 4 12 102 123
9QTmC0ncuTI_14496 540 1 3 4 12 102 123
9QTmC0ncuTI_14497 90 4 8 12 102 123
9QTmC0ncuTI_14498 180 1 3 4 8 102 123
9QTmC0ncuTI_14499 900 1 3 4 8 12 102 123
9QTmC0ncuTI_14500 750 1 3 4 8 12 102 123
9QTmC0ncuTI_14501 240 3 4 8 12 102 123
9QTmC0ncuTI_14502 180 3 4 8 12 102 123
9XpmcKGzWLo_02233 180 12 64 115
9XpmcKGzWLo_02234 210 1 3 62 115
9XpmcKGzWLo_02235 180 3 62 115
9XpmcKGzWLo_02236 329 3 62 115
9XpmcKGzWLo_02237 150 1 3 66 115
9XpmcKGzWLo_02238 299 66 115
9XpmcKGzWLo_02239 150 1 3 4 66 115
9XpmcKGzWLo_02240 300 1 3 4 12 66 115
9XpmcKGzWLo_02241 150 66 115
9XpmcKGzWLo_02242 150 66 115
9XpmcKGzWLo_02243 119 3 66 115
9XpmcKGzWLo_02244 179 3 12 66 115
9XpmcKGzWLo_02245 150 1 3 4 66 115
9XpmcKGzWLo_02246 89 1 3 4 12 66 115
9XpmcKGzWLo_02247 269 1 3 4 65 115
9XpmcKGzWLo_02248 479 1 4 12 65 115
9XpmcKGzWLo_02249 419 1 3 65 115
9XpmcKGzWLo_02250 509 3 12 65 115
9XpmcKGzWLo_02251 749 1 3 62 115
9XpmcKGzWLo_02252 570 1 3 4 12 62 115
9XpmcKGzWLo_02253 359 1 3 4 65 115
9azY_H8UzvI_09572 480 17 105
9azY_H8UzvI_09573 900 17 105
9azY_H8UzvI_09574 720 21 105
9f_xXKSeqg8_01766 330 12 65 115
9f_xXKSeqg8_01767 120 66 115
9f_xXKSeqg8_01768 180 66 115
9f_xXKSeqg8_01769 600 3 12 65 115
9f_xXKSeqg8_01770 90 66 115
9f_xXKSeqg8_01771 90 66 115
9f_xXKSeqg8_01772 270 66 115
9f_xXKSeqg8_01773 150 1 3 4 12 66 115
9f_xXKSeqg8_01774 450 3 65 115
9f_xXKSeqg8_01775 330 3 12 65 115
9xsbZRBjvCQ_00792 120 1 4 34 108
9xsbZRBjvCQ_00794 120 1 4 34 108
9xsbZRBjvCQ_00795 210 1 4 34 108
A3r-DFp7XA4_01631 330 3 12 65 115
A3r-DFp7XA4_01632 870 1 12 65 115
A79zLE6wsqY_10274 180 3 4 12 56 113
A79zLE6wsqY_10275 120 56 113
A79zLE6wsqY_10276 300 3 12 54 113
A79zLE6wsqY_10277 210 3 56 113
A79zLE6wsqY_10278 90 1 3 4 56 113
A79zLE6wsqY_10279 120 1 3 4 57 113
A79zLE6wsqY_10280 90 3 56 113
A79zLE6wsqY_10281 390 2 3 4 12 56 113
A79zLE6wsqY_10282 90 3 57 113
A79zLE6wsqY_10283 120 1 4 12 54 113
A79zLE6wsqY_10284 90 1 3 4 12 57 113
A8ur249BSE0_00537 210 3 12 53 112
A8ur249BSE0_00538 450 3 12 53 112
A8ur249BSE0_00539 360 3 12 53 112
ADSOkXOYGXw_04699 120 1 3 4 8 59 114
ADSOkXOYGXw_04700 120 3 8 59 114
ADSOkXOYGXw_04701 120 1 4 8 59 114
ADSOkXOYGXw_04702 119 1 3 4 6 8 12 59 114
AE4USFmChIc_07884 120 1 3 4 12 43 110
AE4USFmChIc_07885 90 1 3 4 43 110
AE4USFmChIc_07886 90 3 43 110
AE4USFmChIc_07887 150 3 43 110
AE4USFmChIc_07888 180 1 3 4 12 43 110
AE4USFmChIc_07889 360 1 3 4 43 110
AE4USFmChIc_07890 150 1 3 4 43 110
AE4USFmChIc_07891 210 1 3 43 110
ANQrTxIwVuY_10094 150 3 4 12 54 113
ANQrTxIwVuY_10095 120 1 3 4 12 55 113
ANQrTxIwVuY_10096 90 0 12 56 113
ANQrTxIwVuY_10097 90 12 54 113
ANQrTxIwVuY_10098 180 1 3 4 12 56 113
ANQrTxIwVuY_10099 120 1 3 4 54 113
ANQrTxIwVuY_10100 90 1 4 8 12 54 113
ANQrTxIwVuY_10101 120 3 56 113
ANQrTxIwVuY_10102 90 1 12 54 113
ANQrTxIwVuY_10103 270 1 3 4 12 54 113
ANQrTxIwVuY_10104 150 1 3 4 12 54 113
ANQrTxIwVuY_10105 180 1 3 57 113
ANQrTxIwVuY_10106 150 1 3 4 12 57 113
ANQrTxIwVuY_10107 90 3 12 54 113
ANQrTxIwVuY_10108 180 1 3 4 12 56 113
ANQrTxIwVuY_10109 420 1 3 12 56 113
ANQrTxIwVuY_10110 90 1 3 4 12 57 113
AVuz6MTsTr4_12323 900 30 107
AVuz6MTsTr4_12324 479 30 107
AVuz6MTsTr4_12325 299 4 26 107
AVuz6MTsTr4_12326 900 26 107
AVuz6MTsTr4_12327 210 26 107
AVuz6MTsTr4_12328 360 26 107
AXaJRrQT8RU_00211 90 1 3 4 80 118
AXaJRrQT8RU_00212 390 0 3 4 12 79 118
AYVZped_Qh4_06647 150 1 12 82 118
AYVZped_Qh4_06648 150 1 3 12 82 118
AYVZped_Qh4_06649 210 1 12 82 118
AeFycUUAdsg_04946 150 3 5 12 13 104
AeFycUUAdsg_04947 270 1 3 4 5 12 15 104
AkT5HIJ9vSU_14730 300 1 4 6 8 102 123
AkT5HIJ9vSU_14731 90 4 8 103 123
AkT5HIJ9vSU_14732 90 1 4 8 100 123
AkT5HIJ9vSU_14733 149 4 8 102 123
AkT5HIJ9vSU_14734 89 4 8 100 123
AkT5HIJ9vSU_14735 209 4 8 102 123
AkT5HIJ9vSU_14736 90 4 12 99 123
AkT5HIJ9vSU_14737 90 4 8 100 123
AkT5HIJ9vSU_14738 90 4 8 102 123
AkT5HIJ9vSU_14739 89 1 4 8 100 123
AkT5HIJ9vSU_14740 89 4 8 102 123
AkT5HIJ9vSU_14741 89 4 12 100 123
AkT5HIJ9vSU_14742 90 4 8 99 123
AkT5HIJ9vSU_14743 90 4 8 100 123
AkT5HIJ9vSU_14744 90 4 8 102 123
AkT5HIJ9vSU_14745 89 1 4 8 100 123
AkT5HIJ9vSU_14746 89 1 4 8 12 103 123
AkT5HIJ9vSU_14747 90 1 4 8 12 103 123
AkT5HIJ9vSU_14748 90 4 8 100 123
AkT5HIJ9vSU_14749 120 4 8 102 123
AkT5HIJ9vSU_14750 90 1 4 8 103 123
AkT5HIJ9vSU_14751 89 1 4 8 12 100 123
AkT5HIJ9vSU_14752 89 4 8 102 123
AkT5HIJ9vSU_14753 89 1 3 4 8 100 123
AkT5HIJ9vSU_14754 120 4 8 102 123
AkT5HIJ9vSU_14755 90 1 4 8 103 123
AkT5HIJ9vSU_14756 90 4 8 102 123
AkT5HIJ9vSU_14757 89 1 4 8 12 103 123
AkT5HIJ9vSU_14758 90 1 4 8 12 103 123
AkT5HIJ9vSU_14759 89 4 8 103 123
AkT5HIJ9vSU_14760 90 1 3 4 103 123
AkT5HIJ9vSU_14761 90 1 4 8 12 103 123
AkT5HIJ9vSU_14762 90 4 6 8 12 99 123
AkT5HIJ9vSU_14763 90 1 4 8 99 123
AkT5HIJ9vSU_14764 89 4 8 99 123
AkT5HIJ9vSU_14765 89 4 8 12 99 123
AkT5HIJ9vSU_14766 90 4 8 99 123
An4xe7LmbTE_14174 450 1 4 12 102 123
An4xe7LmbTE_14175 90 8 103 123
An4xe7LmbTE_14176 180 1 12 101 123
An4xe7LmbTE_14177 120 12 101 123
An4xe7LmbTE_14178 660 1 4 6 8 102 123
An4xe7LmbTE_14179 90 4 5 8 103 123
An4xe7LmbTE_14180 120 1 4 8 102 123
An4xe7LmbTE_14181 90 3 4 8 100 123
An4xe7LmbTE_14182 270 1 4 12 102 123
An4xe7LmbTE_14183 90 1 3 4 103 123
An4xe7LmbTE_14184 180 4 12 102 123
An4xe7LmbTE_14185 90 1 3 4 12 103 123
An4xe7LmbTE_14186 90 4 8 100 123
An4xe7LmbTE_14187 420 4 8 102 123
An4xe7LmbTE_14188 90 4 8 103 123
An4xe7LmbTE_14189 90 1 4 8 103 123
An4xe7LmbTE_14190 90 4 8 100 123
An4xe7LmbTE_14191 450 1 4 12 102 123
An4xe7LmbTE_14192 90 1 3 4 12 103 123
An4xe7LmbTE_14193 840 1 4 8 102 123
An4xe7LmbTE_14194 90 4 8 103 123
An4xe7LmbTE_14195 90 4 8 103 123
An4xe7LmbTE_14196 90 1 4 8 100 123
An4xe7LmbTE_14197 840 4 6 8 102 123
An4xe7LmbTE_14198 90 4 8 103 123
An4xe7LmbTE_14199 90 4 8 100 123
An4xe7LmbTE_14200 930 1 4 6 8 12 102 123
An4xe7LmbTE_14201 90 1 12 101 123
An4xe7LmbTE_14202 150 1 5 12 101 123
An4xe7LmbTE_14203 90 3 4 8 12 100 123
An4xe7LmbTE_14204 90 4 8 100 123
An4xe7LmbTE_14205 90 1 12 101 123
An4xe7LmbTE_14206 90 1 4 8 100 123
An4xe7LmbTE_14207 330 1 3 4 8 12 101 123
An4xe7LmbTE_14208 90 1 4 8 100 123
An4xe7LmbTE_14209 90 4 8 100 123
An4xe7LmbTE_14210 180 1 4 12 101 123
B-bPhES8cT4_08215 600 1 3 4 66 115
B-bPhES8cT4_08216 450 1 3 4 12 66 115
B-bPhES8cT4_08217 539 3 66 115
B-bPhES8cT4_08218 389 3 12 66 115
B-bPhES8cT4_08219 569 1 3 12 62 115
B-bPhES8cT4_08220 660 1 3 4 12 66 115
B-bPhES8cT4_08221 599 1 3 4 66 115
B-bPhES8cT4_08222 209 1 3 4 66 115
B-bPhES8cT4_08223 480 1 3 66 115
B-bPhES8cT4_08224 570 1 3 4 66 115
B-bPhES8cT4_08225 600 1 3 4 66 115
B-bPhES8cT4_08226 689 1 3 65 115
B-bPhES8cT4_08227 240 3 12 65 115
B-bPhES8cT4_08228 119 3 65 115
B5WPhlFpoEk_06676 180 3 4 8 12 96 122
B5WPhlFpoEk_06677 210 3 4 6 8 98 122
B5WPhlFpoEk_06678 210 4 8 96 122
B5WPhlFpoEk_06679 270 2 4 8 98 122
B5WPhlFpoEk_06680 180 1 4 8 96 122
B5WPhlFpoEk_06681 330 8 12 98 122
B5WPhlFpoEk_06682 300 4 8 96 122
B5WPhlFpoEk_06683 150 3 8 98 122
B5WPhlFpoEk_06684 210 0 4 8 96 122
B5WPhlFpoEk_06685 300 1 2 3 4 8 12 96 122
B5WPhlFpoEk_06686 150 1 3 8 12 96 122
B5WPhlFpoEk_06687 240 4 8 98 122
B5WPhlFpoEk_06688 240 3 4 8 12 98 122
B5WPhlFpoEk_06689 180 3 4 8 96 122
B5WPhlFpoEk_06690 270 2 3 6 8 12 98 122
B5WPhlFpoEk_06691 180 8 96 122
B5WPhlFpoEk_06692 120 1 4 8 98 122
B5WPhlFpoEk_06693 150 6 8 96 122
B5WPhlFpoEk_06694 150 3 6 8 12 98 122
B5WPhlFpoEk_06695 90 8 98 122
B5WPhlFpoEk_06696 90 8 95 122
B5oBSqbeMh8_15541 120 0 3 4 37 109
B5oBSqbeMh8_15542 90 3 36 109
B5oBSqbeMh8_15543 90 4 12 37 109
B5oBSqbeMh8_15544 150 2 3 4 35 109
B5oBSqbeMh8_15545 90 0 1 3 4 12 37 109
B5oBSqbeMh8_15546 150 0 1 3 4 12 35 109
B5oBSqbeMh8_15547 90 0 1 3 4 36 109
B5oBSqbeMh8_15548 150 1 2 4 12 35 109
B5oBSqbeMh8_15549 90 0 3 4 12 37 109
B5oBSqbeMh8_15550 90 1 2 12 36 109
B5oBSqbeMh8_15551 120 1 4 35 109
B5oBSqbeMh8_15552 90 1 3 4 37 109
B5oBSqbeMh8_15553 150 0 3 35 109
B5oBSqbeMh8_15554 150 1 2 3 4 12 35 109
B5oBSqbeMh8_15555 90 1 2 3 4 37 109
B5oBSqbeMh8_15556 90 0 1 2 3 4 12 35 109
B5oBSqbeMh8_15557 210 1 4 12 35 109
B5oBSqbeMh8_15558 120 1 3 4 12 37 109
B5oBSqbeMh8_15559 90 3 12 36 109
B5oBSqbeMh8_15560 330 0 3 4 12 37 109
B5oBSqbeMh8_15561 150 0 1 4 35 109
B5oBSqbeMh8_15562 120 3 4 12 35 109
B5oBSqbeMh8_15563 90 12 37 109
B5oBSqbeMh8_15564 90 1 3 4 12 37 109
BEvTXq1Ms9Y_06001 120 3 78 117
BEvTXq1Ms9Y_06002 180 3 74 117
BEvTXq1Ms9Y_06003 119 76 117
BGz9PyX7gYc_03346 180 1 3 4 12 102 123
BGz9PyX7gYc_03348 600 1 4 8 102 123
BGz9PyX7gYc_03349 750 1 3 4 8 12 102 123
BGz9PyX7gYc_03350 630 1 3 4 8 102 123
BGz9PyX7gYc_03351 690 1 3 4 8 102 123
BGz9PyX7gYc_03352 90 3 4 8 12 100 123
BGz9PyX7gYc_03353 180 3 4 8 102 123
BGz9PyX7gYc_03354 900 1 3 4 8 100 123
BGz9PyX7gYc_03355 900 1 3 4 8 100 123
BGz9PyX7gYc_03356 870 1 3 4 8 100 123
BGz9PyX7gYc_03357 90 1 4 8 12 100 123
BGz9PyX7gYc_03358 90 1 3 4 8 100 123
BGz9PyX7gYc_03359 90 1 3 4 8 100 123
BGz9PyX7gYc_03360 90 1 4 8 100 123
BGz9PyX7gYc_03361 90 1 4 8 12 102 123
BGz9PyX7gYc_03362 90 4 8 12 102 123
BGz9PyX7gYc_03363 90 4 12 102 123
BGz9PyX7gYc_03364 90 1 3 4 12 103 123
BGz9PyX7gYc_03365 90 1 4 8 102 123
BGz9PyX7gYc_03366 120 4 12 103 123
BGz9PyX7gYc_03367 150 4 8 103 123
BGz9PyX7gYc_03368 120 1 4 12 103 123
BGz9PyX7gYc_03369 90 1 4 12 103 123
BGz9PyX7gYc_03370 120 4 12 103 123
BGz9PyX7gYc_03371 120 4 8 99 123
BKInZGOqcZ4_05802 180 3 4 6 8 96 122
BKInZGOqcZ4_05803 90 4 8 95 122
BKInZGOqcZ4_05804 90 4 8 96 122
BKInZGOqcZ4_05805 480 3 4 8 12 98 122
BKInZGOqcZ4_05806 270 1 3 4 6 8 12 96 122
BKInZGOqcZ4_05807 180 6 8 96 122
BKInZGOqcZ4_05808 90 4 8 95 122
BKInZGOqcZ4_05809 330 1 3 4 8 12 96 122
BKInZGOqcZ4_05810 240 1 3 4 8 12 98 122
BKInZGOqcZ4_05811 240 1 3 4 8 96 122
BKInZGOqcZ4_05812 180 1 3 4 8 12 96 122
BKInZGOqcZ4_05813 120 1 3 4 8 12 96 122
BKInZGOqcZ4_05814 90 8 96 122
BKInZGOqcZ4_05815 90 4 8 12 95 122
BKInZGOqcZ4_05816 330 3 4 6 8 12 98 122
BKInZGOqcZ4_05817 90 3 4 8 95 122
BKInZGOqcZ4_05818 90 1 4 8 95 122
BKInZGOqcZ4_05819 90 4 8 95 122
BKInZGOqcZ4_05820 180 4 6 8 98 122
BKInZGOqcZ4_05821 330 3 4 8 12 96 122
BKInZGOqcZ4_05822 90 0 1 4 8 95 122
BKInZGOqcZ4_05823 330 1 2 3 4 8 12 98 122
BKInZGOqcZ4_05824 90 3 4 8 12 98 122
BKInZGOqcZ4_05825 90 3 4 8 12 95 122
BKInZGOqcZ4_05826 90 1 2 4 8 12 95 122
BKInZGOqcZ4_05827 90 1 4 8 95 122
BKInZGOqcZ4_05828 90 3 8 98 122
BKInZGOqcZ4_05829 270 8 12 98 122
BKInZGOqcZ4_05830 270 1 3 4 8 12 98 122
BKInZGOqcZ4_05831 240 8 12 98 122
BTpTVUtUXD0_11818 240 1 2 3 4 12 69 116
BTpTVUtUXD0_11819 120 1 2 3 4 72 116
BTpTVUtUXD0_11820 540 1 2 3 4 69 116
BYJLL9foFHQ_06577 120 3 17 105
BYJLL9foFHQ_06578 180 1 19 105
BYJLL9foFHQ_06579 150 1 17 105
BYvUm1YJBSs_04960 180 1 3 12 13 104
BYvUm1YJBSs_04961 120 3 14 104
BiT2NoGqqSM_12555 360 1 3 4 12 88 120
BiT2NoGqqSM_12556 210 1 3 4 12 88 120
BiT2NoGqqSM_12557 150 1 3 90 120
BiT2NoGqqSM_12558 210 1 3 12 88 120
BiT2NoGqqSM_12559 150 3 12 90 120
BiT2NoGqqSM_12560 120 1 3 4 89 120
Bkg8gpNVDDs_04907 150 1 3 5 16 104
Bkg8gpNVDDs_04908 269 1 3 12 14 104
Bkg8gpNVDDs_04909 120 3 5 15 104
Bkg8gpNVDDs_04910 240 3 4 12 15 104
Bkg8gpNVDDs_04911 150 1 4 13 104
Bkg8gpNVDDs_04912 210 1 3 4 5 13 104
Bkg8gpNVDDs_04913 150 3 12 14 104
Bkg8gpNVDDs_04914 180 5 13 104
Bkg8gpNVDDs_04915 119 3 12 14 104
Bkg8gpNVDDs_04916 180 1 3 4 5 13 104
Bkg8gpNVDDs_04917 179 1 3 4 5 13 104
Bkg8gpNVDDs_04918 299 1 3 4 5 12 13 104
Bkg8gpNVDDs_04919 150 3 12 14 104
Bkg8gpNVDDs_04920 299 3 14 104
Bm5iA4Zupek_10601 120 1 3 4 38 110
Bm5iA4Zupek_10602 300 3 38 110
Bvk02Fg9TX0_05082 120 1 3 12 16 104
Bvk02Fg9TX0_05083 240 3 5 13 104
Bvk02Fg9TX0_05084 270 3 5 12 13 104
Bvk02Fg9TX0_05085 150 3 5 12 13 104
Bvk02Fg9TX0_05086 120 1 3 15 104
Bvk02Fg9TX0_05087 120 3 14 104
Bvk02Fg9TX0_05088 240 3 14 104
Bvk02Fg9TX0_05089 720 1 3 14 104
Bvk02Fg9TX0_05090 180 1 3 14 104
Bvk02Fg9TX0_05091 120 3 5 14 104
Bvk02Fg9TX0_05092 300 3 14 104
Bvk02Fg9TX0_05093 180 3 5 14 104
C-uxVv4OnvI_15872 540 1 2 3 4 12 35 109
C-uxVv4OnvI_15873 360 0 3 11 12 35 109
C5N6ir4M97w_10757 330 3 51 112
C5N6ir4M97w_10758 450 1 3 51 112
C5N6ir4M97w_10759 510 3 51 112
CFdoDDUSacQ_07680 90 3 12 40 110
CFdoDDUSacQ_07681 120 1 3 40 110
CFdoDDUSacQ_07682 210 1 3 12 40 110
CFdoDDUSacQ_07683 90 4 12 40 110
CFdoDDUSacQ_07684 90 1 3 4 40 110
CFdoDDUSacQ_07685 90 1 3 4 40 110
CP6RJctCYO4_12701 510 3 4 12 88 120
CP6RJctCYO4_12702 180 3 90 120
CP6RJctCYO4_12703 90 1 3 89 120
CP6RJctCYO4_12704 150 1 3 89 120
CP6RJctCYO4_12705 90 1 3 12 90 120
CP6RJctCYO4_12706 180 1 3 12 89 120
CP6RJctCYO4_12707 90 1 3 89 120
CP6RJctCYO4_12708 900 1 3 90 120
CP6RJctCYO4_12709 450 1 3 90 120
CP6RJctCYO4_12710 120 1 3 89 120
CP6RJctCYO4_12711 90 3 89 120
CP6RJctCYO4_12712 540 1 3 4 90 120
CP6RJctCYO4_12713 90 1 3 89 120
CP6RJctCYO4_12714 120 1 3 89 120
CP6RJctCYO4_12715 90 1 3 4 89 120
CP6RJctCYO4_12716 900 1 3 90 120
CP6RJctCYO4_12717 810 1 3 90 120
CP6RJctCYO4_12718 870 1 3 90 120
CP6RJctCYO4_12719 600 3 90 120
CP6RJctCYO4_12720 210 3 5 90 120
CP6RJctCYO4_12721 150 3 12 87 120
CQEAOMLpcHU_11470 870 1 3 4 12 55 113
CQEAOMLpcHU_11471 180 3 12 55 113
CQEAOMLpcHU_11472 90 1 3 57 113
CQEAOMLpcHU_11473 210 1 3 4 57 113
CQEAOMLpcHU_11474 150 12 57 113
CQEAOMLpcHU_11475 90 1 3 4 12 54 113
CQEAOMLpcHU_11476 120 1 3 4 54 113
CQEAOMLpcHU_11477 180 1 4 12 57 113
CQEAOMLpcHU_11478 600 1 3 4 57 113
CQEAOMLpcHU_11479 90 1 3 4 56 113
CQEAOMLpcHU_11480 270 1 3 4 57 113
CQEAOMLpcHU_11481 120 3 56 113
CQEAOMLpcHU_11482 360 1 4 12 57 113
CU_73OEjXTc_10219 240 54 113
CU_73OEjXTc_10220 779 0 11 56 113
CU_73OEjXTc_10221 210 1 3 4 12 56 113
CU_73OEjXTc_10222 150 0 1 2 3 4 12 56 113
CU_73OEjXTc_10223 299 2 3 56 113
CU_73OEjXTc_10224 240 1 2 3 4 12 56 113
CU_73OEjXTc_10225 180 0 3 4 56 113
CU_73OEjXTc_10226 179 2 3 4 54 113
CU_73OEjXTc_10227 209 1 3 4 12 54 113
CU_73OEjXTc_10228 89 0 3 56 113
CU_73OEjXTc_10229 239 56 113
CU_73OEjXTc_10230 479 1 3 56 113
CU_73OEjXTc_10231 900 3 12 56 113
CVVyL-OEei0_08102 150 3 63 115
CVVyL-OEei0_08103 120 1 3 12 63 115
CVVyL-OEei0_08104 90 1 3 12 63 115
CVVyL-OEei0_08105 150 3 63 115
CVVyL-OEei0_08106 180 3 63 115
CVVyL-OEei0_08107 90 63 115
CVVyL-OEei0_08108 90 3 63 115
CVVyL-OEei0_08109 150 63 115
CVVyL-OEei0_08110 90 63 115
CVVyL-OEei0_08111 210 3 63 115
CVVyL-OEei0_08112 270 61 115
CVVyL-OEei0_08113 630 12 61 115
CVcFYj1fkzU_02888 150 1 19 105
CVcFYj1fkzU_02889 270 1 3 4 12 17 105
CX268tV0A60_00195 210 1 3 4 80 118
CX268tV0A60_00196 120 1 3 4 80 118
CX268tV0A60_00197 630 1 3 4 79 118
CeINSmdSdMY_03628 120 1 3 94 121
CeINSmdSdMY_03629 120 1 3 94 121
CeINSmdSdMY_03630 120 1 3 4 94 121
CeINSmdSdMY_03631 120 1 3 4 94 121
CeINSmdSdMY_03632 180 1 3 4 94 121
CeINSmdSdMY_03633 360 1 3 4 12 94 121
CeINSmdSdMY_03634 90 1 3 94 121
CeINSmdSdMY_03635 420 1 3 4 94 121
CeINSmdSdMY_03636 90 3 94 121
CeINSmdSdMY_03637 180 1 3 4 12 94 121
Cn_DRu90EW4_13962 900 1 3 12 86 119
Cn_DRu90EW4_13963 749 1 3 4 12 86 119
Cn_DRu90EW4_13964 899 1 3 85 119
Cn_DRu90EW4_13965 179 1 3 85 119
Cn_DRu90EW4_13966 419 1 3 4 12 86 119
Cn_DRu90EW4_13967 899 1 3 4 83 119
Cn_DRu90EW4_13968 150 1 83 119
Cn_DRu90EW4_13969 239 86 119
Cn_DRu90EW4_13970 899 1 12 83 119
Cn_DRu90EW4_13971 209 1 3 83 119
Cn_DRu90EW4_13972 600 1 4 12 83 119
Cn_DRu90EW4_13973 809 1 3 4 12 86 119
Cn_DRu90EW4_13974 149 1 3 83 119
Cn_DRu90EW4_13975 869 1 3 83 119
Cn_DRu90EW4_13976 299 1 4 85 119
Cn_DRu90EW4_13977 540 1 86 119
Cn_DRu90EW4_13978 659 1 3 83 119
Cn_DRu90EW4_13979 240 3 4 86 119
Cn_DRu90EW4_13980 89 1 3 83 119
Cn_DRu90EW4_13981 119 1 3 12 86 119
Cn_DRu90EW4_13982 150 1 3 83 119
Cn_DRu90EW4_13983 150 3 86 119
Cn_DRu90EW4_13984 389 1 3 4 86 119
Cn_DRu90EW4_13985 900 1 4 85 119
Cn_DRu90EW4_13986 210 3 85 119
Ctcfuq95cTI_11521 480 1 3 65 115
Ctcfuq95cTI_11522 899 1 3 4 66 115
Ctcfuq95cTI_11523 899 1 3 4 66 115
Ctcfuq95cTI_11524 599 1 3 12 66 115
Ctcfuq95cTI_11525 900 0 1 3 4 12 66 115
Ctcfuq95cTI_11526 660 1 3 4 66 115
Ctcfuq95cTI_11527 900 1 3 4 12 66 115
Ctcfuq95cTI_11528 900 1 3 4 66 115
Ctcfuq95cTI_11529 899 1 3 4 12 66 115
Ctcfuq95cTI_11530 809 3 4 66 115
Ctcfuq95cTI_11531 539 1 3 66 115
CwthedhOv3Q_06831 270 1 4 8 96 122
CwthedhOv3Q_06832 90 3 8 12 95 122
CwthedhOv3Q_06833 90 3 8 95 122
CwthedhOv3Q_06834 120 3 4 6 8 12 95 122
CwthedhOv3Q_06835 90 1 3 4 8 12 95 122
CwthedhOv3Q_06836 180 4 8 12 96 122
CwthedhOv3Q_06837 90 4 8 95 122
CwthedhOv3Q_06838 120 8 95 122
CwthedhOv3Q_06839 150 1 3 4 8 12 96 122
CwthedhOv3Q_06840 120 4 8 12 96 122
CwthedhOv3Q_06841 150 4 6 8 12 96 122
CwthedhOv3Q_06842 150 3 4 8 12 96 122
CwthedhOv3Q_06843 150 4 8 12 96 122
CwthedhOv3Q_06844 180 4 8 96 122
CwthedhOv3Q_06845 180 8 95 122
CwthedhOv3Q_06846 150 3 4 8 95 122
CzHehKSC4cA_09834 90 3 64 115
CzHehKSC4cA_09835 510 12 64 115
CzHehKSC4cA_09836 270 12 65 115
CzHehKSC4cA_09837 690 1 3 12 65 115
CzHehKSC4cA_09838 600 1 3 12 65 115
CzHehKSC4cA_09839 720 1 3 4 12 65 115
CzHehKSC4cA_09840 900 1 3 12 62 115
CzHehKSC4cA_09841 900 1 3 12 62 115
D0nV4YrAi0A_03877 120 3 4 8 12 22 106
D0nV4YrAi0A_03878 150 12 24 106
D0nV4YrAi0A_03879 150 4 6 8 22 106
D0nV4YrAi0A_03880 120 4 8 22 106
D0nV4YrAi0A_03881 210 3 4 8 12 25 106
D0nV4YrAi0A_03882 90 4 6 8 12 22 106
D0nV4YrAi0A_03883 120 3 4 6 8 12 25 106
D0nV4YrAi0A_03884 150 1 4 6 8 12 25 106
D0nV4YrAi0A_03885 90 3 4 6 8 12 25 106
D0nV4YrAi0A_03886 120 4 6 8 22 106
D0nV4YrAi0A_03887 90 1 4 6 8 12 24 106
D0nV4YrAi0A_03888 120 3 4 6 8 12 22 106
D0nV4YrAi0A_03889 150 3 4 6 8 12 25 106
D0nV4YrAi0A_03890 90 4 8 24 106
D0nV4YrAi0A_03891 90 3 4 6 8 12 22 106
D0nV4YrAi0A_03892 150 4 8 22 106
D0nV4YrAi0A_03893 90 8 12 24 106
D0nV4YrAi0A_03894 90 3 4 6 8 22 106
D0nV4YrAi0A_03895 270 4 8 22 106
D0nV4YrAi0A_03896 150 3 24 106
D0nV4YrAi0A_03897 180 1 3 4 8 12 25 106
D0nV4YrAi0A_03898 330 1 3 4 6 8 12 24 106
D1jvrLvkOMs_07094 150 8 96 122
D1jvrLvkOMs_07095 90 0 3 8 95 122
D1jvrLvkOMs_07096 120 3 8 12 98 122
D1jvrLvkOMs_07097 90 8 96 122
D1jvrLvkOMs_07098 90 3 4 6 8 12 95 122
D1jvrLvkOMs_07099 120 3 4 8 12 95 122
D1jvrLvkOMs_07100 120 8 95 122
D1jvrLvkOMs_07101 180 1 3 4 12 98 122
D1jvrLvkOMs_07102 120 4 8 95 122
D1jvrLvkOMs_07103 90 4 8 95 122
D1jvrLvkOMs_07104 120 4 8 95 122
D1jvrLvkOMs_07105 90 3 4 8 12 95 122
D1jvrLvkOMs_07106 150 4 8 96 122
D1jvrLvkOMs_07107 90 8 97 122
D1jvrLvkOMs_07108 510 96 122
D1jvrLvkOMs_07109 90 2 4 8 12 95 122
D1jvrLvkOMs_07110 150 4 8 96 122
D1jvrLvkOMs_07111 120 1 3 4 8 96 122
D1jvrLvkOMs_07112 570 4 8 96 122
D1jvrLvkOMs_07113 180 4 6 8 12 96 122
D1jvrLvkOMs_07114 150 4 8 96 122
D1jvrLvkOMs_07115 210 1 3 4 8 96 122
D1jvrLvkOMs_07116 90 3 4 6 8 12 95 122
D3sotAxZSG8_05073 360 1 3 4 5 12 13 104
D3sotAxZSG8_05074 240 1 3 4 5 12 15 104
D3sotAxZSG8_05075 180 1 3 14 104
D4SOdP0m8zw_10808 900 1 3 12 50 112
D4SOdP0m8zw_10809 900 1 3 49 112
D4SOdP0m8zw_10810 900 3 49 112
D4SOdP0m8zw_10811 900 3 49 112
D4SOdP0m8zw_10812 450 3 49 112
D4SOdP0m8zw_10813 810 3 50 112
D4SOdP0m8zw_10814 330 3 49 112
D4SOdP0m8zw_10815 900 1 3 50 112
D4SOdP0m8zw_10816 90 3 50 112
D4SOdP0m8zw_10817 570 3 49 112
D4SOdP0m8zw_10818 480 3 50 112
D4SOdP0m8zw_10819 240 3 49 112
D4SOdP0m8zw_10820 480 1 3 50 112
DCj6nKQOn7o_10999 240 3 12 81 118
DCj6nKQOn7o_11000 270 1 4 12 81 118
DCj6nKQOn7o_11001 690 1 3 12 81 118
DCj6nKQOn7o_11002 450 1 12 82 118
DCj6nKQOn7o_11003 570 1 12 81 118
DEUmwjPsIgI_07629 120 1 3 12 39 110
DEUmwjPsIgI_07630 180 1 3 4 39 110
DEUmwjPsIgI_07631 210 1 3 12 39 110
DEUmwjPsIgI_07632 150 1 3 12 39 110
DEUmwjPsIgI_07633 330 1 3 4 39 110
DEUmwjPsIgI_07634 150 1 3 39 110
DEUmwjPsIgI_07635 150 1 3 4 12 39 110
DEUmwjPsIgI_07636 90 1 3 4 39 110
DEUmwjPsIgI_07637 150 1 3 4 41 110
DEUmwjPsIgI_07638 90 1 3 4 41 110
DEUmwjPsIgI_07639 90 1 3 4 41 110
DEUmwjPsIgI_07640 120 1 39 110
DEUmwjPsIgI_07641 120 1 3 39 110
DFoGgB7pC24_12329 540 30 107
DFoGgB7pC24_12330 390 30 107
DFoGgB7pC24_12331 360 30 107
DFoGgB7pC24_12332 180 30 107
DFoGgB7pC24_12333 900 30 107
DFoGgB7pC24_12334 690 30 107
DMS89BaDh9I_03578 240 3 4 6 8 12 25 106
DMS89BaDh9I_03579 120 1 3 4 6 8 25 106
DMS89BaDh9I_03580 390 1 4 6 8 25 106
DMS89BaDh9I_03581 239 3 4 6 8 12 25 106
DMS89BaDh9I_03582 330 3 4 6 8 12 25 106
DMS89BaDh9I_03583 389 3 4 6 8 12 25 106
DMS89BaDh9I_03584 270 3 4 6 8 12 25 106
DMS89BaDh9I_03585 270 4 6 8 25 106
DMS89BaDh9I_03586 179 4 8 25 106
DMS89BaDh9I_03587 209 3 4 8 12 25 106
DMS89BaDh9I_03588 90 12 24 106
DMS89BaDh9I_03589 149 4 6 8 22 106
DMS89BaDh9I_03590 150 4 8 12 22 106
DMS89BaDh9I_03591 120 1 3 4 8 22 106
DMS89BaDh9I_03592 180 3 4 6 8 12 22 106
DMS89BaDh9I_03593 239 4 6 8 22 106
DMS89BaDh9I_03594 90 4 5 8 12 24 106
DMS89BaDh9I_03595 269 1 3 4 6 8 12 22 106
DMS89BaDh9I_03596 270 3 4 6 8 12 22 106
DMS89BaDh9I_03597 269 3 4 6 8 12 22 106
DMS89BaDh9I_03598 300 3 4 6 8 12 22 106
DMS89BaDh9I_03599 270 0 3 4 6 8 12 22 106
DMS89BaDh9I_03600 149 8 24 106
DMS89BaDh9I_03601 120 3 8 12 24 106
DOpscCKVKZQ_04117 240 1 74 117
DOpscCKVKZQ_04118 120 1 3 4 74 117
DOpscCKVKZQ_04119 150 1 3 74 117
DiBeIb1URlA_05468 90 3 50 112
DiBeIb1URlA_05469 120 3 51 112
DiBeIb1URlA_05470 90 51 112
DiBeIb1URlA_05471 90 3 4 50 112
DkZ_GPdBKV4_10032 210 4 12 55 113
DkZ_GPdBKV4_10033 179 1 2 4 12 56 113
DkZ_GPdBKV4_10034 89 3 12 54 113
DkZ_GPdBKV4_10035 239 3 12 56 113
DkZ_GPdBKV4_10036 89 3 12 54 113
DkZ_GPdBKV4_10037 90 0 1 54 113
DkZ_GPdBKV4_10038 270 0 1 2 3 4 12 56 113
DkZ_GPdBKV4_10039 89 0 3 4 12 54 113
DkZ_GPdBKV4_10040 509 0 1 3 4 11 12 56 113
DkZ_GPdBKV4_10041 150 1 3 4 12 54 113
DkZ_GPdBKV4_10042 900 1 3 4 12 56 113
DkZ_GPdBKV4_10043 899 0 1 3 4 12 56 113
DkZ_GPdBKV4_10044 899 2 3 12 56 113
DkZ_GPdBKV4_10045 689 0 1 3 12 56 113
DkZ_GPdBKV4_10046 420 0 1 3 4 11 12 57 113
DkZ_GPdBKV4_10047 269 1 3 12 57 113
DkZ_GPdBKV4_10048 90 3 4 12 54 113
DkZ_GPdBKV4_10049 900 1 3 4 12 54 113
DkZ_GPdBKV4_10050 180 1 3 12 54 113
DkZ_GPdBKV4_10051 120 1 3 4 12 56 113
DkZ_GPdBKV4_10052 420 1 2 3 4 12 54 113
DkZ_GPdBKV4_10053 89 2 3 12 56 113
DkZ_GPdBKV4_10054 240 1 2 4 12 57 113
Dmy6eSvGSZ0_05757 90 1 3 50 112
Dmy6eSvGSZ0_05758 90 1 3 51 112
Dmy6eSvGSZ0_05759 120 3 51 112
DqBqBL3d5Zw_08090 900 1 3 4 66 115
DqBqBL3d5Zw_08091 89 1 3 4 66 115
DqBqBL3d5Zw_08092 270 1 3 4 66 115
DqBqBL3d5Zw_08093 629 1 3 4 66 115
DqBqBL3d5Zw_08094 149 3 4 66 115
DqBqBL3d5Zw_08095 180 66 115
DqBqBL3d5Zw_08096 90 1 4 66 115
DqBqBL3d5Zw_08097 330 3 66 115
DqBqBL3d5Zw_08098 89 66 115
DqBqBL3d5Zw_08099 89 3 66 115
DqBqBL3d5Zw_08100 119 3 65 115
DqBqBL3d5Zw_08101 480 3 65 115
E-OLsFLG_D0_03950 90 1 3 92 121
E-OLsFLG_D0_03951 180 1 92 121
E-OLsFLG_D0_03952 90 3 12 92 121
E-OLsFLG_D0_03954 180 1 3 4 94 121
E1QnoqzZuTs_00812 180 1 4 34 108
E1QnoqzZuTs_00813 480 4 34 108
E1QnoqzZuTs_00814 120 1 4 34 108
E1QnoqzZuTs_00815 150 1 4 34 108
E1QnoqzZuTs_00816 330 1 4 34 108
E1QnoqzZuTs_00817 210 1 4 34 108
E1QnoqzZuTs_00818 330 4 34 108
E1QnoqzZuTs_00819 300 4 34 108
E1QnoqzZuTs_00820 150 1 4 34 108
E1QnoqzZuTs_00821 150 1 4 34 108
E3XpMuoM2ig_07841 120 3 4 12 40 110
E3XpMuoM2ig_07842 900 1 3 4 40 110
E3XpMuoM2ig_07843 180 1 3 12 40 110
E3iRiSzcNL4_04630 120 1 3 4 58 114
E3iRiSzcNL4_04631 150 0 1 4 8 12 58 114
E7HpVHgYKQs_08554 540 3 65 115
E7HpVHgYKQs_08555 900 3 65 115
E7HpVHgYKQs_08556 900 3 4 65 115
E7HpVHgYKQs_08557 600 3 65 115
E7HpVHgYKQs_08558 900 3 65 115
E7HpVHgYKQs_08559 900 3 65 115
E7HpVHgYKQs_08560 900 3 65 115
E7HpVHgYKQs_08561 240 65 115
E7HpVHgYKQs_08562 900 3 4 65 115
E7HpVHgYKQs_08563 900 3 65 115
E8QmOeYlAj4_09579 900 1 3 12 55 113
E8QmOeYlAj4_09580 900 1 2 3 4 8 12 54 113
E8QmOeYlAj4_09581 900 1 3 4 8 12 56 113
E8QmOeYlAj4_09582 630 0 1 3 4 12 54 113
E8QmOeYlAj4_09583 900 1 3 4 12 56 113
EBoMKkmJEMg_05053 120 1 3 5 12 13 104
EBoMKkmJEMg_05054 450 12 15 104
EBoMKkmJEMg_05055 150 3 14 104
ECqJszXGBtA_11422 210 3 12 65 115
ECqJszXGBtA_11423 450 3 65 115
EOnmMYGwV0M_05952 150 27 107
EOnmMYGwV0M_05953 120 28 107
EOnmMYGwV0M_05954 150 29 107
EOnmMYGwV0M_05955 180 27 107
EOnmMYGwV0M_05956 180 30 107
EOnmMYGwV0M_05957 120 30 107
EOnmMYGwV0M_05958 180 30 107
EOnmMYGwV0M_05959 120 0 29 107
EOnmMYGwV0M_05960 120 26 107
Ee2jEjJGqXQ_04184 120 74 117
Ee2jEjJGqXQ_04185 120 74 117
EjNKKu-Q5JI_11826 150 1 2 3 69 116
EjNKKu-Q5JI_11827 150 1 3 71 116
EjNKKu-Q5JI_11828 600 1 2 3 4 69 116
EjNKKu-Q5JI_11829 420 0 1 3 69 116
Et5JmugfZ8I_06361 120 1 3 4 12 101 123
Et5JmugfZ8I_06362 150 1 3 4 12 101 123
Et5JmugfZ8I_06363 120 3 4 12 99 123
Et5JmugfZ8I_06364 120 1 3 4 8 100 123
Et5JmugfZ8I_06365 150 4 12 103 123
Et5JmugfZ8I_06366 150 4 12 103 123
Et5JmugfZ8I_06367 180 1 4 12 100 123
Et5JmugfZ8I_06368 120 1 3 4 8 12 99 123
Et5JmugfZ8I_06369 180 3 4 5 8 99 123
Et5JmugfZ8I_06370 180 1 3 4 100 123
Et5JmugfZ8I_06371 180 1 4 12 103 123
Et5JmugfZ8I_06372 120 4 12 103 123
Et5JmugfZ8I_06373 180 4 12 101 123
Et5JmugfZ8I_06374 120 8 103 123
Et5JmugfZ8I_06375 120 1 4 8 103 123
Et5JmugfZ8I_06376 120 4 8 103 123
Et5JmugfZ8I_06377 120 1 4 8 100 123
Et5JmugfZ8I_06378 90 4 12 103 123
Et5JmugfZ8I_06379 180 4 12 103 123
Et5JmugfZ8I_06380 120 1 4 8 100 123
Et5JmugfZ8I_06381 150 1 4 12 103 123
Et5JmugfZ8I_06382 120 1 4 8 102 123
Et5JmugfZ8I_06383 120 1 3 4 12 99 123
Et5JmugfZ8I_06384 210 4 12 102 123
Et5JmugfZ8I_06385 150 1 4 8 100 123
Et5JmugfZ8I_06386 120 1 4 8 99 123
Et5JmugfZ8I_06387 120 12 101 123
Et5JmugfZ8I_06388 150 1 4 8 99 123
EvkfSEyOiXs_03301 90 3 4 78 117
EvkfSEyOiXs_03302 390 1 74 117
EvkfSEyOiXs_03303 599 1 76 117
EvkfSEyOiXs_03304 329 1 78 117
EvkfSEyOiXs_03305 420 74 117
EvkfSEyOiXs_03306 899 1 76 117
EvkfSEyOiXs_03307 239 1 3 76 117
F5ddFGF-yOM_08407 660 3 12 61 115
F5ddFGF-yOM_08408 240 3 61 115
F5ddFGF-yOM_08409 120 3 63 115
F5ddFGF-yOM_08410 180 12 61 115
F5ddFGF-yOM_08411 690 1 3 61 115
F5ddFGF-yOM_08412 90 1 3 63 115
F5ddFGF-yOM_08413 600 1 3 4 61 115
F5ddFGF-yOM_08414 90 1 3 12 63 115
F5ddFGF-yOM_08415 420 3 12 61 115
F5ddFGF-yOM_08416 90 3 63 115
F5ddFGF-yOM_08417 90 3 61 115
F5ddFGF-yOM_08418 420 1 3 12 61 115
F5ddFGF-yOM_08419 510 3 61 115
F5ddFGF-yOM_08420 90 3 63 115
F5ddFGF-yOM_08421 270 3 61 115
F5ddFGF-yOM_08422 90 3 63 115
F5ddFGF-yOM_08423 90 3 63 115
F5ddFGF-yOM_08424 90 3 63 115
F5ddFGF-yOM_08425 180 1 3 63 115
F5ddFGF-yOM_08426 900 1 3 63 115
F69NORRriZs_03842 120 3 4 8 12 22 106
F69NORRriZs_03843 900 1 2 3 4 8 12 24 106
F69NORRriZs_03844 810 1 3 4 12 24 106
F69NORRriZs_03845 239 1 3 4 8 12 25 106
F69NORRriZs_03846 450 1 3 12 24 106
F69NORRriZs_03847 119 4 8 22 106
F69NORRriZs_03848 90 4 8 22 106
F69NORRriZs_03849 150 3 8 12 24 106
F69NORRriZs_03850 210 4 8 12 25 106
F69NORRriZs_03851 89 24 106
F69NORRriZs_03852 149 3 4 6 8 22 106
F69NORRriZs_03853 90 3 8 12 24 106
F69NORRriZs_03854 210 3 4 6 8 12 22 106
F69NORRriZs_03855 120 1 3 4 8 12 24 106
F69NORRriZs_03856 239 1 3 4 8 12 25 106
F69NORRriZs_03857 179 4 8 22 106
F69NORRriZs_03858 150 0 1 3 4 8 12 24 106
F69NORRriZs_03859 90 3 4 8 22 106
F69NORRriZs_03860 210 3 4 8 25 106
F69NORRriZs_03861 119 8 12 24 106
F69NORRriZs_03862 299 3 4 6 8 12 25 106
F69NORRriZs_03863 150 3 4 8 12 24 106
F69NORRriZs_03864 210 1 4 8 25 106
F69NORRriZs_03865 269 4 8 22 106
F69NORRriZs_03866 210 4 8 22 106
F69NORRriZs_03867 119 4 8 22 106
F69NORRriZs_03868 239 3 4 8 12 25 106
F69NORRriZs_03869 179 1 4 8 12 25 106
F69NORRriZs_03870 150 3 4 8 12 25 106
F69NORRriZs_03871 210 3 4 8 12 25 106
FAmE16ej9IU_06425 450 1 61 115
FAmE16ej9IU_06426 119 3 61 115
FAmE16ej9IU_06427 119 3 61 115
FAmE16ej9IU_06428 149 3 61 115
FAmE16ej9IU_06429 269 1 3 63 115
FAmE16ej9IU_06430 120 63 115
FAmE16ej9IU_06431 149 3 63 115
FAmE16ej9IU_06432 120 3 63 115
FAmE16ej9IU_06433 359 1 3 63 115
FAmE16ej9IU_06434 150 1 4 63 115
FAmE16ej9IU_06435 360 3 61 115
FFbHZLlq5vs_15942 90 0 1 2 3 4 9 12 35 109
FFbHZLlq5vs_15943 90 0 1 3 4 12 35 109
FJqqneQMuEM_07046 120 1 3 4 8 96 122
FJqqneQMuEM_07047 90 4 8 12 95 122
FJqqneQMuEM_07048 180 1 4 8 12 96 122
FJqqneQMuEM_07049 90 4 8 95 122
FJqqneQMuEM_07050 300 3 4 8 12 96 122
FJqqneQMuEM_07051 90 4 8 12 95 122
FJqqneQMuEM_07052 180 1 3 4 8 12 96 122
FJqqneQMuEM_07053 90 4 8 96 122
FJqqneQMuEM_07054 240 4 8 96 122
FJqqneQMuEM_07055 180 4 8 12 96 122
FJqqneQMuEM_07056 360 8 12 96 122
FJqqneQMuEM_07057 90 4 8 12 95 122
FJqqneQMuEM_07058 180 1 4 10 12 98 122
FJqqneQMuEM_07059 120 2 4 6 8 12 95 122
FJqqneQMuEM_07060 180 1 8 96 122
FJqqneQMuEM_07061 90 4 8 12 95 122
FJqqneQMuEM_07062 120 4 8 96 122
FJqqneQMuEM_07063 90 4 6 8 12 95 122
FJqqneQMuEM_07064 120 1 4 8 12 95 122
FJqqneQMuEM_07065 120 3 4 8 12 98 122
FT9_m7Tv1-c_10830 240 3 51 112
FT9_m7Tv1-c_10831 90 3 50 112
FZZsMuB3S_k_05654 90 8 95 122
FZZsMuB3S_k_05655 120 3 4 8 12 96 122
FZZsMuB3S_k_05656 90 3 4 8 12 98 122
FZZsMuB3S_k_05657 90 3 4 8 12 98 122
FZZsMuB3S_k_05658 90 4 8 96 122
FZZsMuB3S_k_05659 150 1 8 96 122
FZZsMuB3S_k_05660 120 1 4 8 12 98 122
FZZsMuB3S_k_05661 90 3 4 6 8 12 95 122
FZZsMuB3S_k_05662 90 1 8 96 122
FZZsMuB3S_k_05663 90 1 3 8 12 98 122
FZZsMuB3S_k_05664 90 8 95 122
FZZsMuB3S_k_05665 90 3 6 8 12 98 122
FZZsMuB3S_k_05666 90 1 3 8 12 98 122
FZZsMuB3S_k_05667 90 1 3 4 8 96 122
FZZsMuB3S_k_05668 90 1 3 4 8 98 122
FZZsMuB3S_k_05669 90 8 12 98 122
FZZsMuB3S_k_05670 90 3 4 8 12 98 122
FZZsMuB3S_k_05671 90 2 4 8 95 122
FZZsMuB3S_k_05672 90 3 4 8 12 95 122
FZZsMuB3S_k_05673 90 4 8 12 98 122
FZZsMuB3S_k_05674 120 1 4 8 96 122
FZZsMuB3S_k_05675 90 0 4 8 95 122
FZZsMuB3S_k_05676 120 1 8 12 96 122
FZZsMuB3S_k_05677 120 3 4 8 96 122
FZZsMuB3S_k_05678 90 8 96 122
FZZsMuB3S_k_05679 90 3 4 8 12 96 122
FZZsMuB3S_k_05680 90 4 8 95 122
FZZsMuB3S_k_05681 90 8 95 122
FZZsMuB3S_k_05682 90 4 8 95 122
FZZsMuB3S_k_05683 90 3 4 6 8 10 12 95 122
FaAKSTx8E7c_12369 900 26 107
FaAKSTx8E7c_12370 899 26 107
FaAKSTx8E7c_12371 779 26 107
FaAKSTx8E7c_12372 899 1 29 107
FaAKSTx8E7c_12373 899 1 29 107
FaAKSTx8E7c_12374 419 1 29 107
FaAKSTx8E7c_12375 899 26 107
FaAKSTx8E7c_12376 90 26 107
FaAKSTx8E7c_12377 90 26 107
FaAKSTx8E7c_12378 150 26 107
FaAKSTx8E7c_12379 360 26 107
FdcEJvTTHy8_12416 870 29 107
FdcEJvTTHy8_12417 660 29 107
FdcEJvTTHy8_12418 210 29 107
FeOzFGuxEc0_03134 90 1 3 4 69 116
FeOzFGuxEc0_03135 630 1 3 12 73 116
FeOzFGuxEc0_03136 840 1 2 3 7 10 12 69 116
FeOzFGuxEc0_03137 120 1 3 71 116
FeOzFGuxEc0_03138 120 3 12 73 116
FeOzFGuxEc0_03139 240 1 2 3 69 116
FgXlkt2rvHw_01993 270 3 4 12 24 106
FgXlkt2rvHw_01994 90 1 3 4 6 8 22 106
FgXlkt2rvHw_01995 90 4 8 24 106
FgXlkt2rvHw_01996 240 1 3 4 6 8 12 25 106
FgXlkt2rvHw_01997 90 3 4 6 8 12 22 106
FgXlkt2rvHw_01998 120 12 24 106
FgXlkt2rvHw_01999 180 3 4 6 8 12 25 106
FgXlkt2rvHw_02000 120 4 6 8 12 25 106
FgXlkt2rvHw_02001 210 4 6 8 12 22 106
FgXlkt2rvHw_02002 120 3 4 6 12 25 106
FgXlkt2rvHw_02003 210 3 4 6 8 12 22 106
FgXlkt2rvHw_02004 300 0 1 3 4 6 8 22 106
FgXlkt2rvHw_02005 120 4 8 22 106
FgXlkt2rvHw_02006 90 4 8 12 22 106
FgXlkt2rvHw_02007 270 3 4 6 8 12 25 106
FgXlkt2rvHw_02008 240 4 8 25 106
FgXlkt2rvHw_02009 90 6 8 25 106
FgXlkt2rvHw_02010 120 3 4 8 12 25 106
FgXlkt2rvHw_02011 90 4 6 12 25 106
FgXlkt2rvHw_02012 120 1 4 6 8 22 106
FgXlkt2rvHw_02013 180 8 12 24 106
FgXlkt2rvHw_02014 450 1 3 4 6 8 12 25 106
FgXlkt2rvHw_02015 90 4 8 12 24 106
FgXlkt2rvHw_02016 90 8 12 24 106
FgXlkt2rvHw_02017 120 3 4 8 12 22 106
FgXlkt2rvHw_02018 150 3 5 24 106
FgXlkt2rvHw_02019 120 3 4 8 12 22 106
FgXlkt2rvHw_02020 210 3 8 12 24 106
FgXlkt2rvHw_02021 210 12 24 106
FgXlkt2rvHw_02022 90 3 5 8 24 106
FofrqCLdZUU_01292 150 1 3 4 6 8 12 25 106
FofrqCLdZUU_01293 150 1 4 6 8 12 25 106
FofrqCLdZUU_01294 180 3 4 6 8 12 25 106
FofrqCLdZUU_01295 120 1 3 4 6 8 25 106
FofrqCLdZUU_01296 240 1 3 4 6 8 12 25 106
FofrqCLdZUU_01297 270 1 4 6 8 25 106
FofrqCLdZUU_01298 150 1 4 8 12 22 106
FofrqCLdZUU_01299 90 3 5 8 12 24 106
FofrqCLdZUU_01300 150 3 4 6 8 12 22 106
FofrqCLdZUU_01301 150 12 24 106
FofrqCLdZUU_01302 150 4 6 8 12 25 106
FofrqCLdZUU_01303 120 1 3 4 8 12 24 106
FofrqCLdZUU_01304 150 3 4 6 8 12 25 106
FofrqCLdZUU_01305 180 4 6 8 12 22 106
FvwtY2_VYok_09598 900 1 4 75 117
FvwtY2_VYok_09599 180 1 78 117
FvwtY2_VYok_09600 150 1 78 117
FvwtY2_VYok_09601 900 1 74 117
FvwtY2_VYok_09602 120 1 76 117
Fzxaw2PuvTU_07959 330 1 3 12 40 110
Fzxaw2PuvTU_07960 870 1 3 4 12 40 110
Fzxaw2PuvTU_07961 180 1 3 12 43 110
Fzxaw2PuvTU_07962 180 3 12 43 110
Fzxaw2PuvTU_07963 90 3 12 38 110
Fzxaw2PuvTU_07964 720 1 3 12 40 110
Fzxaw2PuvTU_07965 180 42 110
Fzxaw2PuvTU_07966 600 1 3 12 42 110
Fzxaw2PuvTU_07967 150 1 3 12 40 110
Fzxaw2PuvTU_07968 180 1 3 4 39 110
Fzxaw2PuvTU_07969 510 1 3 12 42 110
Fzxaw2PuvTU_07970 180 1 3 40 110
Fzxaw2PuvTU_07971 450 1 4 12 39 110
Fzxaw2PuvTU_07972 840 1 3 4 12 42 110
Fzxaw2PuvTU_07973 240 1 3 12 40 110
Fzxaw2PuvTU_07974 330 1 3 12 39 110
Fzxaw2PuvTU_07975 780 1 3 12 39 110
Fzxaw2PuvTU_07976 180 3 4 39 110
Fzxaw2PuvTU_07977 120 3 4 41 110
Fzxaw2PuvTU_07978 750 3 12 42 110
Fzxaw2PuvTU_07979 600 1 3 4 12 39 110
G1sXJqPlphE_05177 900 1 3 4 12 13 104
G1sXJqPlphE_05178 629 1 3 12 13 104
G1sXJqPlphE_05179 329 3 16 104
G1sXJqPlphE_05180 90 3 4 5 13 104
G1sXJqPlphE_05181 90 1 3 5 16 104
G1sXJqPlphE_05182 90 1 4 12 13 104
G1sXJqPlphE_05183 89 3 5 16 104
G1sXJqPlphE_05184 89 1 4 5 12 13 104
G1sXJqPlphE_05185 89 5 16 104
G1sXJqPlphE_05186 89 3 4 13 104
G1sXJqPlphE_05187 90 3 12 16 104
G1sXJqPlphE_05188 450 1 3 4 12 13 104
G1sXJqPlphE_05189 900 1 4 12 14 104
G1sXJqPlphE_05190 900 1 14 104
G1sXJqPlphE_05191 900 1 3 4 12 14 104
G1sXJqPlphE_05192 899 1 4 14 104
G1sXJqPlphE_05193 899 14 104
G1sXJqPlphE_05194 899 1 3 4 14 104
G1sXJqPlphE_05195 899 1 14 104
G1sXJqPlphE_05196 899 1 3 14 104
G1sXJqPlphE_05197 899 1 3 14 104
G1sXJqPlphE_05198 898 1 3 4 5 12 14 104
G7EmmT0GufQ_10693 300 1 4 50 112
G7EmmT0GufQ_10694 120 3 50 112
G7EmmT0GufQ_10695 180 3 50 112
G7EmmT0GufQ_10696 210 3 51 112
G7EmmT0GufQ_10697 120 3 51 112
G7EmmT0GufQ_10698 90 1 3 51 112
GHkosPeBZaM_10402 120 1 12 54 113
GHkosPeBZaM_10403 150 12 54 113
GHkosPeBZaM_10404 150 1 3 4 8 12 54 113
GHkosPeBZaM_10405 180 3 4 12 54 113
GHkosPeBZaM_10406 720 1 3 4 12 56 113
GHkosPeBZaM_10407 120 3 12 54 113
GHkosPeBZaM_10408 690 1 3 4 12 56 113
GHkosPeBZaM_10409 360 1 3 4 12 54 113
GHkosPeBZaM_10410 150 1 4 12 54 113
GHkosPeBZaM_10411 360 1 3 12 54 113
GHkosPeBZaM_10412 900 0 1 3 4 12 54 113
GHkosPeBZaM_10413 120 1 12 54 113
GI9ilRE8YK0_10893 180 0 1 3 4 6 12 25 106
GI9ilRE8YK0_10894 90 1 3 4 5 8 12 24 106
GI9ilRE8YK0_10895 150 3 4 6 8 12 25 106
GI9ilRE8YK0_10896 270 3 4 6 8 25 106
GI9ilRE8YK0_10897 90 4 6 8 25 106
GI9ilRE8YK0_10898 240 1 3 4 6 8 12 25 106
GI9ilRE8YK0_10899 120 1 3 4 12 24 106
GI9ilRE8YK0_10900 270 3 4 8 12 25 106
GI9ilRE8YK0_10901 150 1 3 4 6 8 24 106
GI9ilRE8YK0_10902 120 0 3 4 8 22 106
GI9ilRE8YK0_10903 120 4 6 8 25 106
GI9ilRE8YK0_10904 90 3 4 8 12 24 106
GI9ilRE8YK0_10905 90 3 4 6 8 25 106
GI9ilRE8YK0_10906 210 3 4 8 12 25 106
GI9ilRE8YK0_10907 120 4 6 8 25 106
GI9ilRE8YK0_10908 150 3 8 12 24 106
GI9ilRE8YK0_10909 120 3 24 106
GMPoIpzDXl8_14391 150 1 4 8 102 123
GMPoIpzDXl8_14392 90 4 8 99 123
GMPoIpzDXl8_14393 90 3 4 8 100 123
GMPoIpzDXl8_14394 150 1 4 8 102 123
GMPoIpzDXl8_14395 90 1 4 8 100 123
GMPoIpzDXl8_14396 90 4 8 12 100 123
GMPoIpzDXl8_14397 90 4 8 100 123
GMPoIpzDXl8_14398 90 1 4 8 12 100 123
GMPoIpzDXl8_14399 120 4 8 102 123
GMPoIpzDXl8_14400 90 1 4 8 103 123
GMPoIpzDXl8_14401 90 1 3 4 100 123
GMPoIpzDXl8_14402 90 1 4 12 100 123
GMPoIpzDXl8_14403 90 1 3 4 8 100 123
GMPoIpzDXl8_14404 90 4 8 102 123
GMPoIpzDXl8_14405 120 1 4 8 103 123
GMPoIpzDXl8_14406 90 1 4 8 12 100 123
GMPoIpzDXl8_14407 90 4 8 100 123
GMPoIpzDXl8_14408 90 1 4 8 103 123
GMPoIpzDXl8_14409 90 1 4 8 103 123
GMPoIpzDXl8_14410 90 4 8 12 103 123
GMPoIpzDXl8_14411 90 1 4 8 103 123
GMPoIpzDXl8_14412 90 1 4 8 103 123
GMPoIpzDXl8_14413 90 4 8 103 123
GMPoIpzDXl8_14414 90 1 4 8 103 123
GMPoIpzDXl8_14415 90 1 4 8 103 123
GMPoIpzDXl8_14416 90 1 3 4 12 99 123
GSIhql7UGIE_08146 120 3 65 115
GSIhql7UGIE_08147 210 3 12 66 115
GSIhql7UGIE_08148 120 1 3 4 12 66 115
GSIhql7UGIE_08149 150 3 66 115
GSIhql7UGIE_08150 330 66 115
GSIhql7UGIE_08151 570 3 66 115
GSIhql7UGIE_08152 120 3 4 66 115
GSIhql7UGIE_08153 120 3 12 65 115
GSbjwzyuUoo_06613 390 1 4 12 82 118
GSbjwzyuUoo_06614 149 1 12 82 118
GSbjwzyuUoo_06615 180 1 12 82 118
GSbjwzyuUoo_06616 570 1 12 81 118
GVRIYx3TfPs_10675 900 3 50 112
GVRIYx3TfPs_10676 450 3 50 112
GVRIYx3TfPs_10677 600 3 49 112
GVRIYx3TfPs_10678 390 1 3 50 112
GbCO46F6b0I_14244 900 1 3 4 102 123
GbCO46F6b0I_14245 870 1 4 12 102 123
GbCO46F6b0I_14246 210 1 3 4 102 123
GbCO46F6b0I_14247 150 1 3 102 123
GbCO46F6b0I_14248 450 1 3 4 12 102 123
GbCO46F6b0I_14249 360 1 3 4 8 102 123
GbCO46F6b0I_14250 120 1 3 4 102 123
GbCO46F6b0I_14251 900 1 4 12 102 123
GbCO46F6b0I_14252 810 1 4 12 102 123
GbCO46F6b0I_14253 150 1 3 4 12 102 123
GbCO46F6b0I_14254 270 1 4 12 102 123
Gbu4fibjTOI_09584 90 3 4 102 123
Gbu4fibjTOI_09585 240 3 102 123
Gbu4fibjTOI_09586 120 4 12 102 123
Gbu4fibjTOI_09587 90 3 4 12 100 123
Gbu4fibjTOI_09588 120 4 12 102 123
Gbu4fibjTOI_09589 120 1 3 4 12 102 123
Gbu4fibjTOI_09590 120 3 4 12 102 123
Gbu4fibjTOI_09591 150 3 4 102 123
Gbu4fibjTOI_09592 150 3 4 102 123
Gbu4fibjTOI_09593 120 1 12 102 123
Gbu4fibjTOI_09594 120 3 102 123
Gbu4fibjTOI_09595 120 1 3 4 99 123
Gbu4fibjTOI_09596 90 3 4 8 100 123
Gbu4fibjTOI_09597 90 4 12 99 123
H0Zv1eWZKrY_10448 90 4 12 57 113
H0Zv1eWZKrY_10449 180 3 57 113
H19_nhpvsT0_04921 450 1 4 5 12 13 104
H19_nhpvsT0_04922 120 1 3 4 12 15 104
HRSADguKNB8_11914 240 1 69 116
HRSADguKNB8_11915 90 3 4 72 116
HfNS58GCmUs_10065 90 3 4 12 54 113
HfNS58GCmUs_10066 90 3 57 113
HfNS58GCmUs_10067 90 1 3 4 12 54 113
HfNS58GCmUs_10068 270 3 12 57 113
HfNS58GCmUs_10069 119 1 3 12 54 113
HfNS58GCmUs_10070 210 1 4 12 54 113
HlugLE4TaLA_00032 300 0 32 108
HlugLE4TaLA_00033 270 0 1 32 108
HlugLE4TaLA_00034 240 0 1 32 108
HpmtecgPGBo_04426 450 1 4 8 12 59 114
HpmtecgPGBo_04427 90 3 4 8 12 58 114
HpmtecgPGBo_04428 300 1 4 8 59 114
HpmtecgPGBo_04429 90 6 8 58 114
HpmtecgPGBo_04430 90 4 8 59 114
HpmtecgPGBo_04431 90 4 8 12 58 114
HpmtecgPGBo_04432 210 4 8 59 114
HpmtecgPGBo_04433 150 1 4 8 59 114
HpmtecgPGBo_04434 90 4 6 8 58 114
HpmtecgPGBo_04435 420 3 4 8 59 114
HpmtecgPGBo_04436 90 6 8 58 114
HpmtecgPGBo_04437 120 1 4 8 59 114
HpmtecgPGBo_04438 90 3 8 12 58 114
HpmtecgPGBo_04439 150 3 4 8 12 59 114
HpmtecgPGBo_04440 210 1 3 4 6 8 12 59 114
HpmtecgPGBo_04441 90 3 4 6 8 12 58 114
HpmtecgPGBo_04442 360 4 6 8 12 59 114
HpmtecgPGBo_04443 90 3 4 6 12 58 114
HpmtecgPGBo_04444 90 8 58 114
HpmtecgPGBo_04445 90 3 6 8 58 114
HzOXjqmzGuY_10298 900 1 3 4 8 12 55 113
HzOXjqmzGuY_10299 240 3 4 12 54 113
HzOXjqmzGuY_10300 900 1 3 4 12 54 113
HzOXjqmzGuY_10301 900 1 3 4 12 54 113
HzOXjqmzGuY_10302 690 0 2 3 4 12 54 113
HzOXjqmzGuY_10303 90 1 2 3 4 12 56 113
HzOXjqmzGuY_10304 900 1 2 3 4 12 56 113
HzOXjqmzGuY_10305 180 1 2 3 4 12 56 113
I7iJPeN1wH4_00018 210 1 4 32 108
I7iJPeN1wH4_00019 240 1 4 33 108
ICN26rD0i6Q_00144 900 1 3 93 121
ICN26rD0i6Q_00145 900 1 3 93 121
ICN26rD0i6Q_00146 900 1 3 4 93 121
ICN26rD0i6Q_00147 900 1 3 4 93 121
ICN26rD0i6Q_00148 900 1 3 4 12 93 121
ICN26rD0i6Q_00149 900 1 3 93 121
ICN26rD0i6Q_00150 900 1 3 93 121
ICN26rD0i6Q_00151 900 1 3 4 93 121
ICN26rD0i6Q_00152 900 1 3 4 93 121
ICN26rD0i6Q_00153 900 1 3 4 93 121
IMuoOkm9NTg_14296 180 1 4 8 102 123
IMuoOkm9NTg_14297 90 1 3 4 8 100 123
IMuoOkm9NTg_14298 330 3 4 12 102 123
IMuoOkm9NTg_14299 89 1 3 4 8 103 123
IMuoOkm9NTg_14300 89 1 3 4 12 100 123
IMuoOkm9NTg_14301 90 1 4 8 100 123
IMuoOkm9NTg_14302 450 1 4 6 8 102 123
IMuoOkm9NTg_14303 89 1 4 8 103 123
IMuoOkm9NTg_14304 89 1 8 12 101 123
IMuoOkm9NTg_14305 89 1 4 8 100 123
IMuoOkm9NTg_14306 90 1 4 8 103 123
IMuoOkm9NTg_14307 90 1 3 4 8 100 123
IMuoOkm9NTg_14308 120 4 8 102 123
IMuoOkm9NTg_14309 89 4 8 103 123
IMuoOkm9NTg_14310 89 4 8 100 123
IMuoOkm9NTg_14311 599 1 4 8 102 123
IMuoOkm9NTg_14312 90 1 4 8 103 123
IMuoOkm9NTg_14313 89 1 3 4 8 12 100 123
IMuoOkm9NTg_14314 89 1 3 4 12 103 123
IMuoOkm9NTg_14315 89 1 4 8 100 123
IMuoOkm9NTg_14316 239 4 8 102 123
IMuoOkm9NTg_14317 90 1 3 4 8 103 123
IMuoOkm9NTg_14318 90 1 3 4 12 100 123
IMuoOkm9NTg_14319 210 1 3 4 8 102 123
IMuoOkm9NTg_14320 89 1 3 4 8 103 123
IMuoOkm9NTg_14321 89 1 4 8 100 123
IMuoOkm9NTg_14322 89 1 4 8 102 123
IMuoOkm9NTg_14323 90 1 4 8 103 123
IMuoOkm9NTg_14324 150 1 4 8 102 123
IMuoOkm9NTg_14325 90 1 4 8 103 123
IMuoOkm9NTg_14326 539 1 4 8 102 123
IT9f-0ir1R8_10983 510 1 3 4 8 12 25 106
IT9f-0ir1R8_10984 510 3 4 8 12 25 106
IT9f-0ir1R8_10985 270 3 4 8 12 25 106
IT9f-0ir1R8_10986 150 1 3 4 5 12 24 106
IT9f-0ir1R8_10987 240 8 25 106
IT9f-0ir1R8_10988 720 1 4 8 12 25 106
IT9f-0ir1R8_10989 360 1 4 6 8 12 25 106
IT9f-0ir1R8_10990 210 1 3 4 8 12 25 106
IT9f-0ir1R8_10991 420 3 4 6 8 12 25 106
IT9f-0ir1R8_10992 180 1 3 4 8 12 25 106
IT9f-0ir1R8_10993 330 25 106
IT9f-0ir1R8_10994 150 3 5 8 12 24 106
IT9f-0ir1R8_10995 90 8 12 24 106
IT9f-0ir1R8_10996 120 3 12 24 106
ITnWfGE6ymQ_09551 180 3 4 8 22 106
ITnWfGE6ymQ_09552 180 1 3 4 6 8 12 22 106
ITnWfGE6ymQ_09553 150 3 4 6 8 22 106
ITnWfGE6ymQ_09554 390 3 4 6 8 12 25 106
ITnWfGE6ymQ_09555 90 3 4 6 8 12 25 106
ITnWfGE6ymQ_09556 120 3 4 6 8 12 25 106
ITnWfGE6ymQ_09557 90 8 12 24 106
ITnWfGE6ymQ_09558 180 3 4 6 8 12 25 106
ITnWfGE6ymQ_09559 180 4 6 8 22 106
ITnWfGE6ymQ_09560 120 4 8 12 22 106
ITnWfGE6ymQ_09561 120 3 4 8 12 24 106
ITnWfGE6ymQ_09562 240 4 6 8 12 25 106
ITnWfGE6ymQ_09563 120 1 4 8 12 25 106
ITnWfGE6ymQ_09564 90 4 8 25 106
ITnWfGE6ymQ_09565 90 1 3 4 8 12 24 106
ITnWfGE6ymQ_09566 120 1 4 8 12 25 106
ITnWfGE6ymQ_09567 90 3 8 24 106
ITnWfGE6ymQ_09568 150 1 4 8 12 25 106
ITnWfGE6ymQ_09569 90 3 4 8 25 106
ITnWfGE6ymQ_09570 240 1 3 4 12 24 106
ITnWfGE6ymQ_09571 300 1 3 12 24 106
IYvXpUuHOl8_14211 120 1 3 4 12 102 123
IYvXpUuHOl8_14212 150 8 102 123
IYvXpUuHOl8_14213 570 1 3 4 8 12 102 123
IZ6DVRte3Z8_11941 900 1 3 73 116
IZ6DVRte3Z8_11942 900 1 3 73 116
IZ6DVRte3Z8_11943 570 3 73 116
IZ6DVRte3Z8_11944 630 0 3 4 69 116
IZ6DVRte3Z8_11945 570 3 73 116
IZ6DVRte3Z8_11946 210 3 71 116
IZ6DVRte3Z8_11947 90 3 70 116
IZ6DVRte3Z8_11948 120 3 70 116
IZ6DVRte3Z8_11949 360 3 71 116
Ifivsc8aK3o_05146 450 1 3 4 5 12 13 104
Ifivsc8aK3o_05147 90 1 3 12 15 104
IglgwMkS-IM_07704 240 43 110
IglgwMkS-IM_07705 120 42 110
IglgwMkS-IM_07706 180 39 110
IglgwMkS-IM_07707 90 39 110
IglgwMkS-IM_07708 120 42 110
IglgwMkS-IM_07709 240 39 110
IglgwMkS-IM_07710 90 42 110
IglgwMkS-IM_07711 300 43 110
IjO2_t8nmNI_12633 90 3 90 120
IjO2_t8nmNI_12634 330 3 90 120
IjO2_t8nmNI_12635 90 3 89 120
IjO2_t8nmNI_12636 90 1 3 90 120
IjO2_t8nmNI_12637 90 1 3 89 120
IjO2_t8nmNI_12638 120 1 3 89 120
IjO2_t8nmNI_12639 870 3 90 120
IjO2_t8nmNI_12640 90 1 3 90 120
IjO2_t8nmNI_12641 90 1 3 89 120
IjO2_t8nmNI_12642 90 1 3 4 89 120
IjO2_t8nmNI_12643 90 1 3 89 120
IjO2_t8nmNI_12644 90 3 89 120
IjO2_t8nmNI_12645 900 3 90 120
IjO2_t8nmNI_12646 90 3 89 120
IjO2_t8nmNI_12647 90 1 3 89 120
IjO2_t8nmNI_12648 90 1 3 90 120
IjO2_t8nmNI_12649 90 3 89 120
IjO2_t8nmNI_12650 900 3 90 120
IjO2_t8nmNI_12651 270 1 3 90 120
IjO2_t8nmNI_12652 300 1 3 90 120
Imm_5QkMx6I_09999 90 3 54 113
Imm_5QkMx6I_10000 90 3 8 12 54 113
Imm_5QkMx6I_10001 900 1 3 4 12 56 113
Imm_5QkMx6I_10002 210 1 3 12 56 113
Imm_5QkMx6I_10003 360 3 12 56 113
Imm_5QkMx6I_10004 300 1 3 12 56 113
Imm_5QkMx6I_10005 390 1 3 4 56 113
Iy6UEZaz3uI_05080 720 3 5 12 13 104
Iy6UEZaz3uI_05081 119 1 12 15 104
J7Lxv7-Qsdg_04299 90 1 4 8 59 114
J7Lxv7-Qsdg_04300 150 4 6 8 59 114
JAt9Xz-QOGs_03246 90 1 3 12 71 116
JAt9Xz-QOGs_03247 120 3 72 116
JHcxkUeuIqY_08356 570 1 3 4 66 115
JHcxkUeuIqY_08357 150 1 3 66 115
JHcxkUeuIqY_08358 90 1 3 12 66 115
JHcxkUeuIqY_08359 300 1 3 4 66 115
JHcxkUeuIqY_08360 180 1 12 66 115
JHcxkUeuIqY_08361 390 3 66 115
JHcxkUeuIqY_08362 750 1 4 66 115
JHcxkUeuIqY_08363 120 66 115
JHcxkUeuIqY_08364 270 66 115
JHcxkUeuIqY_08365 240 1 66 115
JHcxkUeuIqY_08366 690 1 3 65 115
JK5slvV7Lbw_04869 420 1 3 4 5 12 13 104
JK5slvV7Lbw_04870 90 3 12 15 104
JLmHxRbOm78_10928 900 29 107
JLmHxRbOm78_10929 899 29 107
JLmHxRbOm78_10930 899 29 107
JLmHxRbOm78_10931 899 29 107
JLmHxRbOm78_10932 359 29 107
JLmHxRbOm78_10933 900 27 107
JLmHxRbOm78_10934 900 27 107
JLmHxRbOm78_10935 330 27 107
JLmHxRbOm78_10936 900 26 107
JLmHxRbOm78_10937 900 26 107
JLmHxRbOm78_10938 180 26 107
JLmHxRbOm78_10939 689 26 107
JLmHxRbOm78_10940 900 26 107
JLmHxRbOm78_10941 210 26 107
JLmHxRbOm78_10942 599 26 107
JLmHxRbOm78_10943 900 26 107
JLmHxRbOm78_10944 900 26 107
JLmHxRbOm78_10945 900 26 107
JLqdAuGEmfs_06467 120 3 4 6 8 12 25 106
JLqdAuGEmfs_06468 180 1 3 4 8 12 22 106
JLqdAuGEmfs_06469 119 4 8 12 22 106
JLqdAuGEmfs_06470 270 1 3 4 6 8 12 25 106
JLqdAuGEmfs_06471 149 4 6 8 12 25 106
JLqdAuGEmfs_06472 210 3 4 8 25 106
JLqdAuGEmfs_06473 120 3 4 6 8 12 25 106
JLqdAuGEmfs_06474 209 3 4 8 25 106
JLqdAuGEmfs_06475 119 4 6 8 12 22 106
JLqdAuGEmfs_06476 150 3 4 6 8 12 25 106
JLqdAuGEmfs_06477 119 3 4 8 12 25 106
JLqdAuGEmfs_06479 150 12 25 106
JLqdAuGEmfs_06480 150 3 4 6 8 22 106
JLqdAuGEmfs_06481 179 1 3 4 6 8 22 106
JLqdAuGEmfs_06482 150 4 8 22 106
JLqdAuGEmfs_06483 120 3 4 6 8 22 106
JQV4R8EwLPU_04515 150 1 3 4 8 12 59 114
JQV4R8EwLPU_04516 120 3 6 8 59 114
JQV4R8EwLPU_04517 120 3 4 8 12 59 114
JQV4R8EwLPU_04518 90 1 4 8 59 114
JQV4R8EwLPU_04519 90 1 4 8 12 59 114
JQV4R8EwLPU_04520 90 3 8 59 114
JQV4R8EwLPU_04521 120 4 8 12 59 114
JQV4R8EwLPU_04522 90 8 12 59 114
JQV4R8EwLPU_04523 270 1 4 6 8 12 58 114
JR7p4krjmZk_00394 120 3 19 105
JR7p4krjmZk_00395 150 2 12 19 105
JR7p4krjmZk_00396 149 1 3 12 21 105
JR7p4krjmZk_00397 89 1 19 105
JR7p4krjmZk_00398 750 1 3 12 19 105
JR7p4krjmZk_00399 179 1 3 4 19 105
JR7p4krjmZk_00400 120 1 3 4 21 105
JR7p4krjmZk_00401 239 1 3 12 19 105
JR7p4krjmZk_00402 119 3 19 105
JR7p4krjmZk_00403 89 3 4 12 19 105
JR7p4krjmZk_00404 90 1 19 105
JR7p4krjmZk_00405 270 1 4 19 105
JR7p4krjmZk_00406 209 1 12 20 105
JR7p4krjmZk_00407 180 12 20 105
JR7p4krjmZk_00408 119 1 3 21 105
JR7p4krjmZk_00409 119 1 3 4 5 21 105
JR7p4krjmZk_00410 240 1 3 4 17 105
JdEbopjoLnI_13920 900 1 3 12 85 119
JdEbopjoLnI_13921 900 1 3 4 85 119
JdEbopjoLnI_13922 900 1 3 4 85 119
JdEbopjoLnI_13923 900 1 3 5 85 119
JdEbopjoLnI_13924 900 1 3 4 5 12 85 119
JdEbopjoLnI_13925 240 1 3 4 85 119
JdEbopjoLnI_13926 420 1 3 4 84 119
JdEbopjoLnI_13927 900 1 3 4 85 119
JdEbopjoLnI_13928 480 3 12 85 119
JdEbopjoLnI_13929 840 1 3 4 84 119
JdEbopjoLnI_13930 690 1 3 4 12 84 119
JdEbopjoLnI_13931 240 1 3 83 119
JdEbopjoLnI_13932 270 1 3 4 84 119
Jo4xiYESWvo_08254 360 1 3 62 115
Jo4xiYESWvo_08255 899 1 3 62 115
Jo4xiYESWvo_08256 599 1 3 62 115
Jo4xiYESWvo_08257 899 1 3 62 115
Jo4xiYESWvo_08258 419 1 3 62 115
Jo4xiYESWvo_08259 900 1 3 4 12 62 115
Jo4xiYESWvo_08260 900 1 62 115
Jo4xiYESWvo_08261 450 1 3 62 115
Jo4xiYESWvo_08262 900 1 3 62 115
Jo4xiYESWvo_08263 750 1 3 62 115
Jo4xiYESWvo_08264 390 1 3 4 12 65 115
JolmVvwTTHA_12304 900 30 107
JolmVvwTTHA_12305 900 30 107
JolmVvwTTHA_12306 900 30 107
JolmVvwTTHA_12307 450 30 107
JolmVvwTTHA_12308 900 30 107
JolmVvwTTHA_12309 900 30 107
JolmVvwTTHA_12310 900 30 107
JolmVvwTTHA_12311 900 30 107
JolmVvwTTHA_12312 870 30 107
Jp9VT_wCS0w_12005 900 1 3 73 116
Jp9VT_wCS0w_12006 450 1 3 73 116
Jp9VT_wCS0w_12007 750 0 1 2 3 4 11 12 69 116
Jp9VT_wCS0w_12008 300 1 3 12 71 116
Jpsq_9MCi6I_06604 150 1 3 4 11 80 118
Jpsq_9MCi6I_06605 450 1 4 12 82 118
Jpsq_9MCi6I_06606 360 1 4 12 82 118
Jpsq_9MCi6I_06607 510 1 4 12 81 118
JqvoaItWKl8_02309 150 1 3 4 6 8 12 25 106
JqvoaItWKl8_02310 150 3 4 8 12 25 106
JqvoaItWKl8_02311 210 3 4 5 8 12 25 106
JqvoaItWKl8_02312 390 3 4 8 12 25 106
JqvoaItWKl8_02313 240 3 4 8 12 25 106
JqvoaItWKl8_02314 240 1 3 4 6 8 12 25 106
JqvoaItWKl8_02315 240 3 4 8 12 25 106
JqvoaItWKl8_02316 240 3 4 6 8 12 25 106
JqvoaItWKl8_02317 300 3 4 6 8 12 25 106
JqvoaItWKl8_02318 270 0 3 4 8 12 25 106
JqvoaItWKl8_02319 180 3 12 24 106
JqvoaItWKl8_02320 90 3 22 106
JqvoaItWKl8_02321 90 1 3 4 8 12 22 106
JqvoaItWKl8_02322 90 4 6 8 12 22 106
JqvoaItWKl8_02323 120 1 4 8 12 22 106
JqvoaItWKl8_02324 120 3 4 6 8 12 22 106
JqvoaItWKl8_02325 150 3 4 6 8 12 22 106
JqvoaItWKl8_02326 120 3 4 8 12 22 106
JqvoaItWKl8_02327 150 3 4 8 12 22 106
JqvoaItWKl8_02328 120 3 4 6 8 12 22 106
JqvoaItWKl8_02329 120 3 4 8 12 22 106
JqvoaItWKl8_02330 150 1 3 12 24 106
JqvoaItWKl8_02331 150 0 1 3 4 8 11 12 24 106
Jr2vJXx75oM_09992 510 1 3 4 12 56 113
Jr2vJXx75oM_09993 210 3 56 113
Jr2vJXx75oM_09994 90 1 3 12 57 113
Jr2vJXx75oM_09995 90 3 12 54 113
Jr2vJXx75oM_09996 90 3 54 113
Jr2vJXx75oM_09997 90 12 57 113
Jr2vJXx75oM_09998 300 1 3 12 54 113
Jylt5Fs13g8_00311 90 12 19 105
Jylt5Fs13g8_00312 240 1 3 4 19 105
Jylt5Fs13g8_00313 120 3 12 20 105
Jylt5Fs13g8_00314 90 20 105
Jylt5Fs13g8_00315 270 1 12 19 105
JzEOVsrdhkg_05778 300 1 3 4 8 12 96 122
JzEOVsrdhkg_05779 330 8 96 122
JzEOVsrdhkg_05780 119 1 4 8 95 122
JzEOVsrdhkg_05781 179 1 3 4 8 97 122
JzEOVsrdhkg_05782 180 1 4 8 95 122
JzEOVsrdhkg_05783 570 1 4 8 96 122
JzEOVsrdhkg_05784 270 1 3 4 8 12 95 122
JzEOVsrdhkg_05785 119 3 4 8 12 95 122
JzEOVsrdhkg_05786 119 6 8 95 122
JzEOVsrdhkg_05787 149 3 4 8 96 122
JzEOVsrdhkg_05788 180 3 4 8 12 96 122
JzEOVsrdhkg_05789 389 1 3 4 8 12 96 122
JzEOVsrdhkg_05790 240 3 4 6 8 12 96 122
JzEOVsrdhkg_05791 179 2 3 4 6 8 12 96 122
JzEOVsrdhkg_05792 120 4 8 95 122
JzEOVsrdhkg_05793 149 2 3 4 8 12 95 122
JzEOVsrdhkg_05794 330 4 8 96 122
JzEOVsrdhkg_05795 359 0 1 3 4 8 12 96 122
JzEOVsrdhkg_05796 210 4 6 8 95 122
K-iy1SR2g-Q_12114 150 2 3 10 12 69 116
K-iy1SR2g-Q_12115 210 2 11 12 69 116
K-iy1SR2g-Q_12116 90 3 72 116
K-iy1SR2g-Q_12117 120 3 12 70 116
K-iy1SR2g-Q_12118 180 1 3 72 116
K-iy1SR2g-Q_12119 300 1 2 3 69 116
K-iy1SR2g-Q_12120 900 1 2 3 69 116
K-iy1SR2g-Q_12121 180 1 2 3 69 116
K-iy1SR2g-Q_12122 240 3 71 116
K-iy1SR2g-Q_12123 750 1 2 3 4 12 69 116
K-iy1SR2g-Q_12124 90 3 71 116
K-iy1SR2g-Q_12125 150 1 73 116
K-iy1SR2g-Q_12126 210 1 73 116
K-iy1SR2g-Q_12127 120 0 2 3 12 69 116
K50aHl3UcU0_12908 180 3 4 6 8 12 25 106
K50aHl3UcU0_12909 90 4 6 8 12 25 106
K50aHl3UcU0_12910 90 6 8 12 25 106
K50aHl3UcU0_12911 210 1 3 4 8 25 106
K50aHl3UcU0_12912 90 3 4 6 8 12 25 106
K50aHl3UcU0_12913 270 0 3 4 8 12 25 106
K50aHl3UcU0_12914 330 3 4 6 8 12 25 106
K50aHl3UcU0_12915 150 1 4 6 8 25 106
K50aHl3UcU0_12916 210 2 3 4 5 8 12 25 106
K50aHl3UcU0_12917 180 3 4 8 12 25 106
K50aHl3UcU0_12918 90 3 4 8 12 22 106
K50aHl3UcU0_12919 90 4 8 12 22 106
K50aHl3UcU0_12920 120 3 4 8 12 22 106
K50aHl3UcU0_12921 150 3 4 6 8 12 22 106
K50aHl3UcU0_12922 150 3 4 8 22 106
K50aHl3UcU0_12923 180 1 3 5 8 12 24 106
K50aHl3UcU0_12924 150 4 6 8 22 106
K50aHl3UcU0_12925 120 3 4 6 8 12 22 106
K50aHl3UcU0_12926 90 4 8 22 106
K50aHl3UcU0_12927 90 4 6 8 12 22 106
K50aHl3UcU0_12928 120 3 4 6 8 12 22 106
K50aHl3UcU0_12930 120 3 8 12 24 106
KIlXNWeCiqE_02737 900 12 20 105
KIlXNWeCiqE_02738 180 12 20 105
KIlXNWeCiqE_02739 270 1 12 20 105
KIlXNWeCiqE_02740 300 12 20 105
KIlXNWeCiqE_02741 300 12 20 105
KIlXNWeCiqE_02742 240 12 20 105
KIlXNWeCiqE_02743 600 12 20 105
KMBND9YNWLQ_09531 900 29 107
KMBND9YNWLQ_09532 900 29 107
KMBND9YNWLQ_09533 900 29 107
KR1d29KjAmU_10466 780 1 2 3 4 10 12 54 113
KR1d29KjAmU_10467 210 1 3 4 56 113
KR1d29KjAmU_10468 150 2 3 12 54 113
KR1d29KjAmU_10469 90 1 3 4 12 54 113
KR1d29KjAmU_10470 660 1 2 3 4 12 54 113
KR1d29KjAmU_10471 150 1 3 4 12 56 113
KR1d29KjAmU_10472 120 3 12 54 113
KR1d29KjAmU_10473 390 1 3 12 57 113
KR1d29KjAmU_10474 270 1 3 54 113
KR1d29KjAmU_10475 750 1 3 54 113
KR1d29KjAmU_10476 390 54 113
KZi_Jchx-Ew_15473 780 0 1 3 4 8 11 12 102 123
KZi_Jchx-Ew_15474 90 1 4 12 102 123
KZi_Jchx-Ew_15475 720 1 4 8 12 102 123
K_ON-pByORA_02209 240 4 6 8 12 25 106
K_ON-pByORA_02210 240 3 4 6 8 12 25 106
K_ON-pByORA_02211 270 3 4 8 12 25 106
K_ON-pByORA_02212 300 3 4 6 8 12 25 106
K_ON-pByORA_02213 210 4 6 8 12 25 106
K_ON-pByORA_02214 120 1 3 4 8 12 24 106
K_ON-pByORA_02215 120 4 6 8 25 106
K_ON-pByORA_02216 330 4 8 25 106
K_ON-pByORA_02217 210 3 4 6 8 12 25 106
K_ON-pByORA_02218 330 1 3 4 6 8 12 25 106
K_ON-pByORA_02219 180 3 4 12 25 106
K_ON-pByORA_02220 150 1 6 12 24 106
K_ON-pByORA_02221 150 3 8 12 22 106
K_ON-pByORA_02222 180 1 3 4 6 8 12 24 106
K_ON-pByORA_02223 120 3 4 6 8 22 106
K_ON-pByORA_02224 120 1 3 4 6 8 22 106
K_ON-pByORA_02225 120 3 4 8 12 22 106
K_ON-pByORA_02226 120 1 3 4 6 8 12 22 106
K_ON-pByORA_02227 150 3 4 6 8 12 22 106
K_ON-pByORA_02228 90 3 4 6 8 22 106
K_ON-pByORA_02229 90 6 8 22 106
K_ON-pByORA_02230 90 8 12 24 106
K_ON-pByORA_02231 120 4 8 12 22 106
K_ON-pByORA_02232 90 4 6 8 12 22 106
Kh4rpc8SlnM_10232 150 8 12 54 113
Kh4rpc8SlnM_10233 120 3 12 54 113
Kh4rpc8SlnM_10234 300 1 4 12 56 113
Kh4rpc8SlnM_10235 360 1 3 4 12 56 113
Kh4rpc8SlnM_10236 750 0 1 3 4 12 56 113
Kh4rpc8SlnM_10237 120 1 2 3 4 12 56 113
Kh4rpc8SlnM_10238 900 3 4 12 56 113
Kh4rpc8SlnM_10239 450 3 12 56 113
Kh4rpc8SlnM_10240 780 1 3 4 12 56 113
Kh4rpc8SlnM_10241 90 1 2 3 4 12 56 113
Kh4rpc8SlnM_10242 270 1 3 4 12 54 113
Kh4rpc8SlnM_10243 270 1 3 4 12 54 113
Kh4rpc8SlnM_10244 240 1 3 12 54 113
KmRmwTzqGGc_01843 570 4 6 8 25 106
KmRmwTzqGGc_01844 270 4 8 22 106
KmRmwTzqGGc_01845 390 1 4 6 8 12 25 106
KmRmwTzqGGc_01846 570 4 6 8 12 22 106
KmRmwTzqGGc_01847 330 3 4 6 8 12 25 106
KmRmwTzqGGc_01848 300 3 4 8 12 22 106
KmRmwTzqGGc_01849 330 3 4 8 12 25 106
KmRmwTzqGGc_01850 480 3 4 6 8 12 25 106
KmRmwTzqGGc_01851 510 1 4 6 8 12 22 106
KqVP6ASLiz8_03287 180 3 12 72 116
KqVP6ASLiz8_03288 150 1 3 4 72 116
KqVP6ASLiz8_03289 90 3 72 116
KqVP6ASLiz8_03290 90 1 3 72 116
KqVP6ASLiz8_03291 90 1 3 5 71 116
KqVP6ASLiz8_03292 90 3 72 116
KqVP6ASLiz8_03293 90 1 2 3 4 5 12 69 116
KqVP6ASLiz8_03294 360 2 3 5 12 72 116
KqVP6ASLiz8_03295 90 3 72 116
KqVP6ASLiz8_03296 240 1 3 5 6 71 116
KqVP6ASLiz8_03297 390 1 3 72 116
KqVP6ASLiz8_03298 150 1 3 5 12 72 116
KqVP6ASLiz8_03299 90 1 3 72 116
KqVP6ASLiz8_03300 360 3 71 116
Kuhc6od_huU_06389 120 3 91 121
Kuhc6od_huU_06391 120 3 12 92 121
Kz7HLnGDUys_02894 300 1 4 17 105
Kz7HLnGDUys_02895 120 1 17 105
Kz7HLnGDUys_02896 120 17 105
Kz7HLnGDUys_02897 240 17 105
Kz7HLnGDUys_02898 120 1 17 105
KzfVQWAi2hk_10769 120 3 51 112
KzfVQWAi2hk_10770 90 3 51 112
L4hCri3lEoI_15759 120 0 1 3 4 12 35 109
L4hCri3lEoI_15760 90 1 2 4 12 35 109
L4hCri3lEoI_15761 90 2 12 35 109
LDEacu8lneY_08592 900 3 12 60 115
LDEacu8lneY_08593 900 60 115
LDEacu8lneY_08594 510 3 60 115
LDEacu8lneY_08596 330 3 68 115
LDEacu8lneY_08597 480 65 115
LDEacu8lneY_08598 900 3 65 115
LDEacu8lneY_08599 270 3 65 115
LDEacu8lneY_08600 240 3 68 115
LDEacu8lneY_08601 900 3 12 68 115
LDEacu8lneY_08602 150 3 68 115
LDEacu8lneY_08603 900 3 12 68 115
LDEacu8lneY_08604 240 3 68 115
LDEacu8lneY_08605 120 3 68 115
LDEacu8lneY_08606 480 3 4 12 65 115
LDEacu8lneY_08607 180 1 3 65 115
LEEm9fssRuY_08481 900 3 4 68 115
LEEm9fssRuY_08482 180 3 68 115
LEEm9fssRuY_08483 900 3 60 115
LEEm9fssRuY_08484 570 3 60 115
LEEm9fssRuY_08485 900 3 4 68 115
LEEm9fssRuY_08486 360 3 68 115
LEEm9fssRuY_08487 900 3 4 12 65 115
LEEm9fssRuY_08488 900 3 65 115
LEEm9fssRuY_08489 750 3 4 65 115
LEEm9fssRuY_08490 900 3 68 115
LEEm9fssRuY_08491 270 3 4 68 115
LEEm9fssRuY_08492 480 3 4 64 115
LEug_xUPupU_03111 90 1 4 55 113
LEug_xUPupU_03112 120 1 3 12 54 113
LEug_xUPupU_03113 210 1 3 4 12 55 113
LEug_xUPupU_03114 330 4 12 54 113
LEug_xUPupU_03115 90 1 2 12 57 113
LEug_xUPupU_03116 150 3 12 56 113
LFBva_GoCwI_09905 180 3 4 56 113
LFBva_GoCwI_09906 180 1 3 4 12 54 113
LGFcrz0WC28_05026 570 1 3 4 5 12 13 104
LGFcrz0WC28_05027 270 12 15 104
LGJjVSnydGs_12036 810 1 3 4 12 73 116
LGJjVSnydGs_12037 420 2 3 69 116
LMIoX6OkXT0_04474 330 3 58 114
LMIoX6OkXT0_04475 269 3 58 114
LMIoX6OkXT0_04476 660 1 3 4 12 58 114
LMIoX6OkXT0_04477 240 3 4 58 114
LMIoX6OkXT0_04478 179 3 4 8 58 114
LMIoX6OkXT0_04479 809 1 3 4 12 58 114
LMIoX6OkXT0_04480 179 4 12 58 114
LMIoX6OkXT0_04481 210 1 3 4 58 114
LMIoX6OkXT0_04482 539 3 4 12 58 114
LMIoX6OkXT0_04483 900 1 3 4 12 58 114
LMUOVQAI2ew_14866 90 3 4 12 100 123
LMUOVQAI2ew_14867 90 4 8 103 123
LMUOVQAI2ew_14868 180 1 4 12 101 123
LMUOVQAI2ew_14869 210 1 4 12 101 123
LMUOVQAI2ew_14870 150 12 101 123
LMUOVQAI2ew_14871 90 1 4 8 100 123
LMUOVQAI2ew_14872 90 1 4 8 100 123
LMUOVQAI2ew_14873 90 4 8 103 123
LMUOVQAI2ew_14874 90 4 6 8 100 123
LMUOVQAI2ew_14875 90 1 4 8 12 103 123
LMUOVQAI2ew_14876 90 4 6 8 12 100 123
LMUOVQAI2ew_14877 90 4 8 100 123
LMUOVQAI2ew_14878 90 1 4 8 103 123
LMUOVQAI2ew_14879 90 1 4 12 103 123
LMUOVQAI2ew_14880 90 1 4 6 8 100 123
LMUOVQAI2ew_14881 90 4 12 100 123
LMUOVQAI2ew_14882 90 4 8 100 123
LMUOVQAI2ew_14883 90 4 8 100 123
LMUOVQAI2ew_14884 90 4 8 103 123
LMUOVQAI2ew_14885 90 4 8 103 123
LMUOVQAI2ew_14886 90 1 4 8 103 123
LOJbM0aXZp0_15572 90 1 4 37 109
LOJbM0aXZp0_15573 300 1 3 4 35 109
LOJbM0aXZp0_15574 360 1 4 35 109
LOJbM0aXZp0_15575 90 1 3 4 12 36 109
LOJbM0aXZp0_15576 150 0 3 4 12 35 109
LPp1HyUg0vc_09111 210 3 65 115
LPp1HyUg0vc_09112 900 66 115
LPp1HyUg0vc_09113 480 66 115
LPp1HyUg0vc_09114 120 66 115
LPp1HyUg0vc_09115 900 66 115
LPp1HyUg0vc_09116 660 66 115
LPp1HyUg0vc_09117 750 3 66 115
LPp1HyUg0vc_09118 390 66 115
LPp1HyUg0vc_09119 180 66 115
LPp1HyUg0vc_09120 210 66 115
LPp1HyUg0vc_09121 180 66 115
LPp1HyUg0vc_09122 150 67 115
LPp1HyUg0vc_09123 300 67 115
LPp1HyUg0vc_09124 210 67 115
LPp1HyUg0vc_09125 240 67 115
LPp1HyUg0vc_09126 330 3 67 115
LPp1HyUg0vc_09127 600 67 115
LPp1HyUg0vc_09128 240 3 67 115
LPp1HyUg0vc_09129 90 3 68 115
LPp1HyUg0vc_09130 900 3 60 115
LPp1HyUg0vc_09131 570 3 4 60 115
LPp1HyUg0vc_09132 900 3 68 115
LPp1HyUg0vc_09133 900 3 4 68 115
LPp1HyUg0vc_09134 120 3 68 115
LURACJUWdg8_00595 120 1 3 74 117
LURACJUWdg8_00596 120 1 3 76 117
Ll63IzYVfOY_12536 270 3 90 120
Ll63IzYVfOY_12537 89 3 90 120
Ll63IzYVfOY_12538 119 3 90 120
Ll63IzYVfOY_12539 180 1 3 90 120
Ll63IzYVfOY_12540 119 3 90 120
Ll63IzYVfOY_12541 210 3 89 120
Ll63IzYVfOY_12542 90 1 3 90 120
Ll63IzYVfOY_12543 120 1 3 89 120
Ll63IzYVfOY_12544 150 3 89 120
Ll63IzYVfOY_12545 89 1 3 90 120
Ll63IzYVfOY_12546 89 1 3 89 120
Ll63IzYVfOY_12547 90 3 90 120
Ll63IzYVfOY_12548 90 1 3 89 120
Ll63IzYVfOY_12549 90 3 90 120
Ll63IzYVfOY_12550 449 3 90 120
Ll63IzYVfOY_12551 90 1 3 89 120
Ll63IzYVfOY_12552 300 3 89 120
Ll63IzYVfOY_12553 89 1 3 89 120
LvccqWHJKQs_06790 120 3 4 8 12 95 122
LvccqWHJKQs_06791 120 4 6 8 12 95 122
M04EFUD7Kn4_00742 420 1 4 34 108
M04EFUD7Kn4_00743 450 1 4 12 34 108
M04EFUD7Kn4_00744 120 1 4 34 108
M04EFUD7Kn4_00745 120 4 34 108
M04EFUD7Kn4_00746 270 1 4 34 108
M04EFUD7Kn4_00747 150 1 4 34 108
M04EFUD7Kn4_00748 150 1 4 34 108
M04EFUD7Kn4_00749 120 1 4 34 108
M04EFUD7Kn4_00750 120 1 4 34 108
M04EFUD7Kn4_00751 210 1 3 4 34 108
M3p3hp4qvso_01556 270 3 4 6 8 12 25 106
M3p3hp4qvso_01557 90 8 12 24 106
M3p3hp4qvso_01558 90 3 4 6 8 22 106
M3p3hp4qvso_01559 720 0 3 4 6 8 12 25 106
M3p3hp4qvso_01560 180 1 3 4 8 12 25 106
M3p3hp4qvso_01561 90 3 8 12 24 106
M3p3hp4qvso_01562 270 4 6 8 25 106
M4JIBNn9FMA_02681 330 3 4 6 8 12 25 106
M4JIBNn9FMA_02682 330 1 3 4 6 8 12 25 106
M4JIBNn9FMA_02683 360 1 4 8 12 25 106
M4JIBNn9FMA_02684 420 3 4 8 12 25 106
M4JIBNn9FMA_02685 150 3 4 8 25 106
M4JIBNn9FMA_02686 90 1 12 24 106
M4JIBNn9FMA_02687 180 3 4 6 8 12 25 106
M4JIBNn9FMA_02688 300 3 4 8 12 25 106
M4JIBNn9FMA_02689 210 3 4 8 12 25 106
M4JIBNn9FMA_02690 360 3 4 8 12 25 106
M4JIBNn9FMA_02691 270 3 4 6 8 12 25 106
M4JIBNn9FMA_02692 120 3 4 8 12 22 106
M4JIBNn9FMA_02693 120 3 4 8 12 22 106
M4JIBNn9FMA_02694 90 3 4 6 8 12 22 106
M4JIBNn9FMA_02695 150 3 4 5 6 8 12 22 106
M4JIBNn9FMA_02696 210 3 4 8 12 22 106
M4JIBNn9FMA_02697 150 3 4 8 12 22 106
M4JIBNn9FMA_02698 120 3 4 6 8 12 22 106
M4JIBNn9FMA_02699 90 3 4 8 12 22 106
M4JIBNn9FMA_02700 180 3 4 8 12 22 106
M4JIBNn9FMA_02701 270 1 4 12 24 106
M4JIBNn9FMA_02702 90 3 4 12 22 106
M4JIBNn9FMA_02703 90 3 8 12 24 106
M4JIBNn9FMA_02704 420 1 3 12 24 106
M4JIBNn9FMA_02705 570 3 4 8 12 24 106
M7ac2OUy6Ss_06770 150 1 3 4 8 12 96 122
M7ac2OUy6Ss_06771 180 4 8 96 122
M7ac2OUy6Ss_06772 150 0 1 3 4 8 12 95 122
M7ac2OUy6Ss_06773 180 8 95 122
M7ac2OUy6Ss_06774 300 2 3 4 8 12 95 122
M7ac2OUy6Ss_06775 300 4 8 12 96 122
M7ac2OUy6Ss_06776 240 4 8 12 95 122
M7ac2OUy6Ss_06777 210 1 3 4 8 12 95 122
M7ac2OUy6Ss_06778 210 4 8 95 122
M7ac2OUy6Ss_06779 210 4 8 12 95 122
M7ac2OUy6Ss_06780 180 4 8 12 96 122
M7ac2OUy6Ss_06781 120 4 8 12 95 122
M7ac2OUy6Ss_06782 120 3 4 8 12 96 122
M7ac2OUy6Ss_06783 210 4 8 12 96 122
M7ac2OUy6Ss_06784 120 4 8 12 96 122
M7ac2OUy6Ss_06785 270 1 3 4 8 12 95 122
M7ac2OUy6Ss_06786 300 4 8 12 95 122
M7ac2OUy6Ss_06787 150 8 96 122
M7ac2OUy6Ss_06788 120 2 4 8 12 96 122
M7ac2OUy6Ss_06789 120 4 8 12 96 122
M8Gz60yb_iw_10197 900 3 12 54 113
M8Gz60yb_iw_10198 360 1 3 4 8 12 54 113
M8Gz60yb_iw_10199 270 3 4 12 54 113
M8Gz60yb_iw_10200 420 3 12 54 113
M95YVWnlqoc_12274 900 30 107
M95YVWnlqoc_12275 900 30 107
M95YVWnlqoc_12276 330 30 107
MCG2ycuoOg4_00465 150 1 3 4 6 8 12 95 122
MCG2ycuoOg4_00466 120 4 6 8 12 95 122
MCG2ycuoOg4_00467 180 3 8 12 95 122
MCG2ycuoOg4_00468 120 8 95 122
MCG2ycuoOg4_00469 180 4 8 95 122
MCG2ycuoOg4_00470 120 1 4 8 97 122
MCG2ycuoOg4_00471 150 0 2 3 4 6 8 12 95 122
MCG2ycuoOg4_00472 120 3 4 8 11 12 95 122
MCG2ycuoOg4_00473 120 4 8 95 122
MCIxgRKAIqE_03009 240 3 4 102 123
MCIxgRKAIqE_03010 150 1 4 12 101 123
MCIxgRKAIqE_03011 90 3 4 8 12 100 123
MCIxgRKAIqE_03012 180 4 8 102 123
MCIxgRKAIqE_03013 90 1 3 4 8 100 123
MCIxgRKAIqE_03014 450 1 4 8 102 123
MCIxgRKAIqE_03015 90 1 4 8 100 123
MCIxgRKAIqE_03016 90 4 8 100 123
MCIxgRKAIqE_03017 330 1 4 8 102 123
MCIxgRKAIqE_03018 90 4 8 100 123
MCIxgRKAIqE_03019 270 1 4 8 102 123
MCIxgRKAIqE_03020 120 0 3 4 8 102 123
MCIxgRKAIqE_03021 90 1 3 4 12 100 123
MCIxgRKAIqE_03022 90 4 8 100 123
MCIxgRKAIqE_03023 90 1 4 8 102 123
MCIxgRKAIqE_03024 90 4 12 100 123
MCIxgRKAIqE_03025 210 3 4 8 102 123
MCIxgRKAIqE_03026 90 1 3 4 8 12 100 123
MCIxgRKAIqE_03027 90 1 4 8 100 123
MCIxgRKAIqE_03028 180 4 8 102 123
MCIxgRKAIqE_03029 150 4 8 12 102 123
MCIxgRKAIqE_03030 210 8 103 123
MCIxgRKAIqE_03031 270 1 4 8 12 103 123
MCIxgRKAIqE_03032 210 4 8 103 123
MCIxgRKAIqE_03033 270 1 4 12 101 123
MCIxgRKAIqE_03034 330 1 4 6 8 103 123
MCIxgRKAIqE_03035 90 4 12 103 123
MCIxgRKAIqE_03036 360 1 4 8 12 99 123
MCIxgRKAIqE_03037 120 4 12 99 123
MCIxgRKAIqE_03038 240 1 3 4 6 12 103 123
MCIxgRKAIqE_03039 90 1 4 8 103 123
MCIxgRKAIqE_03040 750 4 8 103 123
MCIxgRKAIqE_03041 210 1 4 6 8 103 123
MCIxgRKAIqE_03042 120 1 4 8 103 123
MCIxgRKAIqE_03043 240 8 12 101 123
MCIxgRKAIqE_03044 90 1 3 4 12 101 123
MGZh2QYVT4A_04703 120 1 4 8 59 114
MGZh2QYVT4A_04704 240 6 8 12 58 114
MGZh2QYVT4A_04705 180 4 8 59 114
MGZh2QYVT4A_04706 90 4 8 12 59 114
MGZh2QYVT4A_04707 90 4 6 8 59 114
MGZh2QYVT4A_04708 120 4 6 8 59 114
MGZh2QYVT4A_04709 150 4 6 8 59 114
MGZh2QYVT4A_04710 90 6 8 12 58 114
MGZh2QYVT4A_04711 120 4 8 59 114
MGZh2QYVT4A_04712 90 8 58 114
MGZh2QYVT4A_04713 120 4 8 12 59 114
MGZh2QYVT4A_04714 120 4 8 59 114
MGZh2QYVT4A_04715 120 4 8 59 114
MGZh2QYVT4A_04716 90 8 12 58 114
MGZh2QYVT4A_04717 90 6 8 58 114
MGZh2QYVT4A_04718 240 1 4 6 8 12 58 114
MGZh2QYVT4A_04719 90 8 58 114
MQ6ggOdQz2k_06608 150 1 4 12 82 118
MQ6ggOdQz2k_06609 150 12 82 118
MQ6ggOdQz2k_06610 180 0 1 3 82 118
MQ6ggOdQz2k_06611 180 1 12 82 118
MQ6ggOdQz2k_06612 120 1 12 82 118
MWOuN6d29zg_06860 240 4 8 12 95 122
MWOuN6d29zg_06861 120 4 8 95 122
MWOuN6d29zg_06862 120 3 4 8 12 95 122
MWOuN6d29zg_06863 240 1 3 4 8 12 95 122
MWOuN6d29zg_06864 180 1 4 6 8 12 95 122
MWOuN6d29zg_06865 120 8 95 122
MWOuN6d29zg_06866 150 2 4 8 95 122
MXq13PjO-FQ_02961 120 1 4 8 12 95 122
MXq13PjO-FQ_02962 210 1 3 4 8 12 96 122
MXq13PjO-FQ_02963 240 3 4 8 12 95 122
MXq13PjO-FQ_02964 330 4 8 95 122
MXq13PjO-FQ_02965 150 3 4 6 8 12 95 122
MXq13PjO-FQ_02966 150 8 12 95 122
MXq13PjO-FQ_02967 150 0 3 6 8 12 95 122
MeX92Wj_7Bw_08174 840 1 3 62 115
MeX92Wj_7Bw_08175 420 62 115
MeX92Wj_7Bw_08176 899 3 62 115
MeX92Wj_7Bw_08177 809 62 115
MeX92Wj_7Bw_08178 299 3 61 115
MeX92Wj_7Bw_08179 900 1 3 4 12 62 115
MeX92Wj_7Bw_08180 329 1 3 12 62 115
MeX92Wj_7Bw_08181 150 3 62 115
MeX92Wj_7Bw_08182 900 66 115
MeX92Wj_7Bw_08183 810 66 115
MeX92Wj_7Bw_08184 390 3 12 65 115
MeX92Wj_7Bw_08185 330 1 3 4 12 65 115
MeX92Wj_7Bw_08186 450 3 65 115
MeX92Wj_7Bw_08187 869 3 66 115
MeX92Wj_7Bw_08188 899 3 66 115
MeX92Wj_7Bw_08189 149 66 115
MeX92Wj_7Bw_08190 119 3 65 115
MeX92Wj_7Bw_08191 900 66 115
MeX92Wj_7Bw_08192 899 3 66 115
MeX92Wj_7Bw_08193 119 3 66 115
MqfY0WqThYQ_15336 90 1 4 8 100 123
MqfY0WqThYQ_15337 90 4 8 100 123
MqfY0WqThYQ_15338 90 3 4 12 100 123
MqfY0WqThYQ_15339 90 4 8 100 123
MqfY0WqThYQ_15340 90 1 4 8 100 123
MqfY0WqThYQ_15341 90 4 8 99 123
MqfY0WqThYQ_15342 90 4 8 100 123
MqfY0WqThYQ_15343 90 1 3 4 103 123
MqfY0WqThYQ_15344 90 4 8 12 100 123
MqfY0WqThYQ_15345 90 1 3 4 8 100 123
MqfY0WqThYQ_15346 90 4 8 12 100 123
MqfY0WqThYQ_15347 90 4 12 100 123
MqfY0WqThYQ_15348 90 4 8 99 123
MqfY0WqThYQ_15349 90 1 4 8 99 123
MqfY0WqThYQ_15350 90 0 1 3 4 8 12 99 123
MqfY0WqThYQ_15351 90 1 4 12 103 123
MqfY0WqThYQ_15352 90 4 8 103 123
MqfY0WqThYQ_15353 90 3 4 12 99 123
MqfY0WqThYQ_15354 90 3 4 8 103 123
MqfY0WqThYQ_15355 120 1 4 8 99 123
MqfY0WqThYQ_15356 90 1 4 12 103 123
MqfY0WqThYQ_15357 90 1 3 4 12 99 123
MqfY0WqThYQ_15358 90 4 8 12 99 123
MqfY0WqThYQ_15359 90 1 4 8 103 123
MqfY0WqThYQ_15360 90 4 8 12 103 123
MqfY0WqThYQ_15361 90 1 4 12 103 123
MqfY0WqThYQ_15362 90 1 4 8 12 99 123
MqfY0WqThYQ_15363 90 1 3 4 8 103 123
MqfY0WqThYQ_15364 90 4 12 99 123
MqfY0WqThYQ_15365 90 3 4 8 103 123
Mr3HnKfWh_g_05923 120 1 3 4 89 120
Mr3HnKfWh_g_05924 120 1 3 4 90 120
Mr3HnKfWh_g_05925 120 1 3 4 12 88 120
Mr3HnKfWh_g_05926 120 1 3 4 8 87 120
MsxmLrkx2Og_12459 450 1 3 48 111
MsxmLrkx2Og_12460 210 1 3 48 111
MsxmLrkx2Og_12461 240 3 48 111
Mtlr9C7dI7s_10657 120 3 51 112
Mtlr9C7dI7s_10658 180 1 3 51 112
Mtlr9C7dI7s_10659 90 1 3 50 112
Mtlr9C7dI7s_10660 180 1 3 51 112
Mtlr9C7dI7s_10661 330 1 3 51 112
Mtlr9C7dI7s_10662 390 3 51 112
Mtlr9C7dI7s_10663 90 3 51 112
Mtlr9C7dI7s_10664 150 3 12 51 112
Mtlr9C7dI7s_10665 240 1 3 51 112
Mtlr9C7dI7s_10666 120 1 3 4 51 112
MvDqulw8V3s_04559 150 1 3 4 6 8 59 114
MvDqulw8V3s_04560 120 3 4 6 8 58 114
MvDqulw8V3s_04561 120 1 4 8 12 59 114
MvDqulw8V3s_04562 90 3 6 8 12 58 114
MvDqulw8V3s_04563 90 1 3 4 8 12 59 114
MvDqulw8V3s_04564 90 3 4 8 12 59 114
MvDqulw8V3s_04565 150 3 4 6 8 12 59 114
MvDqulw8V3s_04566 90 3 4 6 8 58 114
MvDqulw8V3s_04567 90 3 4 6 8 12 58 114
MvDqulw8V3s_04568 120 1 4 6 8 59 114
MvDqulw8V3s_04569 180 3 6 8 59 114
MvDqulw8V3s_04570 120 6 8 59 114
MvDqulw8V3s_04571 90 4 6 8 12 59 114
MvDqulw8V3s_04572 120 4 6 8 59 114
MxECcph9Yj8_04990 720 3 5 14 104
MxECcph9Yj8_04991 869 1 3 14 104
MxECcph9Yj8_04992 900 1 3 14 104
MxECcph9Yj8_04993 870 3 5 14 104
MxECcph9Yj8_04994 600 1 3 4 5 12 13 104
MxECcph9Yj8_04995 899 3 14 104
MxECcph9Yj8_04996 299 1 4 5 12 13 104
MxECcph9Yj8_04997 900 3 5 14 104
MxECcph9Yj8_04998 90 1 3 5 12 13 104
MxECcph9Yj8_04999 870 1 3 5 14 104
MxECcph9Yj8_05000 900 3 14 104
MxECcph9Yj8_05001 899 1 3 4 14 104
N7mxN3Xtqb0_04797 150 1 4 8 59 114
N7mxN3Xtqb0_04798 150 3 4 8 12 59 114
N7mxN3Xtqb0_04799 150 4 6 8 59 114
N7mxN3Xtqb0_04800 90 3 4 8 12 59 114
N7mxN3Xtqb0_04801 90 3 4 8 12 59 114
N7mxN3Xtqb0_04802 180 4 6 8 12 59 114
N7mxN3Xtqb0_04803 180 4 8 12 59 114
N7mxN3Xtqb0_04804 90 1 3 4 8 12 59 114
N7mxN3Xtqb0_04805 90 3 4 8 59 114
N7mxN3Xtqb0_04806 150 2 8 12 59 114
N7mxN3Xtqb0_04807 120 3 8 12 58 114
N7mxN3Xtqb0_04808 90 8 12 58 114
N7mxN3Xtqb0_04809 120 4 6 8 9 58 114
N7mxN3Xtqb0_04810 210 3 4 6 8 12 58 114
N7mxN3Xtqb0_04811 90 3 6 8 12 58 114
N7mxN3Xtqb0_04812 180 1 3 4 6 8 12 58 114
N7mxN3Xtqb0_04813 90 6 8 58 114
N7mxN3Xtqb0_04814 120 3 4 8 12 58 114
NCFQ_JYRD4o_03311 270 1 4 12 33 108
NCFQ_JYRD4o_03312 210 1 8 12 31 108
NCFQ_JYRD4o_03313 120 1 4 33 108
NCFQ_JYRD4o_03314 240 1 4 12 31 108
NCnLtn5RR-s_07250 210 4 8 12 95 122
NCnLtn5RR-s_07251 210 1 2 4 8 12 95 122
NCnLtn5RR-s_07252 240 3 4 8 12 96 122
NCnLtn5RR-s_07253 120 3 4 8 12 95 122
NCnLtn5RR-s_07254 120 3 4 8 12 96 122
NCnLtn5RR-s_07255 120 4 8 96 122
NCnLtn5RR-s_07256 210 4 8 95 122
NCnLtn5RR-s_07257 120 4 6 8 11 12 95 122
NCnLtn5RR-s_07258 150 4 8 95 122
NCnLtn5RR-s_07259 180 3 4 8 95 122
NCnLtn5RR-s_07260 150 1 4 8 12 96 122
NCnLtn5RR-s_07261 120 4 8 95 122
NCnLtn5RR-s_07262 180 4 8 95 122
NG7E1OKqpIk_04202 300 2 75 117
NG7E1OKqpIk_04203 270 78 117
NG7E1OKqpIk_04204 480 74 117
NISPRTURy5E_07130 90 3 4 8 95 122
NISPRTURy5E_07131 180 3 4 95 122
NISPRTURy5E_07132 240 8 95 122
NISPRTURy5E_07133 150 4 8 95 122
NISPRTURy5E_07134 120 4 8 95 122
NISPRTURy5E_07135 120 4 8 95 122
NISPRTURy5E_07136 180 4 8 12 95 122
NISPRTURy5E_07137 180 3 4 8 12 95 122
NISPRTURy5E_07138 210 1 4 6 8 12 96 122
NISPRTURy5E_07139 120 4 8 12 95 122
NISPRTURy5E_07140 120 3 4 12 98 122
NISPRTURy5E_07141 150 2 3 4 6 8 10 12 97 122
NISPRTURy5E_07142 180 8 96 122
NISPRTURy5E_07143 150 3 4 8 96 122
NISPRTURy5E_07144 150 1 8 96 122
NISPRTURy5E_07145 120 4 8 12 97 122
NISPRTURy5E_07146 120 3 4 8 12 95 122
NISPRTURy5E_07147 120 3 4 8 12 97 122
NISPRTURy5E_07148 150 4 8 97 122
NO41Z4w0MRg_03908 120 12 92 121
NO41Z4w0MRg_03909 300 1 3 12 92 121
NO41Z4w0MRg_03910 120 92 121
NO41Z4w0MRg_03911 270 94 121
NO41Z4w0MRg_03912 150 1 3 4 94 121
NO41Z4w0MRg_03913 210 1 3 4 12 94 121
NO41Z4w0MRg_03914 90 12 92 121
NO41Z4w0MRg_03915 270 3 94 121
NO41Z4w0MRg_03916 300 1 3 12 94 121
NO41Z4w0MRg_03917 180 3 94 121
NO41Z4w0MRg_03918 180 1 3 4 94 121
NO41Z4w0MRg_03919 180 1 3 4 94 121
NO41Z4w0MRg_03920 330 3 94 121
NQxQk-cKEK0_05587 120 1 3 51 112
NQxQk-cKEK0_05588 210 3 51 112
NQxQk-cKEK0_05589 420 1 3 51 112
NQxQk-cKEK0_05590 180 1 3 4 51 112
NQxQk-cKEK0_05591 90 3 51 112
NR2igYf7fPQ_02359 270 3 4 8 25 106
NR2igYf7fPQ_02360 90 4 6 8 12 22 106
NR2igYf7fPQ_02361 150 1 3 4 6 8 12 25 106
NR2igYf7fPQ_02362 120 1 12 24 106
NR2igYf7fPQ_02363 90 3 4 6 8 12 22 106
NR2igYf7fPQ_02364 150 3 4 6 8 12 22 106
NR2igYf7fPQ_02365 90 3 4 6 8 12 25 106
NR2igYf7fPQ_02366 90 3 4 6 8 22 106
NR2igYf7fPQ_02367 90 3 4 6 8 12 22 106
NR2igYf7fPQ_02368 210 3 4 8 12 25 106
NR2igYf7fPQ_02369 120 3 4 6 8 12 25 106
NR2igYf7fPQ_02370 180 3 4 6 8 12 25 106
NR2igYf7fPQ_02371 90 1 4 6 8 25 106
NR2igYf7fPQ_02372 240 1 3 4 6 8 12 25 106
NR2igYf7fPQ_02373 90 3 4 6 12 25 106
NR2igYf7fPQ_02374 180 3 4 8 12 25 106
NR2igYf7fPQ_02375 90 3 4 8 12 22 106
NR2igYf7fPQ_02376 90 3 4 6 8 12 22 106
NR2igYf7fPQ_02377 90 4 6 8 12 22 106
NR2igYf7fPQ_02379 120 4 8 12 22 106
NR2igYf7fPQ_02380 90 4 6 8 22 106
NYmgotQZE54_00217 900 1 3 4 80 118
NYmgotQZE54_00218 90 0 1 4 80 118
NYmgotQZE54_00219 90 3 4 79 118
NYmgotQZE54_00220 210 3 4 80 118
NYmgotQZE54_00221 90 3 4 79 118
NcZemue8hm4_08752 900 1 3 12 62 115
NcZemue8hm4_08753 899 3 4 12 62 115
NcZemue8hm4_08754 689 3 4 12 62 115
NcZemue8hm4_08755 119 12 61 115
NcZemue8hm4_08756 119 3 61 115
NcZemue8hm4_08757 900 1 3 62 115
NcZemue8hm4_08758 900 1 3 12 62 115
NcZemue8hm4_08759 570 3 62 115
NcZemue8hm4_08760 480 12 64 115
NcZemue8hm4_08761 899 3 62 115
NcZemue8hm4_08762 749 1 3 62 115
NcZemue8hm4_08763 869 1 3 4 12 62 115
NcZemue8hm4_08764 899 1 3 12 62 115
Nj8XNBZZsxY_11133 150 1 3 4 12 103 123
Nj8XNBZZsxY_11134 270 1 4 8 102 123
Nj8XNBZZsxY_11135 300 1 12 102 123
Nj8XNBZZsxY_11136 90 0 3 4 12 103 123
Nj8XNBZZsxY_11137 90 0 3 4 12 103 123
Nj8XNBZZsxY_11138 150 0 4 12 103 123
Nj8XNBZZsxY_11139 90 3 4 12 102 123
Nj8XNBZZsxY_11140 120 3 4 8 102 123
Nj8XNBZZsxY_11141 120 1 3 4 8 102 123
Nj8XNBZZsxY_11142 270 1 3 4 12 102 123
Nj8XNBZZsxY_11143 120 1 3 4 12 102 123
Nj8XNBZZsxY_11144 90 1 4 8 102 123
Nj8XNBZZsxY_11145 90 1 4 8 102 123
Nj8XNBZZsxY_11146 90 1 4 8 102 123
NkbM4AsZh3Q_08724 900 3 12 65 115
NkbM4AsZh3Q_08725 240 3 65 115
NkbM4AsZh3Q_08726 240 1 3 12 65 115
NkbM4AsZh3Q_08727 900 1 3 4 12 66 115
NkbM4AsZh3Q_08728 540 1 3 4 12 66 115
NkbM4AsZh3Q_08729 360 1 3 65 115
NkbM4AsZh3Q_08730 900 1 4 12 66 115
NkbM4AsZh3Q_08731 270 1 3 4 12 66 115
NkbM4AsZh3Q_08732 750 1 3 4 12 65 115
NkbM4AsZh3Q_08733 900 1 4 12 66 115
NkbM4AsZh3Q_08734 900 1 4 12 66 115
NkbM4AsZh3Q_08735 300 1 3 4 66 115
NkbM4AsZh3Q_08736 900 1 3 4 65 115
NkbM4AsZh3Q_08737 150 1 3 65 115
Ns0sWp5tYWo_05592 240 1 3 50 112
Ns0sWp5tYWo_05593 120 3 49 112
Ns0sWp5tYWo_05594 120 1 3 12 53 112
Nu4lKx-zAvs_04859 510 3 5 12 13 104
Nu4lKx-zAvs_04860 90 1 3 5 12 15 104
Nu4lKx-zAvs_04861 90 3 14 104
Nwel6QF3Cxs_12612 390 1 3 90 120
Nwel6QF3Cxs_12613 360 1 3 90 120
Nwel6QF3Cxs_12614 900 3 90 120
Nwel6QF3Cxs_12615 330 1 3 90 120
Nwel6QF3Cxs_12616 90 1 3 4 89 120
Nwel6QF3Cxs_12617 900 1 3 90 120
Nwel6QF3Cxs_12618 120 1 3 90 120
Nwel6QF3Cxs_12619 90 1 3 89 120
Nwel6QF3Cxs_12620 150 1 3 90 120
Nwel6QF3Cxs_12621 750 1 3 90 120
Nwel6QF3Cxs_12622 120 3 90 120
Nwel6QF3Cxs_12623 300 1 3 4 12 88 120
Nwel6QF3Cxs_12624 90 3 90 120
Nwel6QF3Cxs_12625 120 1 3 89 120
Nwel6QF3Cxs_12626 270 1 3 4 12 88 120
Nwel6QF3Cxs_12627 300 3 90 120
Nwel6QF3Cxs_12628 240 1 3 4 12 88 120
Nwel6QF3Cxs_12629 180 3 4 12 88 120
Nwel6QF3Cxs_12630 90 3 4 89 120
Nwel6QF3Cxs_12631 90 1 3 89 120
Nwel6QF3Cxs_12632 90 1 3 4 12 89 120
Nwmi6XdCVPA_00168 900 1 3 4 12 94 121
Nwmi6XdCVPA_00170 149 1 3 4 12 94 121
Nwmi6XdCVPA_00171 270 1 3 4 12 94 121
Nwmi6XdCVPA_00172 90 1 3 4 94 121
O-H7DA2fEec_14287 120 4 8 12 102 123
O-H7DA2fEec_14288 90 1 4 8 12 102 123
O-H7DA2fEec_14289 120 3 4 102 123
OBVqxwggZ3U_00213 240 1 4 12 80 118
OBVqxwggZ3U_00214 120 4 79 118
OD9eNEiS2_s_05963 150 3 65 115
OD9eNEiS2_s_05964 210 3 65 115
OD9eNEiS2_s_05965 240 3 12 65 115
OD9eNEiS2_s_05966 150 3 65 115
OD9eNEiS2_s_05967 330 3 65 115
OD9eNEiS2_s_05968 270 3 65 115
OD9eNEiS2_s_05969 120 3 65 115
OD9eNEiS2_s_05970 120 3 65 115
OD9eNEiS2_s_05971 180 3 65 115
OD9eNEiS2_s_05972 180 3 65 115
OD9eNEiS2_s_05973 240 3 68 115
OD9eNEiS2_s_05974 180 3 4 68 115
OGJzAcPyHJM_10788 90 1 3 51 112
OGJzAcPyHJM_10789 150 3 51 112
ONuCfzGCE8w_00046 660 1 12 33 108
ONuCfzGCE8w_00047 300 8 31 108
OS0XWoTkjCA_04495 90 4 9 12 59 114
OS0XWoTkjCA_04496 90 4 8 12 59 114
OS0XWoTkjCA_04497 90 4 6 8 12 59 114
OS0XWoTkjCA_04498 90 3 4 6 8 12 59 114
OS0XWoTkjCA_04499 90 3 4 6 8 12 59 114
OS0XWoTkjCA_04500 90 4 6 8 12 59 114
OUptxK_36TM_00505 900 3 50 112
OUptxK_36TM_00506 899 3 50 112
OUptxK_36TM_00507 900 3 12 50 112
OUptxK_36TM_00508 509 3 50 112
OUptxK_36TM_00509 240 1 3 12 53 112
OUptxK_36TM_00510 900 1 3 12 50 112
OUptxK_36TM_00512 180 3 53 112
OZ68-sV7QZk_14083 900 1 4 84 119
OZ68-sV7QZk_14084 480 1 4 84 119
OZ68-sV7QZk_14085 900 1 84 119
OZ68-sV7QZk_14086 270 1 84 119
Oeml6UdpFvk_11030 750 30 107
Oeml6UdpFvk_11031 870 30 107
Oeml6UdpFvk_11032 900 30 107
Oeml6UdpFvk_11033 510 30 107
Ol-bem_bdro_01104 90 4 6 8 25 106
Ol-bem_bdro_01105 90 3 4 22 106
Ol-bem_bdro_01106 90 1 2 3 4 10 22 106
Ol-bem_bdro_01107 120 3 4 6 22 106
Ol-bem_bdro_01108 90 2 3 4 12 22 106
Ol-bem_bdro_01109 120 3 4 8 12 25 106
Ol-bem_bdro_01110 90 6 8 12 25 106
Ol-bem_bdro_01111 90 3 4 6 8 12 22 106
Ol-bem_bdro_01112 90 3 4 8 22 106
Ol-bem_bdro_01113 90 3 4 12 22 106
Ol-bem_bdro_01114 90 3 4 6 8 12 22 106
Ol-bem_bdro_01115 90 3 4 8 12 22 106
Ol-bem_bdro_01116 90 2 3 4 6 10 12 22 106
Ol1O-rnoFoo_00102 450 0 1 3 4 11 12 94 121
Ol1O-rnoFoo_00103 899 1 3 4 94 121
Ol1O-rnoFoo_00104 569 3 4 94 121
Ol1O-rnoFoo_00105 899 1 3 4 12 94 121
Ol1O-rnoFoo_00106 539 1 3 4 12 94 121
Ol1O-rnoFoo_00107 149 0 1 3 4 94 121
Ol1O-rnoFoo_00108 450 0 94 121
OntHJBepEkk_15813 90 3 37 109
OntHJBepEkk_15814 90 0 3 4 12 37 109
OntHJBepEkk_15815 90 0 1 3 4 8 37 109
OntHJBepEkk_15816 120 1 3 4 12 35 109
OntHJBepEkk_15817 90 3 12 36 109
OntHJBepEkk_15818 150 35 109
OntHJBepEkk_15819 150 0 1 2 3 4 35 109
OntHJBepEkk_15820 300 1 2 3 4 8 12 35 109
Oqp9sKzYUZU_14348 90 1 4 8 100 123
Oqp9sKzYUZU_14349 120 4 8 102 123
Oqp9sKzYUZU_14350 90 1 4 8 103 123
Oqp9sKzYUZU_14351 90 1 4 8 100 123
Oqp9sKzYUZU_14352 90 1 4 8 103 123
Oqp9sKzYUZU_14353 90 4 8 100 123
Oqp9sKzYUZU_14354 120 4 8 102 123
Oqp9sKzYUZU_14355 90 1 4 8 103 123
Oqp9sKzYUZU_14356 90 1 3 4 8 100 123
Oqp9sKzYUZU_14357 90 1 4 8 103 123
Oqp9sKzYUZU_14358 180 1 12 101 123
Oqp9sKzYUZU_14359 90 1 3 4 8 100 123
Oqp9sKzYUZU_14360 90 1 4 8 103 123
Oqp9sKzYUZU_14361 90 3 4 8 100 123
Oqp9sKzYUZU_14362 480 4 12 102 123
Oqp9sKzYUZU_14363 90 1 3 4 103 123
Oqp9sKzYUZU_14364 90 1 4 8 100 123
Oqp9sKzYUZU_14365 90 4 8 100 123
Oqp9sKzYUZU_14366 330 4 8 12 102 123
Oqp9sKzYUZU_14367 90 4 8 103 123
Oww65QJ7ix8_11777 120 1 4 48 111
Oww65QJ7ix8_11778 150 1 48 111
Oww65QJ7ix8_11779 240 48 111
Oww65QJ7ix8_11780 300 4 48 111
Oww65QJ7ix8_11781 90 47 111
Oww65QJ7ix8_11782 150 48 111
Oww65QJ7ix8_11783 90 48 111
Oww65QJ7ix8_11784 90 47 111
Oww65QJ7ix8_11785 330 1 4 48 111
Oww65QJ7ix8_11786 120 1 47 111
Oww65QJ7ix8_11787 90 1 47 111
P7G7MyRvQrc_03714 90 3 12 94 121
P7G7MyRvQrc_03715 90 1 3 4 12 94 121
P7G7MyRvQrc_03716 90 3 12 92 121
P7G7MyRvQrc_03717 90 3 12 94 121
P7G7MyRvQrc_03718 120 1 3 12 94 121
P7z3ylDKFeY_11906 900 0 1 2 3 4 7 69 116
P7z3ylDKFeY_11907 899 69 116
P7z3ylDKFeY_11908 899 1 69 116
P7z3ylDKFeY_11909 120 1 4 69 116
P7z3ylDKFeY_11910 120 3 71 116
P7z3ylDKFeY_11911 179 1 3 71 116
P7z3ylDKFeY_11912 899 1 12 71 116
P7z3ylDKFeY_11913 120 1 3 12 71 116
P83OHSaEIBk_08564 840 3 62 115
P83OHSaEIBk_08565 899 3 62 115
P83OHSaEIBk_08566 899 1 3 62 115
P83OHSaEIBk_08567 89 1 3 62 115
P83OHSaEIBk_08568 240 1 3 62 115
P83OHSaEIBk_08569 119 3 62 115
P83OHSaEIBk_08570 300 62 115
P83OHSaEIBk_08571 899 1 3 12 62 115
P83OHSaEIBk_08572 209 3 63 115
P83OHSaEIBk_08573 90 61 115
P83OHSaEIBk_08574 360 61 115
P83OHSaEIBk_08575 479 3 63 115
P83OHSaEIBk_08576 89 61 115
P83OHSaEIBk_08577 599 1 3 4 63 115
P83OHSaEIBk_08578 240 3 61 115
P83OHSaEIBk_08579 299 3 63 115
P83OHSaEIBk_08580 119 3 61 115
P83OHSaEIBk_08581 900 66 115
P83OHSaEIBk_08582 840 3 66 115
P83OHSaEIBk_08583 900 3 66 115
P83OHSaEIBk_08584 150 66 115
P83OHSaEIBk_08585 509 3 66 115
P83OHSaEIBk_08586 780 66 115
P83OHSaEIBk_08587 90 1 3 4 63 115
P83OHSaEIBk_08588 210 12 61 115
P83OHSaEIBk_08589 299 1 3 63 115
P83OHSaEIBk_08590 120 3 63 115
P90aXjVHeho_12875 90 12 82 118
P90aXjVHeho_12876 210 1 2 4 12 82 118
P90aXjVHeho_12877 120 3 12 82 118
P90aXjVHeho_12878 150 12 82 118
P98PU-5JvoA_09677 210 3 4 6 8 12 25 106
P98PU-5JvoA_09678 510 3 4 6 8 12 25 106
P98PU-5JvoA_09679 510 1 3 4 8 25 106
P98PU-5JvoA_09680 300 1 4 6 8 12 25 106
P98PU-5JvoA_09681 90 12 24 106
P98PU-5JvoA_09682 240 4 6 8 25 106
P98PU-5JvoA_09683 330 1 4 6 8 12 25 106
P98PU-5JvoA_09684 300 3 4 6 8 12 25 106
P98PU-5JvoA_09685 390 3 4 6 8 12 25 106
P98PU-5JvoA_09686 360 4 6 8 22 106
PJqe4wHNm7c_05766 900 1 3 12 50 112
PJqe4wHNm7c_05767 240 1 3 4 12 50 112
PJqe4wHNm7c_05768 120 3 4 51 112
PML7wJkXFq8_03338 120 1 3 4 12 55 113
PML7wJkXFq8_03339 150 1 3 4 9 12 54 113
PML7wJkXFq8_03340 720 0 1 3 4 12 54 113
PU_IGbSfpHM_00574 330 1 12 31 108
PU_IGbSfpHM_00575 90 3 12 31 108
PU_IGbSfpHM_00576 150 1 12 31 108
PeIqXgaoSNM_15672 90 0 3 4 35 109
PeIqXgaoSNM_15673 90 1 2 4 35 109
PfCsqTtKIGU_03103 90 74 117
PfCsqTtKIGU_03104 120 74 117
PfCsqTtKIGU_03105 90 74 117
PpVTV4iDRNU_13987 360 1 86 119
PpVTV4iDRNU_13989 570 1 86 119
PpVTV4iDRNU_13990 900 1 83 119
PpVTV4iDRNU_13991 749 1 4 83 119
PpVTV4iDRNU_13992 599 1 86 119
PpVTV4iDRNU_13993 180 1 4 83 119
PpVTV4iDRNU_13994 599 1 86 119
PpVTV4iDRNU_13995 900 1 83 119
PpVTV4iDRNU_13996 900 1 83 119
PpVTV4iDRNU_13997 630 4 86 119
PpVTV4iDRNU_13998 449 1 83 119
PpVTV4iDRNU_13999 90 1 86 119
PpVTV4iDRNU_14000 390 1 83 119
PpVTV4iDRNU_14001 269 1 86 119
PpVTV4iDRNU_14002 630 1 83 119
PpVTV4iDRNU_14003 269 1 86 119
PpVTV4iDRNU_14004 900 1 83 119
PpVTV4iDRNU_14005 90 1 3 4 85 119
PpVTV4iDRNU_14006 539 1 86 119
PpVTV4iDRNU_14007 329 1 86 119
Ppjq5LIuDN0_09629 90 1 3 89 120
Ppjq5LIuDN0_09630 900 1 3 4 12 90 120
Ppjq5LIuDN0_09631 300 1 3 4 12 89 120
Ppjq5LIuDN0_09632 240 3 90 120
Ppjq5LIuDN0_09633 900 3 89 120
Ppjq5LIuDN0_09634 780 1 3 90 120
Ppjq5LIuDN0_09635 90 3 90 120
Ppjq5LIuDN0_09636 90 1 3 89 120
PqVrh4hM7wg_05043 180 1 3 16 104
PqVrh4hM7wg_05044 450 1 3 4 12 13 104
PqVrh4hM7wg_05045 120 1 3 4 12 15 104
PqVrh4hM7wg_05046 690 1 3 12 14 104
PqVrh4hM7wg_05047 120 1 3 14 104
PqVrh4hM7wg_05048 210 3 14 104
PqVrh4hM7wg_05049 120 3 14 104
PqVrh4hM7wg_05050 150 3 14 104
PxL9SRHXbng_07794 210 1 3 4 12 43 110
PxL9SRHXbng_07795 120 1 4 12 43 110
Pzggh3QdMlI_09770 240 1 3 4 8 12 55 113
Pzggh3QdMlI_09771 360 1 3 4 12 54 113
Pzggh3QdMlI_09772 900 12 56 113
Pzggh3QdMlI_09773 420 4 12 56 113
QBZ4ZMVtXIA_08738 90 3 61 115
QBZ4ZMVtXIA_08739 90 1 3 61 115
QBZ4ZMVtXIA_08740 90 3 61 115
QBZ4ZMVtXIA_08741 270 12 61 115
QBZ4ZMVtXIA_08742 480 12 61 115
QBZ4ZMVtXIA_08743 900 3 63 115
QBZ4ZMVtXIA_08744 210 3 12 61 115
QBZ4ZMVtXIA_08745 780 3 12 63 115
QBZ4ZMVtXIA_08746 870 1 3 4 63 115
QBZ4ZMVtXIA_08747 180 3 12 61 115
QBZ4ZMVtXIA_08748 570 3 63 115
QBZ4ZMVtXIA_08749 540 3 63 115
QBZ4ZMVtXIA_08750 150 61 115
QBZ4ZMVtXIA_08751 300 1 3 63 115
QC8ObYHIDJk_09868 90 3 12 56 113
QC8ObYHIDJk_09869 90 1 3 4 12 54 113
QF5z54oKsug_12128 900 0 1 2 3 4 9 10 12 69 116
QF5z54oKsug_12129 899 0 1 2 3 4 9 11 12 69 116
QF5z54oKsug_12130 899 0 1 2 3 4 12 69 116
QF5z54oKsug_12131 599 1 2 3 69 116
QF5z54oKsug_12132 900 0 1 3 12 69 116
QF5z54oKsug_12133 689 1 2 3 69 116
QNOYwn52y_M_07712 90 1 3 4 12 40 110
QNOYwn52y_M_07713 390 1 3 44 110
QNOYwn52y_M_07714 240 1 3 12 43 110
QNOYwn52y_M_07715 210 1 3 4 43 110
QNOYwn52y_M_07716 120 1 3 4 12 43 110
QRtJnFvKimY_06953 150 3 4 8 12 96 122
QRtJnFvKimY_06954 120 4 8 96 122
QRtJnFvKimY_06955 300 3 4 8 12 97 122
QRtJnFvKimY_06956 150 1 2 3 4 8 95 122
QRtJnFvKimY_06957 180 1 3 4 8 12 96 122
QRtJnFvKimY_06958 390 1 4 8 12 96 122
QRtJnFvKimY_06959 150 3 4 8 12 95 122
QRtJnFvKimY_06960 120 8 12 96 122
QRtJnFvKimY_06961 120 0 3 4 8 12 95 122
QRtJnFvKimY_06962 300 4 8 96 122
QRtJnFvKimY_06963 150 1 8 96 122
QRtJnFvKimY_06964 120 4 8 12 95 122
QTrHES9Flwo_08814 360 61 115
QTrHES9Flwo_08815 900 3 62 115
QTrHES9Flwo_08816 900 62 115
QTrHES9Flwo_08817 900 3 62 115
QTrHES9Flwo_08818 900 62 115
QTrHES9Flwo_08819 420 62 115
QTrHES9Flwo_08820 180 3 61 115
QTrHES9Flwo_08821 900 62 115
QTrHES9Flwo_08822 900 3 62 115
QTrHES9Flwo_08823 900 3 62 115
QTrHES9Flwo_08824 900 62 115
QTrHES9Flwo_08825 720 62 115
QTrHES9Flwo_08826 660 3 63 115
QTrHES9Flwo_08827 900 66 115
QTrHES9Flwo_08828 900 66 115
QTrHES9Flwo_08829 390 66 115
QTrHES9Flwo_08830 180 1 3 64 115
QTrHES9Flwo_08831 120 66 115
QTrHES9Flwo_08832 150 1 68 115
QTrHES9Flwo_08833 330 1 3 4 60 115
QTrHES9Flwo_08834 90 1 68 115
QTrHES9Flwo_08835 240 1 4 60 115
QTrHES9Flwo_08836 300 3 12 65 115
QTrHES9Flwo_08837 720 3 64 115
QWtFe_CXe8I_06918 180 4 8 95 122
QWtFe_CXe8I_06919 210 3 4 6 8 12 95 122
QWtFe_CXe8I_06920 150 1 2 3 4 8 12 98 122
QYmyO3S72a4_12342 660 1 29 107
QYmyO3S72a4_12343 180 27 107
QYmyO3S72a4_12344 300 27 107
QYmyO3S72a4_12345 240 26 107
QYmyO3S72a4_12346 780 1 26 107
QYmyO3S72a4_12347 330 1 26 107
QYmyO3S72a4_12348 90 26 107
QYmyO3S72a4_12349 270 26 107
QYmyO3S72a4_12350 270 26 107
QYmyO3S72a4_12351 330 1 26 107
QYmyO3S72a4_12352 330 1 27 107
QYmyO3S72a4_12353 180 26 107
QlqfrjGwIWM_06460 210 1 19 105
QlqfrjGwIWM_06461 900 1 18 105
QlqfrjGwIWM_06462 360 1 18 105
QlqfrjGwIWM_06463 120 1 4 19 105
QlqfrjGwIWM_06464 900 1 18 105
QlqfrjGwIWM_06465 420 18 105
QlqfrjGwIWM_06466 150 18 105
QrAklm_Oks8_05800 150 4 12 31 108
QrAklm_Oks8_05801 90 31 108
QvVOEdfEKvE_02970 180 1 3 4 89 120
QvVOEdfEKvE_02971 150 1 3 90 120
QvVOEdfEKvE_02972 90 3 90 120
QvVOEdfEKvE_02973 480 1 3 4 12 90 120
QvVOEdfEKvE_02974 90 3 89 120
QvVOEdfEKvE_02975 90 1 3 89 120
QvVOEdfEKvE_02976 900 1 3 90 120
QvVOEdfEKvE_02977 90 1 3 89 120
QvVOEdfEKvE_02978 240 1 3 89 120
QvVOEdfEKvE_02979 90 1 3 89 120
QvVOEdfEKvE_02980 870 1 3 90 120
QvVOEdfEKvE_02981 240 1 3 90 120
QvVOEdfEKvE_02982 120 1 3 4 90 120
QvVOEdfEKvE_02983 120 1 3 89 120
QvVOEdfEKvE_02984 900 1 3 90 120
QvVOEdfEKvE_02985 120 3 90 120
QvVOEdfEKvE_02986 270 1 3 90 120
QvVOEdfEKvE_02987 90 1 3 89 120
QvVOEdfEKvE_02988 480 1 3 4 89 120
QvVOEdfEKvE_02989 900 1 3 4 89 120
QxGVgXf_LNk_11737 120 1 3 4 48 111
QxGVgXf_LNk_11738 150 3 47 111
QxGVgXf_LNk_11739 479 3 4 48 111
QxGVgXf_LNk_11740 90 47 111
QxGVgXf_LNk_11741 90 47 111
QxGVgXf_LNk_11742 149 3 47 111
QxGVgXf_LNk_11743 90 3 47 111
QxGVgXf_LNk_11744 120 1 3 47 111
QxGVgXf_LNk_11745 329 1 4 48 111
QxGVgXf_LNk_11746 180 3 47 111
R27_OIjwJvg_07855 180 1 3 43 110
R27_OIjwJvg_07856 120 1 3 4 43 110
R27_OIjwJvg_07857 210 1 3 12 43 110
R27_OIjwJvg_07858 90 1 3 4 12 43 110
R27_OIjwJvg_07859 150 1 3 43 110
R27_OIjwJvg_07860 90 38 110
R27_OIjwJvg_07861 120 1 3 4 43 110
R27_OIjwJvg_07862 120 43 110
R490Ar-XlrQ_11532 150 1 3 90 120
R490Ar-XlrQ_11533 240 1 3 89 120
R490Ar-XlrQ_11534 420 1 3 90 120
R490Ar-XlrQ_11535 90 3 89 120
R490Ar-XlrQ_11536 450 1 3 12 90 120
R490Ar-XlrQ_11537 420 1 3 12 90 120
R490Ar-XlrQ_11538 240 1 3 12 90 120
R490Ar-XlrQ_11539 210 1 3 4 12 87 120
R490Ar-XlrQ_11540 450 1 12 90 120
R490Ar-XlrQ_11541 180 1 3 12 90 120
R490Ar-XlrQ_11542 240 1 3 90 120
R490Ar-XlrQ_11543 450 1 3 90 120
R490Ar-XlrQ_11544 450 1 3 12 90 120
R5Y1mHxfnA8_05213 240 1 12 13 104
R5Y1mHxfnA8_05214 120 12 15 104
R5jd4SDEcsA_04142 210 1 3 78 117
R5jd4SDEcsA_04143 390 1 3 74 117
R5jd4SDEcsA_04144 150 1 3 76 117
RAFDivdruEM_11245 240 3 4 8 12 25 106
RAFDivdruEM_11247 90 8 12 24 106
RAFDivdruEM_11248 210 1 3 4 6 8 12 25 106
RAFDivdruEM_11249 210 4 6 8 12 25 106
RAFDivdruEM_11250 180 4 8 22 106
RAFDivdruEM_11251 240 3 4 6 8 12 25 106
RAFDivdruEM_11252 180 3 4 6 8 12 22 106
RAFDivdruEM_11253 90 6 8 23 106
RAFDivdruEM_11254 90 1 4 6 8 12 25 106
RAFDivdruEM_11255 120 3 4 6 8 25 106
RAFDivdruEM_11256 120 1 4 6 8 25 106
RAFDivdruEM_11257 120 1 3 4 6 8 12 22 106
RAFDivdruEM_11258 90 1 3 4 6 8 12 22 106
RAFDivdruEM_11259 90 3 4 6 8 22 106
RAFDivdruEM_11260 150 1 3 4 6 8 12 25 106
RAFDivdruEM_11262 270 3 4 6 8 12 25 106
RAFDivdruEM_11263 120 3 4 8 22 106
RAFDivdruEM_11264 180 3 4 6 8 22 106
RAFDivdruEM_11265 90 3 4 6 8 12 22 106
RAFDivdruEM_11266 120 6 8 22 106
RKthtXjda6M_04446 90 4 8 59 114
RKthtXjda6M_04447 180 3 4 6 8 12 59 114
RKthtXjda6M_04448 90 8 12 58 114
RKthtXjda6M_04449 90 6 8 12 58 114
RKthtXjda6M_04450 90 4 8 12 59 114
RKthtXjda6M_04451 90 3 8 58 114
RKthtXjda6M_04452 90 8 12 59 114
RKthtXjda6M_04453 90 8 58 114
RKthtXjda6M_04454 120 3 4 8 12 59 114
RKthtXjda6M_04455 120 1 3 4 8 12 59 114
RKthtXjda6M_04456 180 3 4 6 8 12 59 114
RKthtXjda6M_04457 120 4 8 59 114
RKthtXjda6M_04458 90 3 4 8 59 114
RKthtXjda6M_04459 90 3 6 8 12 58 114
RKthtXjda6M_04460 150 0 3 6 8 12 58 114
RKthtXjda6M_04461 150 3 6 8 58 114
RKthtXjda6M_04462 120 8 12 58 114
RKthtXjda6M_04463 90 6 8 58 114
RKthtXjda6M_04464 90 3 4 8 12 59 114
RKthtXjda6M_04465 90 8 12 58 114
RZRNYGO0OI8_06347 150 1 3 4 78 117
RZRNYGO0OI8_06348 270 1 3 4 74 117
RaaAtGl9DNs_07431 120 4 8 95 122
RaaAtGl9DNs_07432 120 8 95 122
RaaAtGl9DNs_07433 120 2 3 4 8 12 95 122
RaaAtGl9DNs_07434 240 1 4 8 12 96 122
RaaAtGl9DNs_07435 120 0 1 3 4 8 12 96 122
RaaAtGl9DNs_07436 150 4 8 95 122
RaaAtGl9DNs_07437 180 3 4 8 95 122
RaaAtGl9DNs_07438 210 1 4 6 8 96 122
RaaAtGl9DNs_07439 120 4 8 95 122
RaaAtGl9DNs_07440 150 4 6 8 95 122
RaaAtGl9DNs_07441 150 1 4 8 96 122
RaaAtGl9DNs_07442 120 3 8 95 122
RaaAtGl9DNs_07443 120 4 8 12 97 122
RaaAtGl9DNs_07444 150 3 4 8 12 95 122
RaaAtGl9DNs_07445 120 4 8 98 122
Rcb64ovmE0I_06650 180 8 96 122
Rcb64ovmE0I_06651 300 4 6 8 12 96 122
Rcb64ovmE0I_06652 209 3 4 8 12 96 122
Rcb64ovmE0I_06653 180 4 6 8 12 96 122
Rcb64ovmE0I_06654 149 4 8 12 96 122
Rcb64ovmE0I_06655 299 1 3 4 8 12 95 122
Rcb64ovmE0I_06656 540 0 4 8 12 96 122
Rcb64ovmE0I_06657 90 4 8 12 96 122
Rcb64ovmE0I_06658 119 4 8 95 122
Rcb64ovmE0I_06659 150 1 4 8 12 96 122
Rcb64ovmE0I_06660 120 4 8 12 96 122
Rcb64ovmE0I_06661 269 4 8 12 96 122
RdC2rVhrnwc_02915 810 1 29 107
RdC2rVhrnwc_02916 450 28 107
RdC2rVhrnwc_02917 270 29 107
RdC2rVhrnwc_02918 300 27 107
RdC2rVhrnwc_02919 150 27 107
RtNf3xC8bbU_13676 690 1 3 12 86 119
RtNf3xC8bbU_13677 600 85 119
RtNf3xC8bbU_13678 90 1 86 119
RtNf3xC8bbU_13679 240 1 83 119
RtNf3xC8bbU_13680 180 1 84 119
RtNf3xC8bbU_13681 480 1 83 119
RtNf3xC8bbU_13682 120 1 85 119
RtNf3xC8bbU_13683 120 1 85 119
RtNf3xC8bbU_13684 240 1 83 119
RtNf3xC8bbU_13685 240 1 85 119
RtNf3xC8bbU_13686 900 1 4 83 119
RtNf3xC8bbU_13687 180 1 4 83 119
RtNf3xC8bbU_13688 390 1 3 86 119
RuiSExp2s7M_07661 120 1 3 4 40 110
RuiSExp2s7M_07662 90 1 3 4 12 40 110
RuiSExp2s7M_07663 210 1 3 44 110
RuiSExp2s7M_07664 89 1 4 41 110
RuiSExp2s7M_07665 420 1 3 44 110
RuiSExp2s7M_07666 359 3 4 44 110
RuiSExp2s7M_07667 89 1 3 40 110
RuiSExp2s7M_07668 150 1 3 4 12 42 110
RuiSExp2s7M_07669 240 1 3 4 12 40 110
RuiSExp2s7M_07670 149 1 3 4 40 110
RuiSExp2s7M_07671 150 1 3 4 12 40 110
RuiSExp2s7M_07672 330 1 3 4 39 110
RuiSExp2s7M_07673 89 4 43 110
RuiSExp2s7M_07674 299 1 4 39 110
RuiSExp2s7M_07675 630 0 3 4 11 40 110
RuiSExp2s7M_07676 209 1 3 4 43 110
RuiSExp2s7M_07677 150 4 39 110
RuiSExp2s7M_07678 120 3 12 40 110
RuiSExp2s7M_07679 270 1 3 4 40 110
RxweLKLqeQo_14417 90 4 12 100 123
RxweLKLqeQo_14418 90 4 8 100 123
RxweLKLqeQo_14419 90 4 8 100 123
RxweLKLqeQo_14420 90 4 8 100 123
RxweLKLqeQo_14421 300 4 12 102 123
RxweLKLqeQo_14422 90 1 4 8 12 103 123
RxweLKLqeQo_14423 150 1 3 4 8 12 102 123
RxweLKLqeQo_14424 120 4 12 101 123
RxweLKLqeQo_14425 90 4 8 12 100 123
RxweLKLqeQo_14426 210 1 4 8 12 102 123
RxweLKLqeQo_14427 90 1 4 8 12 103 123
RxweLKLqeQo_14428 210 4 6 8 12 102 123
RxweLKLqeQo_14429 90 4 8 100 123
RxweLKLqeQo_14430 90 4 8 100 123
RxweLKLqeQo_14431 150 1 4 8 102 123
RxweLKLqeQo_14432 90 3 4 12 100 123
RxweLKLqeQo_14433 120 4 8 102 123
RxweLKLqeQo_14434 90 3 4 12 100 123
RxweLKLqeQo_14435 120 4 8 12 102 123
RxweLKLqeQo_14436 240 1 4 8 102 123
RxweLKLqeQo_14437 120 1 4 8 12 102 123
RxweLKLqeQo_14438 90 4 8 100 123
RxweLKLqeQo_14439 210 1 4 6 8 102 123
S1VB6cevY5o_14707 90 4 8 100 123
S1VB6cevY5o_14708 90 1 4 8 12 103 123
S1VB6cevY5o_14709 90 4 6 8 102 123
S1VB6cevY5o_14710 90 4 8 100 123
S1VB6cevY5o_14711 90 1 4 8 103 123
S1VB6cevY5o_14712 90 4 8 102 123
S1VB6cevY5o_14713 90 1 4 8 100 123
S1VB6cevY5o_14714 150 3 4 8 102 123
S1VB6cevY5o_14715 90 4 8 100 123
S1VB6cevY5o_14716 90 4 8 103 123
S1VB6cevY5o_14717 90 3 4 12 103 123
S1VB6cevY5o_14718 90 1 4 8 100 123
S1VB6cevY5o_14719 90 4 8 12 103 123
S1VB6cevY5o_14720 90 4 8 100 123
S1VB6cevY5o_14721 90 1 4 8 12 99 123
S1VB6cevY5o_14722 90 1 4 8 100 123
S1VB6cevY5o_14723 90 1 3 4 100 123
S1VB6cevY5o_14724 90 4 8 100 123
S1VB6cevY5o_14725 120 4 12 102 123
S1VB6cevY5o_14726 90 1 4 8 100 123
S1VB6cevY5o_14727 750 4 6 8 12 102 123
S1VB6cevY5o_14728 90 1 4 12 103 123
S1VB6cevY5o_14729 240 1 4 8 102 123
S7nyVrqGhqY_11775 120 3 46 111
S7nyVrqGhqY_11776 180 3 4 47 111
S9TDlYq95zk_14097 270 1 4 85 119
S9TDlYq95zk_14098 600 1 5 85 119
SC1ppuamF0Q_01343 180 4 6 8 12 22 106
SC1ppuamF0Q_01344 150 4 8 12 25 106
SC1ppuamF0Q_01345 89 3 4 6 8 12 22 106
SC1ppuamF0Q_01346 119 4 6 8 12 22 106
SC1ppuamF0Q_01347 120 1 4 6 8 12 25 106
SC1ppuamF0Q_01348 90 1 3 4 6 8 12 25 106
SC1ppuamF0Q_01349 120 3 4 6 8 12 22 106
SC1ppuamF0Q_01350 89 12 24 106
SC1ppuamF0Q_01351 209 3 4 8 12 22 106
SC1ppuamF0Q_01352 150 3 4 6 8 12 22 106
SC1ppuamF0Q_01353 180 4 6 8 12 25 106
SC1ppuamF0Q_01354 149 3 4 8 12 22 106
SC1ppuamF0Q_01355 149 1 3 4 6 8 12 25 106
SC1ppuamF0Q_01356 120 4 6 8 12 25 106
SC1ppuamF0Q_01357 90 3 4 6 8 12 22 106
SC1ppuamF0Q_01358 179 3 4 8 12 25 106
SC1ppuamF0Q_01359 89 4 6 8 12 22 106
SC1ppuamF0Q_01360 90 3 4 8 12 22 106
SQK_DNc70k8_12208 270 1 30 107
SQK_DNc70k8_12210 180 30 107
SQK_DNc70k8_12211 300 30 107
SQK_DNc70k8_12212 300 30 107
SQK_DNc70k8_12213 900 30 107
SQK_DNc70k8_12214 900 30 107
SQK_DNc70k8_12215 900 30 107
SQK_DNc70k8_12216 900 30 107
SQK_DNc70k8_12217 900 30 107
SQK_DNc70k8_12218 900 30 107
SQK_DNc70k8_12219 420 30 107
SeqmIk8aIiI_10148 90 3 56 113
SeqmIk8aIiI_10149 90 1 3 4 54 113
SeqmIk8aIiI_10150 120 1 2 3 4 12 56 113
SeqmIk8aIiI_10151 90 1 3 4 54 113
SeqmIk8aIiI_10152 90 1 3 4 12 56 113
SsC4RrcKeR8_01805 360 4 6 8 22 106
SsC4RrcKeR8_01806 450 1 4 6 8 12 22 106
SsC4RrcKeR8_01807 540 3 4 6 8 12 25 106
SsC4RrcKeR8_01808 300 3 4 6 8 12 22 106
SsC4RrcKeR8_01809 90 3 12 24 106
SsC4RrcKeR8_01811 270 3 4 6 8 12 25 106
SsC4RrcKeR8_01812 120 3 8 12 24 106
SsC4RrcKeR8_01813 180 1 3 4 6 8 25 106
SsC4RrcKeR8_01814 420 1 3 4 6 8 12 25 106
SsC4RrcKeR8_01815 150 3 4 8 22 106
SsC4RrcKeR8_01816 150 3 12 24 106
SsC4RrcKeR8_01817 360 3 4 6 8 12 25 106
SsC4RrcKeR8_01818 240 1 3 4 6 8 12 25 106
SsC4RrcKeR8_01819 180 4 8 11 12 24 106
SsC4RrcKeR8_01820 420 3 4 6 8 12 25 106
SsC4RrcKeR8_01821 390 3 4 6 8 12 25 106
SsC4RrcKeR8_01822 180 3 4 12 24 106
SsMlsns6bro_12680 540 1 3 90 120
SsMlsns6bro_12681 660 1 3 90 120
SsMlsns6bro_12682 420 1 3 4 90 120
SsMlsns6bro_12683 90 3 4 89 120
SsMlsns6bro_12684 510 1 3 90 120
SsMlsns6bro_12685 90 1 3 89 120
SsMlsns6bro_12686 210 1 3 4 90 120
SsMlsns6bro_12687 90 1 3 4 89 120
SsMlsns6bro_12688 90 1 3 89 120
SsMlsns6bro_12689 90 1 3 89 120
SsMlsns6bro_12690 330 1 3 90 120
Su1YLAjty-U_03283 570 0 3 4 12 69 116
Su1YLAjty-U_03284 420 1 3 69 116
Su1YLAjty-U_03285 240 1 3 72 116
Su1YLAjty-U_03286 120 1 3 4 70 116
SwPfxKZ6L9Q_09399 180 3 4 8 12 25 106
SwPfxKZ6L9Q_09400 89 3 4 8 25 106
SwPfxKZ6L9Q_09401 89 4 8 25 106
SwPfxKZ6L9Q_09402 179 1 4 6 8 25 106
SwPfxKZ6L9Q_09403 120 4 8 25 106
SwPfxKZ6L9Q_09404 119 4 6 8 25 106
SwPfxKZ6L9Q_09405 239 3 4 6 8 12 25 106
SwPfxKZ6L9Q_09406 210 3 4 8 12 25 106
SwPfxKZ6L9Q_09407 89 4 8 12 25 106
SwPfxKZ6L9Q_09408 89 4 8 12 25 106
SwPfxKZ6L9Q_09409 90 4 6 8 22 106
Sy91oNEIVSo_10715 570 3 4 12 50 112
Sy91oNEIVSo_10716 450 1 3 4 12 50 112
Sy91oNEIVSo_10717 630 3 4 50 112
Sy91oNEIVSo_10718 360 3 12 52 112
Sy91oNEIVSo_10719 300 3 50 112
Sy91oNEIVSo_10720 240 1 3 50 112
T2Ysl1-1Qhs_08527 90 3 61 115
T2Ysl1-1Qhs_08528 150 1 4 12 61 115
T2Ysl1-1Qhs_08529 540 1 3 63 115
T2Ysl1-1Qhs_08530 450 3 63 115
T2Ysl1-1Qhs_08531 570 12 61 115
T2Ysl1-1Qhs_08532 180 1 3 4 63 115
T2Ysl1-1Qhs_08533 600 1 3 62 115
T2Ysl1-1Qhs_08534 900 1 3 62 115
T2Ysl1-1Qhs_08535 330 1 3 62 115
T2Ysl1-1Qhs_08536 210 3 62 115
T2Ysl1-1Qhs_08537 150 1 3 4 65 115
T5DZpXQUKwA_10821 90 3 51 112
T5DZpXQUKwA_10822 150 3 51 112
T5DZpXQUKwA_10823 150 3 4 12 50 112
T5DZpXQUKwA_10824 120 1 3 12 51 112
T5DZpXQUKwA_10825 240 1 3 51 112
T5DZpXQUKwA_10826 330 3 50 112
T5DZpXQUKwA_10827 150 3 51 112
T5DZpXQUKwA_10828 180 3 51 112
T5DZpXQUKwA_10829 180 1 3 50 112
T6_OBLgqteU_15855 90 3 4 35 109
T6_OBLgqteU_15856 90 0 1 2 3 4 37 109
T6_OBLgqteU_15857 90 0 3 4 35 109
T6_OBLgqteU_15858 150 1 2 3 4 12 36 109
T7rDQbRpxPI_09603 720 1 3 4 80 118
T7rDQbRpxPI_09604 210 1 3 4 80 118
T8b3Ppb1jrw_00664 180 8 95 122
T8b3Ppb1jrw_00665 180 4 8 12 95 122
T8b3Ppb1jrw_00666 210 3 4 8 95 122
T8b3Ppb1jrw_00667 240 2 3 4 8 12 95 122
T8b3Ppb1jrw_00668 150 3 4 8 12 95 122
TEfNudHbZBw_06639 210 1 3 4 12 80 118
TEfNudHbZBw_06640 870 1 12 82 118
TEfNudHbZBw_06641 210 1 4 12 82 118
TEfNudHbZBw_06642 600 1 12 82 118
TEfNudHbZBw_06643 720 12 82 118
TEfNudHbZBw_06644 780 1 12 82 118
TPLZdBNYaYg_04969 570 3 4 5 12 13 104
TPLZdBNYaYg_04970 90 3 4 5 12 15 104
TkY8wE1IbQQ_00222 90 1 3 4 80 118
TkY8wE1IbQQ_00223 390 1 3 4 80 118
TkY8wE1IbQQ_00224 90 1 4 12 79 118
TmRjJfd_dTA_06589 120 1 3 4 80 118
TmRjJfd_dTA_06590 600 1 3 4 12 82 118
TnvWqKaBp8M_00355 150 1 18 105
TnvWqKaBp8M_00356 180 1 3 4 12 18 105
TnvWqKaBp8M_00357 450 3 12 18 105
TnvWqKaBp8M_00358 120 1 3 18 105
TnvWqKaBp8M_00359 300 3 12 18 105
TqeNOxY7Wdg_08194 900 1 3 62 115
TqeNOxY7Wdg_08195 179 3 62 115
TqeNOxY7Wdg_08196 150 62 115
TqeNOxY7Wdg_08197 389 63 115
TqeNOxY7Wdg_08198 149 12 61 115
TqeNOxY7Wdg_08199 809 3 63 115
TqeNOxY7Wdg_08200 209 3 61 115
TqeNOxY7Wdg_08201 600 63 115
TqeNOxY7Wdg_08202 330 3 61 115
TqeNOxY7Wdg_08203 89 3 61 115
TqeNOxY7Wdg_08204 89 3 63 115
TqeNOxY7Wdg_08205 149 61 115
TqeNOxY7Wdg_08206 749 3 67 115
TqeNOxY7Wdg_08207 209 3 67 115
TqeNOxY7Wdg_08208 779 12 67 115
TqeNOxY7Wdg_08209 179 67 115
TqeNOxY7Wdg_08210 360 1 3 67 115
TqeNOxY7Wdg_08211 119 67 115
TqeNOxY7Wdg_08212 869 3 66 115
TqeNOxY7Wdg_08213 240 1 3 66 115
TqeNOxY7Wdg_08214 450 1 3 4 62 115
Tsh4HiNzIpo_05281 600 1 3 12 50 112
Tsh4HiNzIpo_05282 900 1 3 12 50 112
Tsh4HiNzIpo_05283 270 3 50 112
Tsh4HiNzIpo_05284 900 1 3 12 49 112
Tsh4HiNzIpo_05285 900 3 49 112
Tsh4HiNzIpo_05286 900 1 3 49 112
Tsh4HiNzIpo_05287 630 1 3 49 112
Tsh4HiNzIpo_05288 900 3 12 53 112
Tsh4HiNzIpo_05289 900 1 3 53 112
Tsh4HiNzIpo_05290 900 1 3 12 53 112
Tsh4HiNzIpo_05291 300 1 3 12 53 112
Tsh4HiNzIpo_05292 900 1 3 52 112
Tsh4HiNzIpo_05293 90 1 3 52 112
Tsh4HiNzIpo_05294 900 3 12 49 112
TtoDuZmEg80_03124 540 1 3 4 12 56 113
TtoDuZmEg80_03125 900 1 3 4 12 56 113
TtoDuZmEg80_03126 900 3 12 56 113
TtoDuZmEg80_03127 900 1 3 4 12 56 113
TtoDuZmEg80_03128 390 1 3 4 12 56 113
TtoDuZmEg80_03129 900 3 4 12 56 113
TtoDuZmEg80_03130 900 3 56 113
TtoDuZmEg80_03131 900 3 12 56 113
TtoDuZmEg80_03132 900 1 3 4 12 56 113
TtoDuZmEg80_03133 900 3 4 12 56 113
Txz1j3sxZ7k_00822 270 1 4 34 108
Txz1j3sxZ7k_00823 120 1 3 4 34 108
Txz1j3sxZ7k_00824 120 1 4 34 108
Txz1j3sxZ7k_00825 150 4 10 11 34 108
Txz1j3sxZ7k_00826 90 3 12 34 108
TzR3CUU51IU_04832 360 1 3 4 5 12 13 104
TzR3CUU51IU_04833 150 3 4 5 12 13 104
TzR3CUU51IU_04834 150 12 15 104
TzR3CUU51IU_04835 720 3 5 14 104
U0XiPW5bijM_15478 90 1 4 8 100 123
U0XiPW5bijM_15479 90 4 12 100 123
U0XiPW5bijM_15480 90 3 4 12 100 123
U0XiPW5bijM_15481 90 1 4 8 100 123
U0XiPW5bijM_15482 90 1 4 8 100 123
U0XiPW5bijM_15483 90 1 4 8 12 100 123
U0XiPW5bijM_15484 90 3 4 100 123
U0XiPW5bijM_15485 90 4 12 100 123
U0XiPW5bijM_15486 90 4 8 100 123
U0XiPW5bijM_15487 90 1 4 12 100 123
U5YyYUplS9A_15821 120 1 4 35 109
U5YyYUplS9A_15822 90 0 2 3 4 12 35 109
U839TygN3rU_10855 540 1 3 50 112
U839TygN3rU_10857 899 3 12 50 112
U839TygN3rU_10858 899 1 3 12 53 112
U839TygN3rU_10859 899 3 12 53 112
U839TygN3rU_10860 900 3 12 53 112
U839TygN3rU_10861 900 1 3 12 53 112
U839TygN3rU_10862 900 1 3 12 53 112
U839TygN3rU_10863 900 1 3 12 53 112
U839TygN3rU_10864 900 1 3 12 53 112
U839TygN3rU_10865 900 1 3 12 53 112
U839TygN3rU_10866 420 1 3 12 53 112
U839TygN3rU_10867 899 1 3 12 50 112
U839TygN3rU_10868 690 1 3 12 50 112
U839TygN3rU_10869 900 1 3 12 52 112
U839TygN3rU_10870 540 1 3 12 52 112
U839TygN3rU_10871 899 1 3 12 50 112
U839TygN3rU_10872 899 1 3 12 50 112
U839TygN3rU_10873 899 3 50 112
U839TygN3rU_10874 900 1 3 50 112
U839TygN3rU_10875 600 3 50 112
UFm3OblNXOY_09397 150 3 4 74 117
UFm3OblNXOY_09398 268 3 74 117
UHFIU5rTAEM_05502 330 50 112
UHFIU5rTAEM_05503 120 3 51 112
ULBMdULXm5U_05347 240 1 12 31 108
ULBMdULXm5U_05348 240 1 12 31 108
UM1wMCspFRI_00371 450 3 75 117
UM1wMCspFRI_00372 90 3 78 117
UM1wMCspFRI_00373 90 3 75 117
UM1wMCspFRI_00375 720 1 3 4 76 117
UMYEoSW7hFA_13445 540 1 4 84 119
UMYEoSW7hFA_13446 210 86 119
UMYEoSW7hFA_13447 120 1 83 119
UOwN1AMni3E_06486 120 4 8 100 123
UOwN1AMni3E_06487 120 4 12 103 123
UOwN1AMni3E_06488 120 4 12 102 123
UOwN1AMni3E_06489 120 4 12 103 123
UOwN1AMni3E_06490 120 3 4 100 123
UOwN1AMni3E_06491 150 1 4 8 99 123
UOwN1AMni3E_06492 270 4 8 99 123
UOwN1AMni3E_06493 240 4 8 102 123
UOwN1AMni3E_06494 120 4 12 99 123
UOwN1AMni3E_06495 240 4 12 102 123
UOwN1AMni3E_06496 120 4 8 99 123
UOwN1AMni3E_06497 150 4 8 102 123
UOwN1AMni3E_06498 120 4 8 12 99 123
UOwN1AMni3E_06499 180 4 8 99 123
UOwN1AMni3E_06500 120 3 4 12 100 123
UOwN1AMni3E_06501 180 4 12 102 123
UOwN1AMni3E_06502 120 4 8 99 123
UOwN1AMni3E_06503 210 4 8 99 123
UOwN1AMni3E_06504 120 1 3 4 100 123
UOwN1AMni3E_06505 180 4 12 103 123
UOwN1AMni3E_06506 180 4 8 102 123
UOwN1AMni3E_06507 120 8 9 11 12 99 123
UOwN1AMni3E_06508 120 4 8 99 123
UOwN1AMni3E_06509 120 1 4 8 100 123
UOwN1AMni3E_06510 150 1 4 12 103 123
UOwN1AMni3E_06511 120 4 12 103 123
UOwN1AMni3E_06512 150 3 4 12 101 123
UOwN1AMni3E_06513 120 4 8 100 123
UOwN1AMni3E_06514 360 4 8 12 102 123
UOwN1AMni3E_06515 120 4 12 103 123
UOwN1AMni3E_06516 150 1 4 12 103 123
UOwN1AMni3E_06517 120 1 4 8 100 123
UOwN1AMni3E_06518 270 4 12 102 123
UOwN1AMni3E_06519 120 4 12 103 123
UOwN1AMni3E_06520 150 1 4 12 103 123
UR3pf89uKSk_04373 120 6 8 59 114
UR3pf89uKSk_04374 90 4 8 59 114
UR3pf89uKSk_04376 150 3 4 8 12 59 114
UR3pf89uKSk_04377 90 6 8 59 114
UR3pf89uKSk_04378 90 4 6 8 12 59 114
UR3pf89uKSk_04379 90 1 4 6 8 59 114
UR3pf89uKSk_04380 90 3 6 8 59 114
UR3pf89uKSk_04381 90 8 12 59 114
UR3pf89uKSk_04382 150 4 8 12 59 114
UR3pf89uKSk_04383 90 1 3 4 8 12 59 114
UR3pf89uKSk_04384 150 1 3 6 8 12 58 114
UR3pf89uKSk_04385 150 2 3 4 8 12 58 114
UR3pf89uKSk_04386 90 8 58 114
UR3pf89uKSk_04387 90 1 4 6 8 12 58 114
UR3pf89uKSk_04388 90 4 6 8 58 114
UR3pf89uKSk_04389 90 8 12 58 114
UR3pf89uKSk_04390 90 4 6 8 58 114
UR3pf89uKSk_04391 90 6 8 12 58 114
UR3pf89uKSk_04392 90 3 4 8 12 58 114
UiDZfWPYgqA_09687 240 1 4 6 8 12 25 106
UiDZfWPYgqA_09688 270 3 4 8 12 25 106
UiDZfWPYgqA_09689 479 3 4 8 12 22 106
UiDZfWPYgqA_09690 300 3 4 6 8 25 106
UiDZfWPYgqA_09691 480 1 3 4 6 8 12 25 106
UiDZfWPYgqA_09692 330 1 3 4 6 8 12 25 106
UiDZfWPYgqA_09693 510 3 4 6 8 12 25 106
UiDZfWPYgqA_09694 389 3 4 6 8 22 106
UiDZfWPYgqA_09695 390 3 4 6 8 12 25 106
UiDZfWPYgqA_09696 329 3 4 6 8 12 22 106
UiDZfWPYgqA_09697 120 1 5 8 12 24 106
UiDZfWPYgqA_09698 480 3 4 8 12 22 106
UiDZfWPYgqA_09699 420 3 4 6 8 12 25 106
UiDZfWPYgqA_09700 389 1 4 6 8 12 25 106
UiDZfWPYgqA_09701 180 1 4 6 8 22 106
UiDZfWPYgqA_09702 389 1 3 4 6 8 12 25 106
UiDZfWPYgqA_09703 390 3 4 6 8 12 22 106
UiDZfWPYgqA_09704 390 3 4 6 8 22 106
UiDZfWPYgqA_09705 569 3 4 6 8 12 22 106
UiDZfWPYgqA_09706 299 1 3 4 6 8 12 22 106
UiDZfWPYgqA_09707 179 2 5 12 24 106
UiDZfWPYgqA_09708 600 1 3 4 6 8 12 22 106
UnNUEvs2Ev0_04687 90 0 4 8 12 59 114
UnNUEvs2Ev0_04688 90 3 4 8 12 58 114
UnNUEvs2Ev0_04689 90 4 8 59 114
UnNUEvs2Ev0_04690 90 4 8 12 58 114
UnNUEvs2Ev0_04691 90 8 58 114
UnNUEvs2Ev0_04692 120 3 4 6 8 12 58 114
UnNUEvs2Ev0_04693 90 6 8 12 58 114
UvGTAJTaCc8_14445 900 4 8 102 123
UvGTAJTaCc8_14446 90 4 8 102 123
UvGTAJTaCc8_14447 420 1 4 8 102 123
UvGTAJTaCc8_14448 900 1 3 4 8 12 102 123
UvGTAJTaCc8_14449 150 3 4 12 102 123
UvGTAJTaCc8_14450 750 4 8 102 123
UvGTAJTaCc8_14451 900 4 8 102 123
UvGTAJTaCc8_14452 90 4 8 102 123
UvGTAJTaCc8_14453 300 4 8 102 123
UvGTAJTaCc8_14454 600 4 8 102 123
V0qvpfLHlYQ_11864 270 3 12 73 116
V0qvpfLHlYQ_11865 540 1 2 3 10 69 116
V0qvpfLHlYQ_11866 570 1 3 71 116
V6zryl9EKqQ_13502 840 4 12 86 119
V6zryl9EKqQ_13503 120 3 83 119
V6zryl9EKqQ_13504 450 1 3 4 12 83 119
V6zryl9EKqQ_13505 360 1 3 4 12 83 119
V6zryl9EKqQ_13506 360 1 3 4 85 119
V6zryl9EKqQ_13507 720 3 4 83 119
V6zryl9EKqQ_13508 480 1 4 85 119
V6zryl9EKqQ_13509 270 1 3 4 12 83 119
V6zryl9EKqQ_13510 330 1 3 4 83 119
V6zryl9EKqQ_13511 180 1 3 4 83 119
V6zryl9EKqQ_13512 450 1 3 4 85 119
V6zryl9EKqQ_13513 540 1 3 4 83 119
V6zryl9EKqQ_13514 420 1 3 4 12 86 119
V6zryl9EKqQ_13515 900 1 3 4 12 83 119
V6zryl9EKqQ_13516 480 1 3 4 83 119
V6zryl9EKqQ_13517 300 1 3 4 12 86 119
V6zryl9EKqQ_13518 420 1 3 4 85 119
V6zryl9EKqQ_13519 270 1 3 4 83 119
V6zryl9EKqQ_13520 270 1 3 4 12 86 119
V8nSpAiKWKo_05278 120 3 4 8 12 95 122
V8nSpAiKWKo_05279 120 1 4 8 12 95 122
V8nSpAiKWKo_05280 119 6 8 95 122
VBlKd14589c_11788 90 48 111
VBlKd14589c_11789 90 12 47 111
VBlKd14589c_11790 180 1 3 48 111
VBlKd14589c_11791 90 1 3 46 111
VBlKd14589c_11792 90 3 12 47 111
VCtch3DzLRs_04930 210 3 5 13 104
VCtch3DzLRs_04931 120 3 5 13 104
VCtch3DzLRs_04932 90 3 5 12 13 104
VCtch3DzLRs_04933 90 12 15 104
VCtch3DzLRs_04934 90 3 14 104
VKyMQEaEcsM_04967 300 3 4 5 12 13 104
VKyMQEaEcsM_04968 120 3 15 104
VRzpQ4wlu7Y_14124 90 3 4 12 100 123
VRzpQ4wlu7Y_14125 90 1 3 4 8 100 123
VRzpQ4wlu7Y_14126 90 1 4 8 100 123
VRzpQ4wlu7Y_14127 90 4 8 100 123
VRzpQ4wlu7Y_14128 90 1 3 4 8 12 100 123
VRzpQ4wlu7Y_14129 90 4 6 8 100 123
VRzpQ4wlu7Y_14130 90 1 4 8 100 123
VRzpQ4wlu7Y_14131 90 4 8 100 123
VRzpQ4wlu7Y_14132 90 4 12 100 123
VRzpQ4wlu7Y_14133 90 4 8 100 123
VVmPQG5u_3M_10310 390 1 3 4 54 113
VVmPQG5u_3M_10311 179 1 3 4 54 113
VVmPQG5u_3M_10312 479 1 3 4 56 113
VVmPQG5u_3M_10313 899 3 12 54 113
VVmPQG5u_3M_10314 389 1 3 56 113
VVmPQG5u_3M_10315 329 3 56 113
VVmPQG5u_3M_10316 630 1 3 12 54 113
VVmPQG5u_3M_10317 239 3 54 113
VVmPQG5u_3M_10318 89 3 56 113
VVmPQG5u_3M_10319 150 3 54 113
VVmPQG5u_3M_10320 180 3 54 113
VVmPQG5u_3M_10321 900 1 3 12 54 113
VVmPQG5u_3M_10322 120 1 3 4 54 113
VVmPQG5u_3M_10323 360 3 56 113
VVmPQG5u_3M_10324 419 1 3 54 113
VVmPQG5u_3M_10325 179 1 3 12 57 113
VVmPQG5u_3M_10326 150 3 57 113
VVmPQG5u_3M_10327 150 1 3 57 113
VVmPQG5u_3M_10328 270 3 12 57 113
VVmPQG5u_3M_10329 89 0 1 3 4 12 57 113
VVmPQG5u_3M_10330 569 0 1 3 4 12 57 113
VVmPQG5u_3M_10331 899 1 3 4 12 57 113
VVmPQG5u_3M_10332 119 1 3 4 57 113
V_1cchOYMFw_02140 90 1 4 8 22 106
V_1cchOYMFw_02141 120 3 4 6 8 12 22 106
V_1cchOYMFw_02142 150 3 4 6 8 25 106
V_1cchOYMFw_02143 90 1 4 8 12 25 106
V_1cchOYMFw_02144 570 3 4 8 12 25 106
V_1cchOYMFw_02145 120 4 8 25 106
V_1cchOYMFw_02146 150 2 3 4 8 12 22 106
V_1cchOYMFw_02147 90 4 8 25 106
V_1cchOYMFw_02148 90 3 4 8 12 22 106
V_1cchOYMFw_02149 150 3 4 6 8 12 22 106
V_1cchOYMFw_02150 120 4 8 12 22 106
V_1cchOYMFw_02151 90 1 4 6 8 12 22 106
V_1cchOYMFw_02152 90 3 4 8 12 22 106
V_1cchOYMFw_02153 90 3 4 8 12 22 106
V_1cchOYMFw_02154 90 8 25 106
V_1cchOYMFw_02155 120 4 8 12 25 106
V_1cchOYMFw_02156 120 3 4 8 25 106
V_1cchOYMFw_02157 150 3 4 12 25 106
V_1cchOYMFw_02158 90 1 3 4 6 8 12 25 106
V_1cchOYMFw_02159 120 3 4 6 8 12 22 106
V_PR9LUFJrc_11028 450 3 4 68 115
V_PR9LUFJrc_11029 270 3 4 68 115
V_S_VuS3194_04200 180 1 3 4 74 117
V_S_VuS3194_04201 120 1 3 74 117
Va6sIpGKQWw_04195 90 1 3 4 74 117
Va6sIpGKQWw_04196 90 1 3 4 74 117
Va6sIpGKQWw_04197 90 1 4 74 117
VdqWDENVu04_10760 90 1 3 12 53 112
VdqWDENVu04_10761 90 3 12 53 112
VdqWDENVu04_10762 90 3 50 112
VdqWDENVu04_10763 90 3 52 112
VdqWDENVu04_10764 150 1 3 12 52 112
VdqWDENVu04_10765 90 1 3 12 52 112
VfcTZOxjFsM_06628 120 12 81 118
VfcTZOxjFsM_06629 180 1 12 82 118
VnwLH_B3Pq0_04879 120 1 3 14 104
VnwLH_B3Pq0_04880 90 12 13 104
VnwLH_B3Pq0_04881 90 1 3 14 104
VnwLH_B3Pq0_04882 150 3 14 104
VnwLH_B3Pq0_04883 90 3 14 104
VnwLH_B3Pq0_04884 150 1 3 14 104
VnwLH_B3Pq0_04885 90 3 14 104
VnwLH_B3Pq0_04886 90 3 13 104
VnwLH_B3Pq0_04887 120 1 3 4 5 13 104
VnwLH_B3Pq0_04888 270 1 3 4 5 13 104
VnwLH_B3Pq0_04889 90 3 4 5 12 13 104
Vsj6r7ds31o_06020 150 4 6 8 25 106
Vsj6r7ds31o_06021 120 1 3 4 6 8 12 22 106
Vsj6r7ds31o_06022 180 3 4 6 8 12 25 106
Vsj6r7ds31o_06023 210 3 4 6 8 25 106
Vsj6r7ds31o_06024 120 4 6 8 12 25 106
Vsj6r7ds31o_06025 150 1 3 4 6 8 12 22 106
Vsj6r7ds31o_06026 120 4 6 8 12 25 106
Vsj6r7ds31o_06027 150 3 4 8 12 25 106
Vsj6r7ds31o_06028 150 3 4 6 8 12 25 106
Vsj6r7ds31o_06029 120 4 6 8 12 22 106
Vsj6r7ds31o_06030 180 4 6 8 12 25 106
Vsj6r7ds31o_06031 150 3 6 12 22 106
Vsj6r7ds31o_06032 210 1 3 4 6 8 22 106
Vsj6r7ds31o_06033 120 4 8 22 106
Vsj6r7ds31o_06034 210 3 4 6 8 12 25 106
Vsj6r7ds31o_06035 150 1 4 6 8 12 22 106
Vsj6r7ds31o_06036 210 3 4 6 8 12 22 106
Vsj6r7ds31o_06037 120 3 4 6 8 12 22 106
Vvi0txnCRnQ_00442 120 1 3 51 112
Vvi0txnCRnQ_00443 120 3 12 51 112
W1kIpdTQ08M_12187 420 1 2 3 4 7 69 116
W1kIpdTQ08M_12188 180 2 3 4 10 72 116
W3KlfiUHgd8_00446 180 3 4 8 12 95 122
W3KlfiUHgd8_00447 150 3 4 8 95 122
W3KlfiUHgd8_00448 150 1 4 8 95 122
W3KlfiUHgd8_00449 330 3 4 8 12 95 122
W3KlfiUHgd8_00450 720 4 8 96 122
W3KlfiUHgd8_00451 150 4 8 95 122
W3KlfiUHgd8_00452 210 4 8 12 95 122
W3KlfiUHgd8_00453 270 3 4 8 95 122
W3KlfiUHgd8_00454 270 1 2 4 8 95 122
W3KlfiUHgd8_00455 150 1 2 3 4 8 12 98 122
W3KlfiUHgd8_00456 180 4 6 8 95 122
W3KlfiUHgd8_00457 120 4 6 8 95 122
W3KlfiUHgd8_00458 150 4 8 96 122
W3KlfiUHgd8_00459 120 4 8 97 122
W3KlfiUHgd8_00460 150 4 8 97 122
W3KlfiUHgd8_00461 660 8 96 122
W3KlfiUHgd8_00462 120 1 4 8 96 122
W3KlfiUHgd8_00463 120 1 3 4 8 12 96 122
W3KlfiUHgd8_00464 120 4 8 12 97 122
W5xQpZBVMJw_14615 270 4 12 102 123
W5xQpZBVMJw_14616 90 3 4 12 100 123
W5xQpZBVMJw_14617 90 1 4 8 102 123
W5xQpZBVMJw_14618 90 1 4 8 103 123
W5xQpZBVMJw_14619 90 4 8 102 123
W5xQpZBVMJw_14620 90 4 100 123
W5xQpZBVMJw_14621 90 1 4 8 100 123
W5xQpZBVMJw_14622 120 4 8 102 123
W5xQpZBVMJw_14623 90 4 8 102 123
W5xQpZBVMJw_14624 90 4 12 100 123
W5xQpZBVMJw_14625 90 1 3 4 8 12 100 123
W5xQpZBVMJw_14626 90 1 4 8 102 123
W5xQpZBVMJw_14627 120 4 12 102 123
W5xQpZBVMJw_14628 120 1 4 8 102 123
W5xQpZBVMJw_14629 120 3 4 8 102 123
W5xQpZBVMJw_14630 150 1 4 8 102 123
W5xQpZBVMJw_14631 90 1 4 8 103 123
W5xQpZBVMJw_14632 90 1 4 8 12 100 123
W5xQpZBVMJw_14633 90 1 4 8 103 123
W5xQpZBVMJw_14634 90 1 4 8 103 123
W5xQpZBVMJw_14635 90 1 4 8 100 123
W5xQpZBVMJw_14636 90 4 8 99 123
W5xQpZBVMJw_14637 90 4 8 103 123
W5xQpZBVMJw_14638 90 1 4 8 103 123
W5xQpZBVMJw_14639 90 4 8 12 103 123
W5xQpZBVMJw_14640 90 1 4 8 103 123
W5xQpZBVMJw_14641 90 4 8 103 123
W5xQpZBVMJw_14642 90 1 4 8 103 123
W5xQpZBVMJw_14643 90 1 4 8 12 100 123
W5xQpZBVMJw_14644 90 3 4 12 100 123
W5xQpZBVMJw_14645 90 1 4 8 12 100 123
W5xQpZBVMJw_14646 90 1 4 8 99 123
W5xQpZBVMJw_14647 90 4 8 99 123
W76yK-g2ql0_15577 330 1 2 4 12 35 109
W76yK-g2ql0_15578 120 0 1 2 3 4 35 109
W76yK-g2ql0_15580 270 2 3 4 8 35 109
W76yK-g2ql0_15581 330 1 2 4 8 35 109
W76yK-g2ql0_15582 390 0 2 3 4 8 12 35 109
W76yK-g2ql0_15583 90 1 4 7 8 37 109
W76yK-g2ql0_15584 90 1 2 3 4 10 12 35 109
W76yK-g2ql0_15585 90 0 1 3 4 12 37 109
W76yK-g2ql0_15586 300 1 2 3 4 8 10 12 35 109
W76yK-g2ql0_15587 300 1 2 4 35 109
W76yK-g2ql0_15588 240 0 1 4 35 109
W76yK-g2ql0_15589 300 4 12 35 109
W76yK-g2ql0_15590 90 1 2 3 4 12 37 109
W76yK-g2ql0_15591 330 3 4 35 109
W7yfu42ceqY_06349 480 3 12 65 115
W7yfu42ceqY_06350 210 3 65 115
W7yfu42ceqY_06351 330 3 66 115
W7yfu42ceqY_06352 330 66 115
W7yfu42ceqY_06353 180 3 66 115
W7yfu42ceqY_06354 360 3 66 115
W7yfu42ceqY_06355 360 3 66 115
W7yfu42ceqY_06356 180 3 66 115
W7yfu42ceqY_06357 120 66 115
W7yfu42ceqY_06358 570 3 12 66 115
W7yfu42ceqY_06359 120 3 66 115
W7yfu42ceqY_06360 180 3 66 115
W8F97byUUvE_00242 120 3 12 50 112
W8F97byUUvE_00243 120 1 3 4 51 112
W8F97byUUvE_00244 210 3 50 112
W8F97byUUvE_00245 270 1 3 51 112
W8F97byUUvE_00246 360 3 12 50 112
W8F97byUUvE_00247 150 3 51 112
WA63Zsa_eiE_00698 90 1 17 105
WA63Zsa_eiE_00699 90 18 105
WA63Zsa_eiE_00700 419 1 4 17 105
WA63Zsa_eiE_00701 570 1 3 4 17 105
WA63Zsa_eiE_00702 240 1 3 4 17 105
WA63Zsa_eiE_00703 240 4 18 105
WA63Zsa_eiE_00704 419 3 4 18 105
WA63Zsa_eiE_00705 389 1 4 17 105
WA63Zsa_eiE_00706 540 0 1 3 4 17 105
WA63Zsa_eiE_00707 899 1 4 18 105
WA63Zsa_eiE_00708 539 3 4 18 105
WA63Zsa_eiE_00709 240 1 17 105
WA63Zsa_eiE_00710 479 3 21 105
WChj2iVnrRk_03071 90 4 8 12 100 123
WChj2iVnrRk_03072 90 1 3 4 8 100 123
WChj2iVnrRk_03073 120 4 8 102 123
WChj2iVnrRk_03074 90 4 8 103 123
WChj2iVnrRk_03075 120 4 8 102 123
WChj2iVnrRk_03076 90 3 4 8 102 123
WChj2iVnrRk_03077 90 3 8 12 100 123
WChj2iVnrRk_03078 90 1 4 8 102 123
WChj2iVnrRk_03079 90 1 4 8 100 123
WChj2iVnrRk_03080 510 4 8 102 123
WChj2iVnrRk_03081 90 1 4 12 103 123
WChj2iVnrRk_03082 90 1 3 4 8 12 101 123
WChj2iVnrRk_03083 90 4 8 102 123
WChj2iVnrRk_03084 180 1 3 4 12 103 123
WChj2iVnrRk_03085 90 1 4 8 100 123
WChj2iVnrRk_03086 90 4 8 102 123
WChj2iVnrRk_03087 690 4 8 103 123
WChj2iVnrRk_03088 90 4 8 100 123
WChj2iVnrRk_03089 90 4 8 102 123
WChj2iVnrRk_03090 540 3 4 8 102 123
WChj2iVnrRk_03091 90 1 4 12 103 123
WChj2iVnrRk_03092 90 4 8 100 123
WChj2iVnrRk_03093 330 1 4 8 102 123
WChj2iVnrRk_03094 90 4 12 103 123
WChj2iVnrRk_03095 90 1 3 4 8 12 100 123
WChj2iVnrRk_03096 120 4 8 103 123
WChj2iVnrRk_03097 90 3 4 12 100 123
WChj2iVnrRk_03098 390 1 3 4 6 12 103 123
WChj2iVnrRk_03099 90 1 4 8 100 123
WChj2iVnrRk_03100 720 1 3 4 12 103 123
WChj2iVnrRk_03101 90 3 4 12 101 123
WChj2iVnrRk_03102 690 1 4 12 103 123
WDU7zLAd2-U_05148 510 1 3 4 5 8 12 13 104
WDU7zLAd2-U_05149 90 1 3 12 15 104
WIaWTESJjrg_07611 90 1 4 8 96 122
WIaWTESJjrg_07612 150 3 4 8 96 122
WIaWTESJjrg_07613 180 3 4 8 12 95 122
WIaWTESJjrg_07614 210 4 6 8 95 122
WIaWTESJjrg_07615 300 3 4 6 8 12 95 122
WIaWTESJjrg_07616 210 8 95 122
WIaWTESJjrg_07617 210 1 3 4 6 8 95 122
WIaWTESJjrg_07618 300 3 6 8 12 95 122
WIaWTESJjrg_07619 210 3 8 95 122
WIaWTESJjrg_07620 150 2 3 4 8 12 95 122
WIaWTESJjrg_07621 150 4 6 8 95 122
WIaWTESJjrg_07622 120 0 4 8 12 95 122
WMQQUsNvqPE_06591 150 1 12 81 118
WMQQUsNvqPE_06592 120 1 12 81 118
WNY35Nfie5Y_09856 90 3 4 54 113
WNY35Nfie5Y_09857 420 3 12 54 113
WNY35Nfie5Y_09858 750 1 3 4 12 54 113
WNY35Nfie5Y_09859 900 3 4 12 54 113
WNY35Nfie5Y_09860 90 3 54 113
WNY35Nfie5Y_09861 570 3 4 12 54 113
WNY35Nfie5Y_09862 570 3 4 12 54 113
WNY35Nfie5Y_09863 210 1 3 4 12 54 113
WNY35Nfie5Y_09864 180 1 4 12 54 113
WNY35Nfie5Y_09865 840 3 4 12 56 113
WNY35Nfie5Y_09866 360 3 12 56 113
WNY35Nfie5Y_09867 420 3 56 113
WefZiurJ6vc_12009 750 1 2 3 11 69 116
WefZiurJ6vc_12010 240 1 3 70 116
WefZiurJ6vc_12011 270 1 3 71 116
Wg_Ql89fWy4_05058 150 1 3 5 13 104
Wg_Ql89fWy4_05059 660 3 4 5 12 13 104
Wg_Ql89fWy4_05060 90 3 5 12 15 104
Wg_Ql89fWy4_05061 90 3 5 12 14 104
Wg_Ql89fWy4_05062 630 3 4 5 14 104
Wg_Ql89fWy4_05063 480 1 3 14 104
Wg_Ql89fWy4_05064 240 3 5 14 104
Wg_Ql89fWy4_05065 660 3 14 104
Wg_Ql89fWy4_05066 360 3 14 104
Wg_Ql89fWy4_05067 900 1 3 5 12 14 104
Wg_Ql89fWy4_05068 300 3 12 14 104
Wg_Ql89fWy4_05069 510 3 5 14 104
WiLkrw6-5js_05464 900 1 3 12 50 112
WiLkrw6-5js_05465 390 1 3 12 50 112
WiLkrw6-5js_05466 150 1 3 12 53 112
WiLkrw6-5js_05467 90 3 51 112
WibnP1pWqBs_10848 210 1 3 12 50 112
WlKVTC9kZ6o_06327 120 75 117
WlKVTC9kZ6o_06328 180 1 74 117
WlKVTC9kZ6o_06329 120 76 117
WlWBNc8qL04_00066 300 1 4 12 33 108
WlWBNc8qL04_00067 120 4 12 33 108
WlWBNc8qL04_00068 630 1 4 8 12 33 108
WlWBNc8qL04_00069 150 8 33 108
WlWBNc8qL04_00070 270 4 12 33 108
WwBCJgVlaUA_13303 90 1 86 119
WwBCJgVlaUA_13304 329 1 85 119
WwBCJgVlaUA_13305 120 1 83 119
WwBCJgVlaUA_13306 390 1 83 119
WwBCJgVlaUA_13307 300 1 85 119
WwBCJgVlaUA_13308 240 1 86 119
WwBCJgVlaUA_13309 119 1 4 86 119
WwBCJgVlaUA_13310 660 1 4 83 119
WwBCJgVlaUA_13311 120 1 4 83 119
WwBCJgVlaUA_13312 329 1 83 119
WwBCJgVlaUA_13313 120 1 85 119
WwBCJgVlaUA_13314 210 85 119
WwBCJgVlaUA_13315 329 1 83 119
WwBCJgVlaUA_13316 149 1 83 119
WwBCJgVlaUA_13317 360 4 85 119
WwBCJgVlaUA_13318 179 1 86 119
WwBCJgVlaUA_13319 120 1 3 4 12 83 119
X-k36cUhNVQ_15944 90 3 12 37 109
X-k36cUhNVQ_15945 120 3 36 109
X-k36cUhNVQ_15946 210 1 3 4 12 35 109
X-k36cUhNVQ_15947 210 1 3 4 12 35 109
X-k36cUhNVQ_15948 180 0 1 3 4 8 35 109
X-k36cUhNVQ_15949 90 0 1 3 4 12 35 109
X-k36cUhNVQ_15950 360 0 1 3 4 8 12 35 109
X-k36cUhNVQ_15951 180 1 3 4 12 35 109
X-k36cUhNVQ_15952 180 1 3 4 12 35 109
X-k36cUhNVQ_15953 540 1 3 4 12 35 109
X-k36cUhNVQ_15954 90 3 4 12 37 109
X-k36cUhNVQ_15955 900 0 1 3 4 8 12 35 109
X-k36cUhNVQ_15956 210 0 1 3 4 12 35 109
X4XxCmZAfIA_00723 150 1 4 12 34 108
X4XxCmZAfIA_00724 150 3 4 12 34 108
X4XxCmZAfIA_00725 150 3 4 34 108
XDdgPY3f_0c_00020 150 1 2 32 108
XDdgPY3f_0c_00021 360 3 4 12 33 108
XDdgPY3f_0c_00022 120 1 4 12 33 108
XDdgPY3f_0c_00023 270 4 12 33 108
XDdgPY3f_0c_00024 150 4 8 31 108
XDdgPY3f_0c_00025 360 4 12 33 108
XDdgPY3f_0c_00026 270 12 33 108
XDdgPY3f_0c_00028 120 1 4 12 31 108
XDdgPY3f_0c_00029 120 1 4 12 31 108
XDdgPY3f_0c_00030 210 4 8 31 108
XDdgPY3f_0c_00031 180 12 31 108
XHKVltT6TIs_14442 210 4 12 102 123
XHKVltT6TIs_14443 90 1 4 12 102 123
XHKVltT6TIs_14444 90 1 4 8 12 102 123
XQXLt-zH3dw_08338 690 1 3 65 115
XQXLt-zH3dw_08339 270 1 3 64 115
XQXLt-zH3dw_08340 390 1 3 61 115
XQXLt-zH3dw_08341 150 3 64 115
XQXLt-zH3dw_08342 90 3 61 115
XQXLt-zH3dw_08343 210 3 64 115
XQXLt-zH3dw_08344 270 1 3 61 115
XQXLt-zH3dw_08345 120 3 61 115
XQXLt-zH3dw_08346 120 3 61 115
XQXLt-zH3dw_08347 210 3 61 115
XQXLt-zH3dw_08348 120 3 64 115
XQXLt-zH3dw_08349 180 3 61 115
XQXLt-zH3dw_08350 420 3 61 115
XQXLt-zH3dw_08351 120 3 64 115
XQXLt-zH3dw_08352 120 3 61 115
XQXLt-zH3dw_08353 90 3 61 115
XQXLt-zH3dw_08354 90 3 64 115
XQXLt-zH3dw_08355 90 3 64 115
XVClORjb4io_14648 900 1 4 8 12 102 123
XVClORjb4io_14649 90 1 4 8 100 123
XVClORjb4io_14650 120 1 3 4 8 12 102 123
XVClORjb4io_14651 90 4 8 100 123
XVClORjb4io_14652 120 1 4 8 102 123
XVClORjb4io_14653 90 1 4 12 103 123
XVClORjb4io_14654 90 4 6 8 12 102 123
XVClORjb4io_14655 90 1 4 8 12 103 123
XVClORjb4io_14656 90 3 4 8 100 123
XVClORjb4io_14657 180 4 8 102 123
XVClORjb4io_14658 90 1 4 8 103 123
XVClORjb4io_14659 180 12 101 123
XVClORjb4io_14660 180 1 4 8 102 123
XVClORjb4io_14661 90 4 8 100 123
XVClORjb4io_14662 120 1 4 8 102 123
XVClORjb4io_14663 90 1 4 8 100 123
XVClORjb4io_14664 900 4 8 102 123
XVClORjb4io_14665 360 4 8 12 102 123
XVClORjb4io_14666 90 4 8 99 123
XVClORjb4io_14667 90 1 4 8 100 123
XVClORjb4io_14668 120 4 8 102 123
XVClORjb4io_14669 90 4 6 8 12 103 123
XVClORjb4io_14670 90 1 4 8 100 123
XVClORjb4io_14671 90 1 4 8 103 123
XVClORjb4io_14672 90 4 12 100 123
XVClORjb4io_14673 90 4 8 103 123
XVClORjb4io_14674 90 1 4 8 103 123
XVClORjb4io_14675 90 4 8 12 103 123
XVClORjb4io_14676 240 1 4 12 101 123
X_66SqLWwpk_09774 780 4 8 102 123
X_66SqLWwpk_09775 90 1 3 4 8 100 123
X_66SqLWwpk_09776 540 1 4 8 102 123
X_66SqLWwpk_09777 90 1 4 8 100 123
X_66SqLWwpk_09778 90 4 12 102 123
X_66SqLWwpk_09779 90 4 8 100 123
X_66SqLWwpk_09780 120 1 4 8 102 123
X_66SqLWwpk_09781 390 4 8 99 123
X_66SqLWwpk_09782 90 3 4 8 100 123
X_66SqLWwpk_09783 90 4 8 102 123
X_66SqLWwpk_09784 90 1 4 8 100 123
X_66SqLWwpk_09785 420 4 12 102 123
X_66SqLWwpk_09786 90 1 4 8 102 123
X_66SqLWwpk_09787 90 4 12 100 123
X_66SqLWwpk_09788 180 4 8 12 99 123
X_66SqLWwpk_09789 90 4 8 100 123
X_66SqLWwpk_09790 210 4 12 102 123
X_66SqLWwpk_09791 90 4 12 102 123
X_66SqLWwpk_09792 90 1 3 4 12 100 123
X_66SqLWwpk_09793 450 1 2 3 4 6 8 102 123
X_66SqLWwpk_09794 90 4 12 100 123
X_66SqLWwpk_09795 90 1 4 8 100 123
X_66SqLWwpk_09796 900 1 4 8 99 123
X_66SqLWwpk_09797 180 12 101 123
X_66SqLWwpk_09798 120 1 4 12 99 123
X_66SqLWwpk_09799 780 4 12 99 123
X_66SqLWwpk_09800 180 3 4 8 12 101 123
XlU4caXe_40_07373 90 4 6 8 95 122
XlU4caXe_40_07374 180 2 8 98 122
XlU4caXe_40_07375 150 3 4 8 12 95 122
XlU4caXe_40_07376 150 1 3 4 8 12 96 122
XlU4caXe_40_07377 90 1 3 4 6 8 95 122
XlU4caXe_40_07378 120 3 4 8 12 95 122
XlU4caXe_40_07379 90 4 8 12 98 122
XlU4caXe_40_07380 90 3 6 8 95 122
XlU4caXe_40_07381 120 3 4 6 95 122
XlU4caXe_40_07382 90 1 4 6 8 12 95 122
XlU4caXe_40_07383 90 3 4 8 12 95 122
XlU4caXe_40_07384 90 3 4 8 12 96 122
XlU4caXe_40_07385 90 0 4 6 8 12 95 122
XlU4caXe_40_07386 180 3 8 95 122
XlU4caXe_40_07387 90 3 4 8 12 98 122
XlU4caXe_40_07388 180 2 4 6 8 12 98 122
XlU4caXe_40_07389 90 8 96 122
XlU4caXe_40_07390 150 12 98 122
XlU4caXe_40_07391 120 4 8 12 98 122
Xp1EV1GGPHs_02160 150 3 6 8 25 106
Xp1EV1GGPHs_02161 90 8 12 24 106
Xp1EV1GGPHs_02162 180 3 4 8 12 25 106
Xp1EV1GGPHs_02163 150 3 4 6 8 12 25 106
Xp1EV1GGPHs_02164 120 3 4 6 12 25 106
Xp1EV1GGPHs_02165 180 3 4 8 12 25 106
Xp1EV1GGPHs_02166 300 1 4 8 22 106
Xp1EV1GGPHs_02167 180 3 4 6 8 12 25 106
Xp1EV1GGPHs_02168 180 3 4 6 8 25 106
Xp1EV1GGPHs_02169 90 2 3 8 12 24 106
Xp1EV1GGPHs_02170 180 3 4 6 8 25 106
Xp1EV1GGPHs_02171 210 8 25 106
Xp1EV1GGPHs_02172 90 3 8 12 24 106
Xp1EV1GGPHs_02173 150 3 4 8 12 25 106
Xp1EV1GGPHs_02174 90 1 3 8 12 24 106
Xp1EV1GGPHs_02175 90 3 4 8 12 24 106
Xp1EV1GGPHs_02176 180 3 4 8 12 22 106
Xp1EV1GGPHs_02177 180 3 4 6 8 22 106
Xp1EV1GGPHs_02178 90 1 3 4 6 8 12 23 106
Xp1EV1GGPHs_02179 270 3 5 8 12 24 106
XxMl26rmUaA_12066 360 1 4 69 116
XxMl26rmUaA_12067 390 4 71 116
Y5qLmrvj9N0_00126 900 1 3 94 121
Y5qLmrvj9N0_00127 269 1 3 4 94 121
Y5qLmrvj9N0_00128 329 1 3 4 94 121
Y5qLmrvj9N0_00129 420 1 3 94 121
Y5qLmrvj9N0_00130 90 3 94 121
Y5qLmrvj9N0_00132 299 1 3 4 94 121
Y5qLmrvj9N0_00133 600 1 3 4 12 94 121
Y5qLmrvj9N0_00135 900 1 3 4 12 94 121
Y5qLmrvj9N0_00136 900 1 3 4 93 121
Y5qLmrvj9N0_00137 900 1 3 93 121
Y5qLmrvj9N0_00138 900 3 93 121
Y5qLmrvj9N0_00139 900 3 93 121
Y5qLmrvj9N0_00141 900 1 3 4 93 121
Y5qLmrvj9N0_00142 900 1 3 4 93 121
Y5qLmrvj9N0_00143 900 1 3 4 93 121
YHGD308Ksh0_09135 390 67 115
YHGD308Ksh0_09136 329 66 115
YHGD308Ksh0_09137 270 3 66 115
YHGD308Ksh0_09138 719 3 12 67 115
YHGD308Ksh0_09139 599 3 63 115
YHGD308Ksh0_09140 870 3 67 115
YHGD308Ksh0_09141 419 3 63 115
YHGD308Ksh0_09142 600 67 115
YHGD308Ksh0_09143 329 3 63 115
YHGD308Ksh0_09144 330 3 67 115
YHGD308Ksh0_09145 899 3 65 115
YHGD308Ksh0_09146 869 3 65 115
YHGD308Ksh0_09147 389 3 65 115
YHGD308Ksh0_09148 390 3 12 65 115
YHGD308Ksh0_09149 900 3 66 115
YHGD308Ksh0_09150 120 66 115
YHGD308Ksh0_09151 719 66 115
YHGD308Ksh0_09152 239 66 115
YHg-sh1t1rY_03567 120 3 12 91 121
YHg-sh1t1rY_03568 150 3 94 121
YIxhfyuoxxs_15719 90 1 3 12 37 109
YIxhfyuoxxs_15720 420 1 3 4 8 12 35 109
YIxhfyuoxxs_15721 300 1 3 4 8 35 109
YIxhfyuoxxs_15722 89 3 4 12 37 109
YIxhfyuoxxs_15723 360 1 4 12 35 109
YIxhfyuoxxs_15724 419 0 1 3 4 9 11 12 35 109
YIxhfyuoxxs_15725 89 36 109
YIxhfyuoxxs_15726 89 3 4 12 37 109
YIxhfyuoxxs_15727 120 1 3 4 12 35 109
YIxhfyuoxxs_15728 270 0 1 3 4 8 12 35 109
YIxhfyuoxxs_15729 90 3 12 37 109
YIxhfyuoxxs_15730 179 0 3 4 8 12 35 109
YIxhfyuoxxs_15731 270 0 1 2 4 8 12 35 109
YIxhfyuoxxs_15732 300 1 2 3 4 10 12 35 109
YOPDHRqi3Uo_05203 210 3 14 104
YOPDHRqi3Uo_05204 180 3 14 104
YOPDHRqi3Uo_05205 120 3 14 104
YUytvAg_hE4_05168 120 1 3 12 15 104
Yg2oElKPCas_01708 120 3 4 6 8 12 22 106
Yg2oElKPCas_01709 120 3 4 8 12 22 106
Yg2oElKPCas_01710 150 1 3 4 8 12 25 106
Yg2oElKPCas_01711 240 3 4 8 12 25 106
Yg2oElKPCas_01712 240 3 4 6 8 12 25 106
Yg2oElKPCas_01713 150 1 3 4 12 23 106
Yg2oElKPCas_01714 120 1 3 4 8 12 23 106
Yg2oElKPCas_01715 120 4 8 12 22 106
Yg2oElKPCas_01716 120 3 4 6 8 12 25 106
Yg2oElKPCas_01717 120 3 4 6 8 12 25 106
Yg2oElKPCas_01718 150 3 4 6 8 12 22 106
Yg2oElKPCas_01719 120 3 4 6 8 12 22 106
Yg2oElKPCas_01720 150 3 4 6 8 12 25 106
Yg2oElKPCas_01721 90 4 8 12 22 106
Yg2oElKPCas_01722 90 4 6 8 12 22 106
Yg2oElKPCas_01723 90 4 12 24 106
Yg2oElKPCas_01724 90 3 4 6 8 12 25 106
Yg2oElKPCas_01725 90 3 4 12 25 106
Yg2oElKPCas_01726 150 3 4 6 8 12 25 106
Yg2oElKPCas_01727 90 4 6 8 12 22 106
Yg2oElKPCas_01728 180 4 8 22 106
Yg2oElKPCas_01729 90 1 3 4 12 23 106
Yg2oElKPCas_01730 120 3 8 12 23 106
Yg2oElKPCas_01731 210 1 3 4 8 12 24 106
Yg2oElKPCas_01732 180 4 6 8 12 25 106
Yg2oElKPCas_01733 90 3 4 8 12 22 106
Yg2oElKPCas_01734 420 1 3 4 5 12 24 106
Yg2oElKPCas_01735 150 3 4 8 12 24 106
Yg2oElKPCas_01736 90 12 24 106
YhhmCzmg-BQ_05403 120 4 8 95 122
YhhmCzmg-BQ_05404 120 3 4 6 8 12 98 122
YhhmCzmg-BQ_05405 150 1 3 8 12 95 122
YhhmCzmg-BQ_05406 210 1 3 4 6 8 12 95 122
YhhmCzmg-BQ_05407 120 3 4 6 8 12 95 122
YhhmCzmg-BQ_05408 180 3 4 8 95 122
YhhmCzmg-BQ_05409 120 4 8 95 122
YlflNGhP9s8_07892 240 1 3 12 40 110
YlflNGhP9s8_07893 210 1 3 40 110
YlvE2UZ7ohM_10006 120 3 4 54 113
YlvE2UZ7ohM_10007 90 12 54 113
YlvE2UZ7ohM_10008 120 0 1 3 4 12 54 113
YlvE2UZ7ohM_10009 390 1 3 4 12 54 113
YlvE2UZ7ohM_10010 90 3 57 113
YlvE2UZ7ohM_10011 90 1 2 3 4 12 54 113
YlvE2UZ7ohM_10012 240 1 2 4 54 113
YuByajKtY30_08367 690 12 66 115
YuByajKtY30_08368 360 1 3 12 62 115
YuByajKtY30_08369 419 1 3 66 115
YuByajKtY30_08370 329 1 3 12 65 115
YuByajKtY30_08371 120 64 115
YuByajKtY30_08372 120 1 3 61 115
YuByajKtY30_08373 89 3 61 115
YuByajKtY30_08374 479 1 3 12 66 115
YuByajKtY30_08375 150 1 3 66 115
YuByajKtY30_08376 89 12 66 115
YuByajKtY30_08377 629 3 66 115
YuByajKtY30_08378 179 66 115
YuByajKtY30_08379 539 1 3 66 115
YuByajKtY30_08380 269 1 3 66 115
YuByajKtY30_08381 810 1 3 4 66 115
YzwxzJcGWmI_05345 270 1 8 12 31 108
YzwxzJcGWmI_05346 270 1 12 31 108
Z2fve5HdRwg_10372 150 3 8 12 54 113
Z2fve5HdRwg_10373 180 0 1 4 54 113
Z2fve5HdRwg_10374 90 3 4 12 54 113
Z2fve5HdRwg_10375 120 12 54 113
Z2fve5HdRwg_10376 450 54 113
Z2fve5HdRwg_10377 210 1 4 8 54 113
Z2fve5HdRwg_10378 270 1 3 4 54 113
Z2fve5HdRwg_10379 150 1 4 12 54 113
Z7Yp_TOt43s_05650 150 1 4 12 31 108
Z7Yp_TOt43s_05651 180 1 12 31 108
Z7Yp_TOt43s_05652 360 1 4 12 31 108
Z7Yp_TOt43s_05653 270 1 12 31 108
Z9tJBluH1Zw_02842 900 1 3 4 12 19 105
Z9tJBluH1Zw_02843 870 1 3 4 19 105
Z9tJBluH1Zw_02844 900 1 2 4 19 105
Z9tJBluH1Zw_02845 840 0 2 10 12 19 105
Z9tJBluH1Zw_02846 900 1 4 19 105
Z9tJBluH1Zw_02847 900 1 3 4 12 19 105
Z9tJBluH1Zw_02848 900 1 3 4 9 11 12 19 105
Z9tJBluH1Zw_02849 630 1 3 4 12 19 105
Z9tJBluH1Zw_02850 900 1 4 19 105
ZGeWkzK3nE8_10997 90 1 3 93 121
ZGeWkzK3nE8_10998 150 12 91 121
ZJr1QKXetuw_12657 90 3 12 88 120
ZJr1QKXetuw_12658 120 1 3 90 120
ZJr1QKXetuw_12659 240 1 3 90 120
ZJr1QKXetuw_12660 180 1 3 89 120
ZJr1QKXetuw_12661 90 1 3 89 120
ZJr1QKXetuw_12662 450 1 3 4 90 120
ZJr1QKXetuw_12663 90 1 3 89 120
ZJr1QKXetuw_12664 90 1 3 89 120
ZJr1QKXetuw_12665 900 3 12 90 120
ZJr1QKXetuw_12666 840 1 3 90 120
ZJr1QKXetuw_12667 300 1 3 90 120
ZJr1QKXetuw_12668 90 1 3 89 120
ZJr1QKXetuw_12669 120 1 3 89 120
ZJr1QKXetuw_12670 780 1 3 90 120
ZJr1QKXetuw_12671 90 1 3 90 120
ZJr1QKXetuw_12672 90 3 89 120
ZJr1QKXetuw_12673 900 1 3 90 120
ZJr1QKXetuw_12674 270 1 3 90 120
ZJr1QKXetuw_12675 90 3 12 87 120
Zb7mZzeM4OA_12134 450 1 2 3 69 116
Zb7mZzeM4OA_12135 120 3 72 116
Zb7mZzeM4OA_12136 510 1 3 69 116
Zb7mZzeM4OA_12137 89 1 2 3 69 116
Zb7mZzeM4OA_12138 90 3 12 70 116
Zb7mZzeM4OA_12139 269 1 2 69 116
Zb7mZzeM4OA_12140 869 1 2 3 69 116
Zb7mZzeM4OA_12141 120 1 3 72 116
Zb7mZzeM4OA_12142 390 1 3 69 116
ZbCTDaGSEaw_07490 210 4 8 96 122
ZbCTDaGSEaw_07491 90 3 4 8 97 122
ZbCTDaGSEaw_07492 90 3 4 8 12 97 122
ZbCTDaGSEaw_07493 210 3 4 8 12 96 122
ZbCTDaGSEaw_07494 180 1 3 4 8 12 96 122
ZbCTDaGSEaw_07495 90 4 8 95 122
ZbCTDaGSEaw_07496 150 0 1 3 4 8 96 122
ZbCTDaGSEaw_07497 90 3 4 8 12 95 122
ZbCTDaGSEaw_07498 90 4 6 8 95 122
ZbCTDaGSEaw_07499 90 4 8 97 122
ZbCTDaGSEaw_07500 120 1 4 8 12 97 122
ZbCTDaGSEaw_07501 120 1 8 95 122
ZcZWKvH_EBs_10632 90 38 110
ZcZWKvH_EBs_10633 120 38 110
ZcZWKvH_EBs_10634 90 38 110
ZcZWKvH_EBs_10635 120 38 110
ZcZWKvH_EBs_10636 90 3 43 110
ZcZWKvH_EBs_10637 510 38 110
ZiVD6iKuc1U_13793 150 1 3 83 119
ZiVD6iKuc1U_13794 210 1 3 4 83 119
ZiVD6iKuc1U_13795 540 1 3 86 119
ZiVD6iKuc1U_13796 270 1 3 86 119
ZiVD6iKuc1U_13797 150 1 5 83 119
ZiVD6iKuc1U_13798 240 1 83 119
ZiVD6iKuc1U_13799 270 1 3 4 83 119
ZiVD6iKuc1U_13800 420 1 3 4 12 83 119
ZiVD6iKuc1U_13801 150 1 3 4 83 119
ZiVD6iKuc1U_13802 150 1 3 4 12 83 119
ZiVD6iKuc1U_13803 240 3 86 119
ZiVD6iKuc1U_13804 240 1 85 119
ZiVD6iKuc1U_13805 210 1 4 12 83 119
ZiVD6iKuc1U_13806 300 1 3 83 119
ZiVD6iKuc1U_13807 150 1 3 86 119
ZiVD6iKuc1U_13808 150 1 3 4 85 119
ZiVD6iKuc1U_13809 180 3 4 12 86 119
ZiVD6iKuc1U_13810 240 1 3 4 86 119
ZiVD6iKuc1U_13811 180 1 3 12 86 119
Zlm48cbZgh4_12439 450 1 4 46 111
Zlm48cbZgh4_12440 390 3 47 111
ZmNE90DW57k_00209 900 1 4 79 118
ZmNE90DW57k_00210 480 4 79 118
_0w8modg7Zc_12143 630 0 1 3 4 12 69 116
_0w8modg7Zc_12144 510 1 3 71 116
_0w8modg7Zc_12145 240 1 3 72 116
_0w8modg7Zc_12146 90 1 3 70 116
_0w8modg7Zc_12147 120 1 3 12 71 116
_3QZ-fq8JZM_04501 150 8 12 58 114
_3QZ-fq8JZM_04502 120 3 4 6 8 59 114
_3QZ-fq8JZM_04503 120 6 8 12 58 114
_3QZ-fq8JZM_04504 210 4 6 8 12 59 114
_3QZ-fq8JZM_04505 150 1 3 4 8 12 59 114
_3QZ-fq8JZM_04506 180 4 8 59 114
_3QZ-fq8JZM_04507 120 1 4 6 8 59 114
_3QZ-fq8JZM_04508 210 4 6 8 12 59 114
_3QZ-fq8JZM_04509 120 4 6 8 12 59 114
_3QZ-fq8JZM_04510 120 3 4 8 12 59 114
_3QZ-fq8JZM_04511 120 6 8 12 58 114
_3QZ-fq8JZM_04512 150 4 6 8 12 59 114
_3QZ-fq8JZM_04513 120 2 4 6 8 58 114
_3QZ-fq8JZM_04514 120 1 4 6 8 58 114
_5ch0FUNaKM_03553 510 1 3 4 6 8 12 25 106
_5ch0FUNaKM_03554 180 3 4 6 8 12 25 106
_5ch0FUNaKM_03555 300 3 4 6 8 12 25 106
_5ch0FUNaKM_03556 180 3 8 12 24 106
_5ch0FUNaKM_03557 120 4 6 8 25 106
_5ch0FUNaKM_03558 300 3 4 6 8 12 25 106
_5ch0FUNaKM_03559 240 3 4 6 8 12 25 106
_5ch0FUNaKM_03560 210 3 4 6 8 12 25 106
_5ch0FUNaKM_03561 360 2 3 4 6 8 12 25 106
_5ch0FUNaKM_03562 90 1 4 6 8 12 24 106
_5ch0FUNaKM_03563 90 3 4 8 12 22 106
_5ch0FUNaKM_03564 240 3 4 8 12 24 106
_5ch0FUNaKM_03565 120 1 3 4 8 12 25 106
_5ch0FUNaKM_03566 120 3 4 6 8 25 106
_64NqBd6rTM_08652 900 29 107
_64NqBd6rTM_08653 420 29 107
_64NqBd6rTM_08654 900 29 107
_64NqBd6rTM_08655 750 29 107
_6Y52JHN-LA_13133 90 3 4 12 92 121
_6Y52JHN-LA_13134 90 3 9 11 94 121
_6Y52JHN-LA_13135 150 1 3 12 92 121
_6Y52JHN-LA_13136 90 1 3 12 92 121
_6Y52JHN-LA_13137 120 3 12 92 121
_6Y52JHN-LA_13138 150 1 3 12 92 121
_858pxtNmPI_04182 90 1 74 117
_858pxtNmPI_04183 90 1 74 117
_Bj0FbjFFJY_00231 90 1 3 4 80 118
_Bj0FbjFFJY_00232 90 1 4 79 118
_HbecwTgugc_00186 570 1 2 3 4 80 118
_HbecwTgugc_00187 510 0 1 3 4 11 12 80 118
_HbecwTgugc_00188 570 1 2 3 4 80 118
_HbecwTgugc_00189 750 1 3 4 12 79 118
_PxHGJArC00_03765 330 3 4 6 8 12 25 106
_PxHGJArC00_03766 360 1 4 6 8 25 106
_PxHGJArC00_03767 270 3 4 6 8 12 25 106
_PxHGJArC00_03768 210 1 3 4 8 25 106
_PxHGJArC00_03769 180 3 4 8 12 25 106
_PxHGJArC00_03770 90 4 6 8 25 106
_PxHGJArC00_03771 480 3 4 6 8 12 25 106
_PxHGJArC00_03772 150 3 4 6 8 25 106
_PxHGJArC00_03773 330 3 4 6 8 12 25 106
_PxHGJArC00_03774 180 1 3 4 8 12 25 106
_PxHGJArC00_03776 90 4 8 22 106
_PxHGJArC00_03777 120 4 6 8 22 106
_PxHGJArC00_03778 150 4 8 22 106
_PxHGJArC00_03779 150 3 4 8 22 106
_PxHGJArC00_03780 120 3 4 12 24 106
_TtPJJYKSK4_00225 390 1 3 4 80 118
_TtPJJYKSK4_00226 360 1 3 4 80 118
_TtPJJYKSK4_00227 120 1 4 79 118
_b5qkemFbJw_06921 330 4 6 8 12 96 122
_b5qkemFbJw_06922 150 4 8 12 96 122
_b5qkemFbJw_06923 180 8 98 122
_b5qkemFbJw_06924 180 4 8 12 96 122
_b5qkemFbJw_06925 90 8 98 122
_b5qkemFbJw_06926 180 4 8 12 96 122
_b5qkemFbJw_06927 120 3 8 98 122
_b5qkemFbJw_06928 690 4 8 96 122
_b5qkemFbJw_06929 390 3 4 8 12 96 122
_b5qkemFbJw_06930 90 4 8 12 95 122
_b5qkemFbJw_06931 390 1 3 4 8 12 98 122
_b5qkemFbJw_06932 150 4 8 12 95 122
_b5qkemFbJw_06933 90 0 4 12 95 122
_b5qkemFbJw_06934 90 1 4 8 95 122
_b5qkemFbJw_06935 450 4 8 12 96 122
_b5qkemFbJw_06936 210 4 8 96 122
_b5qkemFbJw_06937 330 1 3 4 5 12 98 122
_b5qkemFbJw_06938 540 4 8 12 96 122
_b5qkemFbJw_06939 600 3 4 8 12 96 122
_brT5Kl5ruc_04198 90 78 117
_brT5Kl5ruc_04199 870 74 117
_cWkp1jBcX8_07420 270 3 4 8 96 122
_cWkp1jBcX8_07421 420 3 4 8 96 122
_cWkp1jBcX8_07422 210 1 2 3 4 7 8 12 96 122
_cWkp1jBcX8_07423 419 4 8 12 96 122
_cWkp1jBcX8_07424 390 3 4 8 12 96 122
_cWkp1jBcX8_07425 179 1 3 4 8 12 96 122
_cWkp1jBcX8_07426 119 3 4 8 12 96 122
_cWkp1jBcX8_07427 269 1 3 4 8 12 96 122
_cWkp1jBcX8_07428 510 1 3 4 8 96 122
_cWkp1jBcX8_07429 150 1 4 8 96 122
_cWkp1jBcX8_07430 119 3 4 8 12 98 122
_moTtWvLOZ8_02820 120 3 4 21 105
_moTtWvLOZ8_02821 150 1 17 105
_moTtWvLOZ8_02822 120 1 3 4 21 105
_uiAg-cHJvI_11980 240 1 2 3 4 12 69 116
_uiAg-cHJvI_11981 120 1 3 4 70 116
_uiAg-cHJvI_11982 240 3 5 71 116
_uiAg-cHJvI_11983 120 0 1 3 5 71 116
a-VA5BPXty0_04031 90 3 4 6 8 12 25 106
a-VA5BPXty0_04032 90 4 6 12 25 106
a-VA5BPXty0_04033 180 1 3 4 6 8 25 106
a-VA5BPXty0_04034 120 4 6 8 22 106
a-VA5BPXty0_04035 120 3 4 6 8 12 25 106
a-VA5BPXty0_04036 150 1 3 4 8 25 106
a-VA5BPXty0_04037 120 1 3 4 8 12 24 106
a-VA5BPXty0_04038 120 1 4 6 8 22 106
a-VA5BPXty0_04039 120 1 4 12 24 106
a-VA5BPXty0_04040 90 9 12 24 106
a-VA5BPXty0_04041 270 4 6 8 12 25 106
a-VA5BPXty0_04042 90 3 4 6 8 12 22 106
a-VA5BPXty0_04043 180 6 8 12 22 106
a-VA5BPXty0_04044 510 1 4 6 8 12 25 106
a-VA5BPXty0_04045 360 1 4 8 12 25 106
a-VA5BPXty0_04046 120 1 4 6 8 12 25 106
a-VA5BPXty0_04047 120 1 3 4 8 12 24 106
a-VA5BPXty0_04048 150 3 4 6 8 12 22 106
a-VA5BPXty0_04049 150 6 8 12 22 106
a-VA5BPXty0_04050 90 3 4 8 12 25 106
a-VA5BPXty0_04051 120 1 4 8 12 24 106
a-VA5BPXty0_04052 180 3 12 24 106
a-VA5BPXty0_04053 180 1 3 5 6 8 12 24 106
a-VA5BPXty0_04054 90 3 4 6 8 22 106
a-VA5BPXty0_04055 180 3 4 8 12 22 106
a-VA5BPXty0_04056 120 3 4 6 8 12 22 106
a-VA5BPXty0_04058 150 3 4 6 8 24 106
a-VA5BPXty0_04057 210 3 4 6 8 12 22 106
a4Qvh6VIoSs_07194 90 8 12 96 122
a4Qvh6VIoSs_07195 90 8 96 122
a4Qvh6VIoSs_07196 90 3 4 8 12 96 122
a4Qvh6VIoSs_07197 90 3 4 8 12 96 122
a4Qvh6VIoSs_07198 120 1 3 4 8 12 96 122
a4Qvh6VIoSs_07199 120 1 3 4 8 12 98 122
a4Qvh6VIoSs_07200 90 4 6 8 12 96 122
a4Qvh6VIoSs_07201 90 1 4 8 96 122
a4Qvh6VIoSs_07202 120 1 3 4 8 96 122
a4Qvh6VIoSs_07203 120 1 3 4 6 8 12 98 122
a4Qvh6VIoSs_07204 90 8 98 122
a4Qvh6VIoSs_07205 90 3 4 8 12 95 122
a4Qvh6VIoSs_07206 90 1 2 4 7 8 12 98 122
a4Qvh6VIoSs_07207 150 4 6 8 96 122
a4Qvh6VIoSs_07208 120 4 8 96 122
a4Qvh6VIoSs_07209 120 8 98 122
a4Qvh6VIoSs_07210 90 8 12 98 122
a4Qvh6VIoSs_07211 150 1 3 8 98 122
a4Qvh6VIoSs_07212 90 2 8 98 122
a4Qvh6VIoSs_07213 90 2 3 4 8 12 98 122
a4Qvh6VIoSs_07214 90 8 98 122
a7-i2zpT2_Q_12191 210 2 3 6 69 116
a7-i2zpT2_Q_12192 120 2 3 72 116
a7-i2zpT2_Q_12193 180 2 3 71 116
a7-i2zpT2_Q_12194 210 1 2 3 69 116
aDdh2439hnU_09534 270 4 12 102 123
aDdh2439hnU_09535 90 3 12 101 123
aDdh2439hnU_09536 90 1 3 4 102 123
aDdh2439hnU_09537 90 3 101 123
aDdh2439hnU_09538 270 1 3 4 12 102 123
aDdh2439hnU_09539 240 1 4 12 102 123
aDdh2439hnU_09540 120 1 3 101 123
aDdh2439hnU_09541 210 1 3 4 102 123
aDdh2439hnU_09542 210 1 3 4 8 102 123
aDdh2439hnU_09543 360 1 4 12 102 123
aDdh2439hnU_09544 90 1 4 12 102 123
aDdh2439hnU_09545 120 1 3 101 123
aDdh2439hnU_09546 330 1 4 12 99 123
aDdh2439hnU_09547 210 1 3 4 5 12 99 123
aDdh2439hnU_09548 360 1 3 4 12 101 123
aDdh2439hnU_09549 90 4 12 100 123
aDdh2439hnU_09550 90 1 4 12 102 123
aFIYUSRZUEs_11753 270 1 4 46 111
aFIYUSRZUEs_11754 120 3 4 12 47 111
aHQn_B9xHmg_08000 330 1 3 4 68 115
aHQn_B9xHmg_08001 270 1 3 4 60 115
aHQn_B9xHmg_08002 270 1 3 4 68 115
aHQn_B9xHmg_08003 870 3 4 60 115
aHQn_B9xHmg_08004 600 1 3 4 68 115
aHQn_B9xHmg_08005 900 1 3 4 64 115
aHQn_B9xHmg_08006 390 3 12 65 115
aHQn_B9xHmg_08007 900 12 64 115
aHQn_B9xHmg_08008 720 3 64 115
aHQn_B9xHmg_08009 870 1 12 64 115
aHQn_B9xHmg_08010 570 1 3 12 64 115
aHQn_B9xHmg_08011 360 1 3 4 12 65 115
aHQn_B9xHmg_08012 210 3 64 115
aHQn_B9xHmg_08013 90 1 3 4 65 115
aHQn_B9xHmg_08014 660 1 3 4 65 115
aWQv8oApKQI_07623 300 1 4 8 96 122
aWQv8oApKQI_07624 180 1 4 8 12 96 122
aXw6ZSPtw2I_03448 150 3 4 8 12 22 106
aXw6ZSPtw2I_03449 120 3 4 6 8 12 25 106
aXw6ZSPtw2I_03450 120 3 4 6 8 12 22 106
aXw6ZSPtw2I_03451 90 3 4 8 12 22 106
aXw6ZSPtw2I_03452 120 1 3 4 5 8 12 24 106
aXw6ZSPtw2I_03453 180 3 4 8 12 22 106
aXw6ZSPtw2I_03454 150 3 4 6 8 25 106
aXw6ZSPtw2I_03455 150 3 4 6 8 12 25 106
aXw6ZSPtw2I_03456 150 3 4 8 12 22 106
aXw6ZSPtw2I_03457 150 3 4 8 12 22 106
aXw6ZSPtw2I_03458 120 3 4 6 8 12 22 106
aXw6ZSPtw2I_03459 150 3 4 6 8 12 22 106
aXw6ZSPtw2I_03460 150 1 4 8 12 25 106
aXw6ZSPtw2I_03461 90 3 4 6 8 12 22 106
aXw6ZSPtw2I_03462 150 3 8 12 24 106
aXw6ZSPtw2I_03463 120 3 4 8 12 25 106
aXw6ZSPtw2I_03464 330 1 4 8 25 106
aXw6ZSPtw2I_03465 120 3 4 6 8 12 25 106
aXw6ZSPtw2I_03466 120 3 8 12 24 106
aXw6ZSPtw2I_03467 180 3 4 6 8 12 25 106
aXw6ZSPtw2I_03468 240 3 4 6 8 12 25 106
aXw6ZSPtw2I_03469 210 1 3 4 8 12 25 106
aXw6ZSPtw2I_03470 210 3 4 6 8 12 22 106
aXw6ZSPtw2I_03471 120 1 3 5 24 106
aXw6ZSPtw2I_03472 90 3 5 24 106
aXw6ZSPtw2I_03473 240 3 12 24 106
aXw6ZSPtw2I_03474 270 1 3 12 24 106
acpFBY1TZbI_11916 420 1 3 12 73 116
acpFBY1TZbI_11917 900 1 2 3 12 69 116
acpFBY1TZbI_11918 360 1 3 4 12 73 116
acpFBY1TZbI_11919 750 1 2 3 69 116
aiWDOfVV3XM_04466 120 4 8 12 59 114
aiWDOfVV3XM_04467 150 6 8 12 59 114
aiWDOfVV3XM_04468 120 1 2 3 4 8 12 59 114
aiWDOfVV3XM_04469 120 8 58 114
aiWDOfVV3XM_04470 120 4 6 8 11 58 114
aiWDOfVV3XM_04471 210 3 6 8 12 59 114
aiWDOfVV3XM_04472 120 6 8 58 114
aiWDOfVV3XM_04473 150 4 6 8 12 59 114
ajOwanfJMws_10138 900 3 12 56 113
ajOwanfJMws_10139 180 1 3 4 56 113
ajOwanfJMws_10140 480 1 3 4 8 12 56 113
ajOwanfJMws_10141 900 1 2 3 4 12 56 113
ajOwanfJMws_10142 900 3 12 56 113
ajOwanfJMws_10143 900 3 12 56 113
ajOwanfJMws_10144 900 3 56 113
ajOwanfJMws_10145 900 3 56 113
ajOwanfJMws_10146 900 3 12 56 113
ajOwanfJMws_10147 900 3 12 56 113
aqD5jFxsaTo_03475 900 1 3 4 12 94 121
aqD5jFxsaTo_03476 420 1 2 3 4 94 121
aqD5jFxsaTo_03477 900 1 3 4 12 94 121
aqD5jFxsaTo_03478 120 1 3 4 94 121
aqD5jFxsaTo_03479 90 1 3 4 94 121
asCCeiLq9nc_07766 900 1 3 12 40 110
asCCeiLq9nc_07767 240 1 3 4 41 110
asCCeiLq9nc_07768 509 3 40 110
asCCeiLq9nc_07769 150 1 3 12 41 110
asCCeiLq9nc_07770 390 3 40 110
asCCeiLq9nc_07771 510 1 3 12 40 110
asCCeiLq9nc_07772 389 1 3 40 110
asCCeiLq9nc_07773 150 1 3 41 110
asCCeiLq9nc_07774 179 1 3 12 43 110
asCCeiLq9nc_07775 89 1 3 43 110
asCCeiLq9nc_07776 90 1 3 41 110
asCCeiLq9nc_07777 119 1 3 43 110
asCCeiLq9nc_07778 569 1 3 12 40 110
asCCeiLq9nc_07779 150 1 3 40 110
asCCeiLq9nc_07780 450 3 12 40 110
asCCeiLq9nc_07781 299 1 3 4 41 110
asCCeiLq9nc_07782 89 1 3 41 110
asCCeiLq9nc_07783 89 1 3 41 110
asCCeiLq9nc_07784 90 1 3 41 110
asCCeiLq9nc_07785 360 1 3 12 40 110
asCCeiLq9nc_07786 899 3 12 40 110
b1f51TOXWik_03441 90 3 4 35 109
b1f51TOXWik_03442 120 2 3 4 12 35 109
b1f51TOXWik_03443 120 3 4 12 35 109
b1f51TOXWik_03444 90 1 4 35 109
b1f51TOXWik_03445 120 1 4 35 109
b1f51TOXWik_03446 120 1 4 35 109
b1f51TOXWik_03447 630 1 3 4 12 35 109
b2eB_P38Pk4_12195 540 1 4 73 116
b2eB_P38Pk4_12196 300 4 12 69 116
b2eB_P38Pk4_12197 90 71 116
b2eB_P38Pk4_12198 150 1 4 69 116
b9uJxI9gh1E_05171 150 5 12 13 104
b9uJxI9gh1E_05172 330 14 104
b9uJxI9gh1E_05173 150 1 2 4 5 12 13 104
bFSqQJUABe0_11635 600 1 3 5 12 19 105
bFSqQJUABe0_11636 210 19 105
bFSqQJUABe0_11637 150 19 105
bFSqQJUABe0_11638 119 3 17 105
bFSqQJUABe0_11639 120 3 17 105
bFSqQJUABe0_11640 210 1 3 12 17 105
bG6I1jhg9Xw_05769 90 8 96 122
bG6I1jhg9Xw_05770 120 0 1 3 4 6 8 12 96 122
bG6I1jhg9Xw_05771 210 1 3 4 6 8 96 122
bG6I1jhg9Xw_05772 240 4 8 96 122
bG6I1jhg9Xw_05773 90 3 8 98 122
bG6I1jhg9Xw_05774 120 1 3 4 8 12 96 122
bG6I1jhg9Xw_05775 120 4 8 12 96 122
bG6I1jhg9Xw_05776 90 1 3 5 12 98 122
bG6I1jhg9Xw_05777 180 2 8 96 122
bW5FIkVQtyw_03625 210 12 92 121
bW5FIkVQtyw_03626 390 3 93 121
bW5FIkVQtyw_03627 150 3 93 121
bWqevIkfc9c_07548 90 1 4 8 95 122
bWqevIkfc9c_07549 180 1 4 8 96 122
bWqevIkfc9c_07550 179 1 4 8 96 122
bWqevIkfc9c_07551 90 0 3 4 6 12 98 122
bWqevIkfc9c_07552 90 4 8 96 122
bWqevIkfc9c_07553 90 3 4 8 12 98 122
bWqevIkfc9c_07554 180 3 4 8 12 95 122
bWqevIkfc9c_07555 359 1 4 8 12 96 122
bWqevIkfc9c_07556 150 1 4 8 12 96 122
bWqevIkfc9c_07557 120 4 8 12 98 122
bWqevIkfc9c_07558 299 1 4 8 12 96 122
bWqevIkfc9c_07559 180 4 8 95 122
bWqevIkfc9c_07560 240 1 3 4 8 12 96 122
bWqevIkfc9c_07561 89 3 4 6 8 12 95 122
bWqevIkfc9c_07562 119 4 8 96 122
bWqevIkfc9c_07563 90 2 3 4 8 95 122
bWqevIkfc9c_07564 150 3 4 8 12 96 122
bWqevIkfc9c_07565 89 8 98 122
bWqevIkfc9c_07566 149 1 3 4 8 96 122
bWqevIkfc9c_07567 89 3 4 8 12 95 122
bWqevIkfc9c_07568 89 1 3 4 6 8 12 98 122
bWqevIkfc9c_07569 90 3 4 6 8 95 122
bWqevIkfc9c_07570 89 1 3 4 8 12 98 122
bWqevIkfc9c_07571 89 1 4 5 6 8 95 122
bWqevIkfc9c_07572 90 4 6 8 95 122
bWqevIkfc9c_07573 149 3 8 12 98 122
bWqevIkfc9c_07574 90 8 95 122
bWqevIkfc9c_07575 90 3 8 12 98 122
b_lq5wORkYA_05021 150 3 4 5 12 13 104
b_lq5wORkYA_05022 120 1 3 5 12 15 104
bkg4FX5rinc_04169 120 3 74 117
bkg4FX5rinc_04170 120 74 117
boTaVnmK5gM_11201 450 30 107
boTaVnmK5gM_11202 900 29 107
boTaVnmK5gM_11203 120 29 107
boTaVnmK5gM_11204 720 29 107
boTaVnmK5gM_11205 150 30 107
boTaVnmK5gM_11206 900 30 107
boTaVnmK5gM_11207 900 30 107
boTaVnmK5gM_11208 90 30 107
boTaVnmK5gM_11209 900 30 107
boTaVnmK5gM_11210 600 30 107
boTaVnmK5gM_11211 900 30 107
boTaVnmK5gM_11212 900 30 107
boTaVnmK5gM_11213 900 30 107
boTaVnmK5gM_11214 330 30 107
brug5TAEXRM_13910 900 1 84 119
brug5TAEXRM_13911 900 1 4 84 119
brug5TAEXRM_13912 900 1 84 119
brug5TAEXRM_13913 900 1 4 84 119
brug5TAEXRM_13914 900 1 4 84 119
brug5TAEXRM_13915 900 1 84 119
brug5TAEXRM_13916 900 1 84 119
brug5TAEXRM_13917 900 1 84 119
brug5TAEXRM_13918 900 1 4 84 119
brug5TAEXRM_13919 600 1 84 119
bsJXk9ZHavA_02721 570 3 12 17 105
bsJXk9ZHavA_02722 240 3 17 105
bsJXk9ZHavA_02723 180 18 105
bsJXk9ZHavA_02724 149 18 105
bsJXk9ZHavA_02725 120 3 19 105
bsJXk9ZHavA_02726 750 1 19 105
bsJXk9ZHavA_02727 600 1 19 105
bsJXk9ZHavA_02728 329 1 19 105
bsJXk9ZHavA_02729 479 17 105
bsJXk9ZHavA_02730 570 1 3 19 105
bsJXk9ZHavA_02731 150 17 105
bsJXk9ZHavA_02732 240 1 3 21 105
bsJXk9ZHavA_02733 119 1 3 4 21 105
bsJXk9ZHavA_02734 270 1 4 9 11 12 19 105
bsJXk9ZHavA_02735 179 2 9 11 12 19 105
bsJXk9ZHavA_02736 150 18 105
bsVtuOhwH7M_04821 210 1 3 5 12 13 104
bsVtuOhwH7M_04822 149 1 12 13 104
bsVtuOhwH7M_04823 119 3 13 104
bsaAab8KCpM_05611 150 8 98 122
bsaAab8KCpM_05612 120 2 3 12 98 122
bsaAab8KCpM_05613 210 8 9 12 98 122
bsaAab8KCpM_05614 360 8 96 122
bsaAab8KCpM_05615 210 4 8 95 122
bsaAab8KCpM_05616 420 1 3 4 6 8 12 98 122
bsaAab8KCpM_05617 120 4 6 8 96 122
bsaAab8KCpM_05618 210 1 2 3 12 98 122
bsaAab8KCpM_05619 180 4 8 12 96 122
bsaAab8KCpM_05620 120 4 8 12 96 122
bsaAab8KCpM_05621 210 3 4 8 96 122
bsaAab8KCpM_05622 90 4 8 95 122
bsaAab8KCpM_05623 270 8 96 122
bsaAab8KCpM_05624 90 1 3 4 8 95 122
bsaAab8KCpM_05625 90 4 6 8 12 96 122
bsaAab8KCpM_05626 120 4 8 12 96 122
bsaAab8KCpM_05627 120 3 8 12 96 122
bsaAab8KCpM_05628 270 3 4 8 12 96 122
bsaAab8KCpM_05630 90 8 95 122
bsaAab8KCpM_05631 90 8 95 122
bsaAab8KCpM_05632 90 3 4 8 12 95 122
bsaAab8KCpM_05633 90 4 8 95 122
bsaAab8KCpM_05634 90 3 8 12 95 122
bsaAab8KCpM_05635 90 3 4 6 8 12 95 122
buKA9bRJ9dE_06219 180 4 12 102 123
buKA9bRJ9dE_06220 120 4 6 8 103 123
buKA9bRJ9dE_06221 120 1 3 4 12 100 123
buKA9bRJ9dE_06222 300 1 4 8 12 102 123
buKA9bRJ9dE_06223 120 1 4 12 103 123
buKA9bRJ9dE_06224 120 4 6 8 9 11 100 123
buKA9bRJ9dE_06225 120 1 4 12 103 123
buKA9bRJ9dE_06226 120 1 4 8 100 123
buKA9bRJ9dE_06227 150 4 12 103 123
buKA9bRJ9dE_06228 120 4 12 103 123
buKA9bRJ9dE_06229 120 4 8 100 123
buKA9bRJ9dE_06231 120 4 6 12 99 123
buKA9bRJ9dE_06232 120 1 3 4 8 100 123
buKA9bRJ9dE_06233 120 1 4 8 102 123
buKA9bRJ9dE_06234 120 4 12 103 123
buKA9bRJ9dE_06235 120 4 8 100 123
buKA9bRJ9dE_06236 270 4 12 102 123
buKA9bRJ9dE_06237 120 4 12 103 123
buKA9bRJ9dE_06238 120 1 3 4 8 12 100 123
buKA9bRJ9dE_06239 480 4 8 102 123
buKA9bRJ9dE_06240 120 1 4 12 103 123
buKA9bRJ9dE_06241 120 3 4 8 100 123
buKA9bRJ9dE_06242 360 4 12 102 123
buKA9bRJ9dE_06243 120 1 4 12 103 123
buKA9bRJ9dE_06244 120 1 4 8 100 123
buKA9bRJ9dE_06245 120 1 4 8 100 123
buKA9bRJ9dE_06246 180 1 4 9 11 12 103 123
buKA9bRJ9dE_06247 210 1 4 8 102 123
buKA9bRJ9dE_06248 300 1 4 6 8 102 123
buKA9bRJ9dE_06249 390 4 8 102 123
c55NNuvFD1U_07984 180 1 3 4 12 40 110
c55NNuvFD1U_07985 120 3 4 12 43 110
c55NNuvFD1U_07986 180 1 3 12 43 110
c55NNuvFD1U_07987 450 1 3 4 12 42 110
c55NNuvFD1U_07988 90 1 4 12 39 110
c55NNuvFD1U_07990 390 1 4 12 39 110
c55NNuvFD1U_07991 300 3 4 12 43 110
c55NNuvFD1U_07992 180 1 3 4 12 43 110
c55NNuvFD1U_07994 90 1 12 39 110
c55NNuvFD1U_07995 90 1 3 4 41 110
c55NNuvFD1U_07996 90 1 3 4 12 41 110
c55NNuvFD1U_07997 90 1 3 4 12 41 110
c55NNuvFD1U_07998 750 1 4 12 42 110
c55NNuvFD1U_07999 240 1 3 4 12 39 110
c5fpkq6Ndeg_00682 120 3 4 8 12 97 122
c5fpkq6Ndeg_00683 210 1 4 8 12 95 122
c5fpkq6Ndeg_00684 120 3 4 8 12 95 122
c5fpkq6Ndeg_00685 210 4 6 8 95 122
c5fpkq6Ndeg_00686 120 3 4 6 8 95 122
c5fpkq6Ndeg_00687 120 1 3 4 8 97 122
c5fpkq6Ndeg_00688 180 3 4 8 95 122
c5fpkq6Ndeg_00689 120 4 7 8 95 122
c5fpkq6Ndeg_00690 150 3 4 8 12 95 122
c5fpkq6Ndeg_00691 180 3 4 8 95 122
c5fpkq6Ndeg_00692 120 3 4 8 12 97 122
c5fpkq6Ndeg_00693 120 4 6 8 12 95 122
c5fpkq6Ndeg_00694 180 4 8 96 122
c5fpkq6Ndeg_00695 120 1 4 6 8 12 95 122
c5fpkq6Ndeg_00696 180 1 4 8 12 96 122
c5fpkq6Ndeg_00697 180 1 4 8 97 122
cL_nOKlE0O8_12220 900 29 107
cL_nOKlE0O8_12221 900 29 107
cL_nOKlE0O8_12222 420 29 107
cL_nOKlE0O8_12223 900 29 107
cL_nOKlE0O8_12224 300 29 107
cL_nOKlE0O8_12225 900 29 107
cL_nOKlE0O8_12226 870 26 107
cL_nOKlE0O8_12227 330 26 107
cL_nOKlE0O8_12228 510 27 107
cL_nOKlE0O8_12229 300 26 107
cL_nOKlE0O8_12230 330 26 107
cL_nOKlE0O8_12231 870 29 107
cL_nOKlE0O8_12232 90 27 107
cL_nOKlE0O8_12233 120 26 107
cL_nOKlE0O8_12234 510 26 107
cL_nOKlE0O8_12235 360 26 107
cL_nOKlE0O8_12236 450 26 107
cL_nOKlE0O8_12237 240 26 107
cL_nOKlE0O8_12238 360 26 107
cO_ju5UUpZ0_15649 180 0 1 2 3 4 12 35 109
cO_ju5UUpZ0_15650 150 4 12 35 109
cO_ju5UUpZ0_15651 90 1 2 3 4 12 37 109
cO_ju5UUpZ0_15652 90 1 2 3 4 12 35 109
cO_ju5UUpZ0_15653 90 0 3 4 12 37 109
cO_ju5UUpZ0_15654 90 1 3 4 12 35 109
cO_ju5UUpZ0_15655 90 3 4 12 36 109
cO_ju5UUpZ0_15656 90 3 4 37 109
cO_ju5UUpZ0_15657 120 1 3 4 35 109
cO_ju5UUpZ0_15658 90 2 3 4 12 37 109
cO_ju5UUpZ0_15659 150 3 4 35 109
cO_ju5UUpZ0_15660 90 1 4 37 109
cO_ju5UUpZ0_15661 90 1 3 4 36 109
cO_ju5UUpZ0_15662 90 0 3 4 12 37 109
cO_ju5UUpZ0_15663 120 0 1 2 3 4 12 35 109
cO_ju5UUpZ0_15664 90 3 4 12 36 109
cO_ju5UUpZ0_15665 90 3 4 37 109
cO_ju5UUpZ0_15666 270 1 3 4 12 35 109
cO_ju5UUpZ0_15667 90 1 3 4 12 37 109
cO_ju5UUpZ0_15668 450 0 1 4 35 109
cO_ju5UUpZ0_15669 300 1 3 4 12 35 109
cO_ju5UUpZ0_15670 390 1 3 4 12 35 109
cO_ju5UUpZ0_15671 90 1 3 4 36 109
cV4eiFeghq8_15771 120 1 2 3 4 37 109
cV4eiFeghq8_15772 90 1 3 4 12 35 109
cV4eiFeghq8_15773 90 0 1 3 4 37 109
cV4eiFeghq8_15774 270 0 1 4 8 9 11 12 35 109
cV4eiFeghq8_15775 90 0 1 3 4 37 109
cV4eiFeghq8_15776 900 0 1 3 4 8 12 35 109
cV4eiFeghq8_15777 150 0 1 2 3 4 8 35 109
cV4eiFeghq8_15778 90 0 1 3 4 12 36 109
cV4eiFeghq8_15779 270 1 3 4 12 35 109
cV4eiFeghq8_15780 120 0 1 3 4 12 37 109
cV4eiFeghq8_15781 120 0 1 3 4 12 35 109
cV4eiFeghq8_15782 90 0 1 2 3 37 109
cV4eiFeghq8_15783 210 1 3 4 12 35 109
cVN8AqI8eHY_09870 420 0 1 3 4 12 54 113
cVN8AqI8eHY_09871 150 1 4 12 54 113
cVN8AqI8eHY_09872 180 1 3 4 12 54 113
cVN8AqI8eHY_09873 900 1 3 4 8 12 56 113
cVN8AqI8eHY_09874 900 1 3 4 12 56 113
cVN8AqI8eHY_09875 300 1 3 4 12 56 113
cVN8AqI8eHY_09876 330 1 2 3 4 12 56 113
cVN8AqI8eHY_09877 120 3 12 57 113
cVN8AqI8eHY_09878 630 1 4 12 54 113
cVN8AqI8eHY_09879 150 3 12 54 113
cVN8AqI8eHY_09880 180 1 3 4 12 54 113
cjiqdueQZHc_04573 120 3 4 6 8 12 59 114
cjiqdueQZHc_04574 120 3 4 6 8 12 59 114
cjiqdueQZHc_04575 120 3 4 6 8 58 114
cjiqdueQZHc_04576 120 3 6 8 58 114
cjiqdueQZHc_04577 120 4 6 8 12 59 114
cjiqdueQZHc_04578 150 6 8 12 59 114
cjiqdueQZHc_04579 150 1 3 4 6 8 12 59 114
cjiqdueQZHc_04580 150 4 8 59 114
cjiqdueQZHc_04581 150 1 3 4 8 12 59 114
cjiqdueQZHc_04582 120 4 6 8 59 114
cjiqdueQZHc_04583 150 3 4 6 8 12 59 114
cjiqdueQZHc_04584 120 8 59 114
cjiqdueQZHc_04585 120 6 8 58 114
cjiqdueQZHc_04586 150 2 3 6 8 58 114
cjiqdueQZHc_04587 210 4 8 12 58 114
cjiqdueQZHc_04588 180 4 6 8 12 58 114
ckK4kh0tmrY_10603 90 38 110
ckK4kh0tmrY_10604 90 1 38 110
ckK4kh0tmrY_10605 90 1 38 110
ckK4kh0tmrY_10606 90 38 110
ckK4kh0tmrY_10607 90 38 110
ckK4kh0tmrY_10608 120 1 38 110
ckK4kh0tmrY_10609 90 1 38 110
ckK4kh0tmrY_10610 90 38 110
ckK4kh0tmrY_10611 90 38 110
ckK4kh0tmrY_10612 90 1 38 110
ckNbSfn-0E4_07165 90 4 8 96 122
ckNbSfn-0E4_07166 90 8 98 122
ckNbSfn-0E4_07167 120 3 4 6 8 12 96 122
ckNbSfn-0E4_07168 90 1 3 4 8 98 122
ckNbSfn-0E4_07169 90 1 4 6 8 95 122
ckNbSfn-0E4_07170 120 8 96 122
ckNbSfn-0E4_07171 90 4 8 95 122
ckNbSfn-0E4_07172 120 3 12 98 122
ckNbSfn-0E4_07173 150 1 4 8 95 122
ckNbSfn-0E4_07174 120 8 96 122
ckNbSfn-0E4_07175 210 3 12 98 122
ckNbSfn-0E4_07176 150 8 96 122
ckNbSfn-0E4_07177 90 8 12 96 122
ckNbSfn-0E4_07178 90 4 8 96 122
ckNbSfn-0E4_07179 150 1 2 3 4 8 12 98 122
ckNbSfn-0E4_07180 90 8 96 122
ckNbSfn-0E4_07181 90 4 8 95 122
ckNbSfn-0E4_07182 90 1 4 8 95 122
ckNbSfn-0E4_07183 180 4 8 12 96 122
ckNbSfn-0E4_07184 90 3 12 98 122
ckNbSfn-0E4_07185 180 3 8 96 122
ckNbSfn-0E4_07186 90 1 4 12 98 122
ckNbSfn-0E4_07187 90 3 4 6 8 12 95 122
ckNbSfn-0E4_07188 120 3 6 8 12 98 122
ckNbSfn-0E4_07189 90 3 4 6 8 12 95 122
ckNbSfn-0E4_07190 90 3 6 8 12 95 122
ckNbSfn-0E4_07192 90 0 1 4 8 10 95 122
ckNbSfn-0E4_07193 120 3 4 12 98 122
ckvIqcBZoBc_10741 180 1 3 50 112
ckvIqcBZoBc_10742 240 1 3 12 53 112
ckvIqcBZoBc_10743 150 1 3 52 112
d9B-rg57-OE_03602 210 1 4 6 8 12 25 106
d9B-rg57-OE_03603 270 1 3 4 6 8 12 25 106
d9B-rg57-OE_03604 210 3 4 6 8 12 25 106
d9B-rg57-OE_03605 120 3 4 6 8 12 25 106
d9B-rg57-OE_03606 210 3 4 6 8 12 25 106
d9B-rg57-OE_03607 90 3 8 12 24 106
d9B-rg57-OE_03608 120 1 3 4 6 8 12 25 106
d9B-rg57-OE_03609 210 3 4 6 8 12 25 106
d9B-rg57-OE_03610 240 3 6 8 25 106
d9B-rg57-OE_03611 360 3 4 6 8 12 25 106
d9B-rg57-OE_03612 120 3 8 12 24 106
d9B-rg57-OE_03613 180 3 4 6 8 12 25 106
d9B-rg57-OE_03614 90 4 6 8 22 106
d9B-rg57-OE_03615 90 1 4 12 24 106
d9B-rg57-OE_03616 90 3 4 6 8 12 22 106
d9B-rg57-OE_03617 120 3 8 24 106
d9B-rg57-OE_03618 150 4 8 12 22 106
d9B-rg57-OE_03619 120 4 6 8 22 106
d9B-rg57-OE_03620 90 4 6 8 22 106
d9B-rg57-OE_03621 150 3 12 24 106
dGvYk8aHRt8_07625 120 1 4 12 38 110
dGvYk8aHRt8_07626 270 1 3 4 12 39 110
dGvYk8aHRt8_07627 900 1 3 12 40 110
dGvYk8aHRt8_07628 150 1 3 4 40 110
dK0CaVA-dfs_12287 420 30 107
dK0CaVA-dfs_12288 690 30 107
dK0CaVA-dfs_12289 270 30 107
dK0CaVA-dfs_12290 270 30 107
dK0CaVA-dfs_12291 840 30 107
dK0CaVA-dfs_12292 360 30 107
dK0CaVA-dfs_12293 480 30 107
dK0CaVA-dfs_12294 420 30 107
dK0CaVA-dfs_12295 600 30 107
dK0CaVA-dfs_12296 570 30 107
dLA76V-e2TM_15405 90 3 4 8 100 123
dLA76V-e2TM_15406 90 1 3 4 12 101 123
dLA76V-e2TM_15407 90 1 4 8 100 123
dLA76V-e2TM_15408 90 3 4 12 100 123
dLA76V-e2TM_15409 210 1 4 8 102 123
dLA76V-e2TM_15410 90 1 4 6 8 12 103 123
dLA76V-e2TM_15411 90 1 4 8 102 123
dLA76V-e2TM_15412 90 4 8 100 123
dLA76V-e2TM_15413 90 0 4 8 103 123
dLA76V-e2TM_15414 270 1 4 12 101 123
dLA76V-e2TM_15415 120 4 8 102 123
dLA76V-e2TM_15416 90 1 4 12 103 123
dLA76V-e2TM_15417 90 1 4 8 100 123
dLA76V-e2TM_15418 90 1 4 12 103 123
dLA76V-e2TM_15419 90 4 12 101 123
dLA76V-e2TM_15420 420 1 4 8 102 123
dLA76V-e2TM_15421 90 1 4 12 103 123
dLA76V-e2TM_15422 90 1 4 8 100 123
dLA76V-e2TM_15423 90 4 6 8 103 123
dLA76V-e2TM_15424 90 4 5 8 102 123
dLA76V-e2TM_15425 90 8 103 123
dLA76V-e2TM_15426 90 1 4 12 102 123
dLA76V-e2TM_15427 90 4 8 103 123
dLA76V-e2TM_15428 90 1 4 8 100 123
dLA76V-e2TM_15429 90 1 4 8 102 123
dLA76V-e2TM_15430 90 1 4 8 103 123
dLA76V-e2TM_15431 120 1 4 6 8 102 123
dLA76V-e2TM_15432 150 1 4 8 102 123
dLA76V-e2TM_15433 90 1 4 12 103 123
dLA76V-e2TM_15434 90 4 8 100 123
dLA76V-e2TM_15435 180 1 4 8 102 123
dLA76V-e2TM_15436 90 1 4 8 100 123
dLA76V-e2TM_15437 90 1 4 8 100 123
dLA76V-e2TM_15438 90 1 101 123
dLA76V-e2TM_15439 90 4 12 99 123
dLA76V-e2TM_15440 90 4 12 101 123
dNNy0E2Tx6E_00796 120 1 3 4 34 108
dNNy0E2Tx6E_00797 120 3 4 34 108
dNNy0E2Tx6E_00798 180 1 4 34 108
dNNy0E2Tx6E_00799 120 1 4 34 108
dNNy0E2Tx6E_00800 120 34 108
dNNy0E2Tx6E_00801 120 1 3 4 34 108
dNNy0E2Tx6E_00802 150 1 2 4 34 108
dNNy0E2Tx6E_00803 150 1 2 3 4 34 108
dNniHrlv7f4_09449 90 1 3 4 12 100 123
dNniHrlv7f4_09450 90 1 3 4 12 100 123
dNniHrlv7f4_09451 119 4 12 102 123
dNniHrlv7f4_09452 120 1 3 4 100 123
dNniHrlv7f4_09453 90 1 4 8 102 123
dNniHrlv7f4_09454 89 1 3 4 12 100 123
dNniHrlv7f4_09455 120 1 3 4 8 100 123
dNniHrlv7f4_09456 150 1 4 8 102 123
dNniHrlv7f4_09457 89 1 3 4 100 123
dNniHrlv7f4_09458 89 1 3 4 12 100 123
dNniHrlv7f4_09459 89 4 12 102 123
dNniHrlv7f4_09460 90 1 3 4 12 100 123
dNniHrlv7f4_09461 120 4 12 102 123
dNniHrlv7f4_09462 89 1 3 4 12 100 123
dNniHrlv7f4_09463 90 1 3 4 12 100 123
dNniHrlv7f4_09464 90 4 8 102 123
dNniHrlv7f4_09465 120 4 8 102 123
dNniHrlv7f4_09466 119 4 8 102 123
dNniHrlv7f4_09467 239 4 12 102 123
dNniHrlv7f4_09468 420 0 4 8 12 101 123
dNniHrlv7f4_09469 149 1 4 8 102 123
dNniHrlv7f4_09470 179 3 4 12 101 123
dNniHrlv7f4_09471 269 1 12 101 123
dPEIMdQ2t3U_15921 300 1 3 4 12 35 109
dPEIMdQ2t3U_15922 120 1 3 4 12 35 109
dPEIMdQ2t3U_15923 210 1 3 12 35 109
dQHmh212wns_10850 480 1 3 4 50 112
dQHmh212wns_10851 270 1 3 4 51 112
dQHmh212wns_10852 150 1 3 4 12 50 112
dQHmh212wns_10853 270 1 3 4 51 112
dQHmh212wns_10854 90 3 50 112
dQzOM1fVqsQ_00777 270 1 3 12 34 108
dQzOM1fVqsQ_00778 300 1 4 34 108
dQzOM1fVqsQ_00779 180 1 4 34 108
dQzOM1fVqsQ_00780 150 4 34 108
dQzOM1fVqsQ_00781 240 1 4 34 108
dQzOM1fVqsQ_00782 300 1 4 34 108
dQzOM1fVqsQ_00783 120 1 4 34 108
dQzOM1fVqsQ_00784 120 1 4 34 108
dQzOM1fVqsQ_00785 210 1 4 34 108
dQzOM1fVqsQ_00786 270 1 4 34 108
dZW6J4bKPG8_12433 90 46 111
dZW6J4bKPG8_12434 150 3 4 12 46 111
dZW6J4bKPG8_12435 120 3 47 111
dZW6J4bKPG8_12436 90 3 47 111
dZW6J4bKPG8_12437 90 1 3 47 111
dZW6J4bKPG8_12438 90 3 4 47 111
dhBkWdeLHFQ_12072 390 1 3 9 73 116
dhBkWdeLHFQ_12073 360 0 1 2 3 4 10 11 69 116
dhBkWdeLHFQ_12074 180 1 3 70 116
di6WR40Ju4o_06551 660 1 3 4 12 93 121
di6WR40Ju4o_06552 299 1 3 93 121
di6WR40Ju4o_06553 330 1 3 12 93 121
dmfO0qHcSo4_05927 120 1 4 12 81 118
dmfO0qHcSo4_05928 150 1 3 4 12 81 118
dmfO0qHcSo4_05929 210 1 4 12 81 118
dmfO0qHcSo4_05930 120 1 4 12 81 118
dqcMjZgCy3M_09423 90 1 4 6 8 25 106
dqcMjZgCy3M_09424 120 4 6 8 12 25 106
dqcMjZgCy3M_09425 180 1 3 4 6 8 12 25 106
dqcMjZgCy3M_09426 120 1 4 8 25 106
dqcMjZgCy3M_09427 120 3 4 6 8 12 25 106
dqcMjZgCy3M_09428 120 4 8 12 25 106
dqcMjZgCy3M_09429 179 4 8 25 106
dqcMjZgCy3M_09430 90 3 4 8 22 106
dqcMjZgCy3M_09431 150 3 4 6 8 22 106
dqcMjZgCy3M_09432 149 3 4 6 8 25 106
dqcMjZgCy3M_09433 119 4 6 8 25 106
dqcMjZgCy3M_09434 149 4 8 12 25 106
dqcMjZgCy3M_09435 179 1 3 4 12 23 106
dqcMjZgCy3M_09436 90 3 8 12 23 106
dqcMjZgCy3M_09437 149 3 4 8 23 106
e-DPBOTlSWk_05004 120 3 5 13 104
e-DPBOTlSWk_05005 300 1 3 5 12 13 104
e-DPBOTlSWk_05006 420 3 12 15 104
e-lkh8fDbSo_00086 150 4 33 108
e-lkh8fDbSo_00087 180 4 12 33 108
e805NnMzXP4_09224 900 3 63 115
e805NnMzXP4_09225 119 3 63 115
e805NnMzXP4_09226 360 61 115
e805NnMzXP4_09227 539 3 63 115
e805NnMzXP4_09228 510 1 3 63 115
e805NnMzXP4_09229 600 3 63 115
e805NnMzXP4_09230 90 3 61 115
e805NnMzXP4_09231 899 3 63 115
e805NnMzXP4_09232 240 3 63 115
e805NnMzXP4_09233 359 3 63 115
e805NnMzXP4_09234 239 3 61 115
e805NnMzXP4_09235 480 1 3 64 115
e805NnMzXP4_09236 690 1 3 63 115
e805NnMzXP4_09237 90 1 61 115
e805NnMzXP4_09238 90 3 63 115
e805NnMzXP4_09239 870 1 62 115
e805NnMzXP4_09240 900 66 115
e805NnMzXP4_09241 900 66 115
e805NnMzXP4_09242 329 1 3 66 115
e805NnMzXP4_09243 660 66 115
e805NnMzXP4_09244 389 12 67 115
eFBujMOuL88_05150 690 3 12 16 104
eFBujMOuL88_05151 240 1 3 4 5 12 13 104
eFBujMOuL88_05152 540 1 3 4 5 12 13 104
eFBujMOuL88_05153 210 1 3 4 12 15 104
eFBujMOuL88_05154 300 3 14 104
eFBujMOuL88_05155 450 3 14 104
eFBujMOuL88_05156 120 1 3 14 104
eFK3oOWIdxc_04758 120 3 4 6 8 12 59 114
eFK3oOWIdxc_04759 120 3 4 8 12 59 114
eFK3oOWIdxc_04760 120 4 6 8 59 114
eFK3oOWIdxc_04761 120 4 8 12 59 114
eFK3oOWIdxc_04762 120 2 4 8 59 114
eFK3oOWIdxc_04763 120 3 4 8 12 59 114
eFK3oOWIdxc_04764 270 4 8 59 114
eFK3oOWIdxc_04765 150 4 6 8 12 59 114
eFK3oOWIdxc_04766 120 3 4 6 8 12 59 114
eFK3oOWIdxc_04767 150 4 6 8 12 59 114
eFK3oOWIdxc_04768 150 1 4 6 8 58 114
eFK3oOWIdxc_04769 120 2 4 6 8 12 58 114
eM-sN2ggbes_12775 600 1 3 4 90 120
eM-sN2ggbes_12776 540 1 3 90 120
eM-sN2ggbes_12777 420 3 90 120
eM-sN2ggbes_12778 90 3 89 120
eM-sN2ggbes_12779 120 3 89 120
eM-sN2ggbes_12780 150 1 3 4 89 120
eM-sN2ggbes_12781 90 3 89 120
eM-sN2ggbes_12782 600 1 3 12 90 120
eMdoY8xyMFs_14964 90 1 4 8 100 123
eMdoY8xyMFs_14965 90 1 4 8 100 123
eMdoY8xyMFs_14966 150 1 4 8 12 102 123
eMdoY8xyMFs_14967 210 1 3 4 6 8 12 102 123
eMdoY8xyMFs_14968 90 1 4 8 100 123
eMdoY8xyMFs_14969 180 4 8 102 123
eMdoY8xyMFs_14970 90 4 8 103 123
eMdoY8xyMFs_14971 90 1 4 8 102 123
eMdoY8xyMFs_14972 90 4 12 100 123
eMdoY8xyMFs_14973 90 4 8 103 123
eMdoY8xyMFs_14974 90 1 4 8 100 123
eMdoY8xyMFs_14975 90 4 8 103 123
eMdoY8xyMFs_14976 90 4 8 100 123
eMdoY8xyMFs_14977 90 1 4 8 100 123
eMdoY8xyMFs_14978 180 1 4 8 102 123
eMdoY8xyMFs_14979 90 4 8 100 123
eMdoY8xyMFs_14980 90 4 8 100 123
eMdoY8xyMFs_14981 90 4 8 100 123
eMdoY8xyMFs_14982 90 1 4 8 12 102 123
eMdoY8xyMFs_14983 120 1 4 8 102 123
eMdoY8xyMFs_14984 90 1 4 8 102 123
eMdoY8xyMFs_14985 120 3 4 8 102 123
eMdoY8xyMFs_14986 90 1 4 8 12 102 123
eMdoY8xyMFs_14987 90 4 12 103 123
eMdoY8xyMFs_14988 90 4 8 103 123
efy4I6w9Ecg_03199 390 1 2 3 4 5 12 69 116
efy4I6w9Ecg_03200 150 1 3 5 72 116
ehONYllOtSQ_12068 150 1 2 4 5 69 116
ehONYllOtSQ_12069 210 0 3 4 5 71 116
ehONYllOtSQ_12070 300 1 2 69 116
ehONYllOtSQ_12071 150 1 3 4 5 12 71 116
ei4xpbNydFM_15243 240 1 4 8 12 102 123
ei4xpbNydFM_15244 180 4 12 102 123
ei4xpbNydFM_15245 90 1 4 12 100 123
ei4xpbNydFM_15246 90 4 8 103 123
ei4xpbNydFM_15247 270 1 3 4 12 102 123
ei4xpbNydFM_15248 120 1 3 4 12 102 123
ei4xpbNydFM_15249 150 12 101 123
ei4xpbNydFM_15250 120 4 8 102 123
ei4xpbNydFM_15251 90 1 4 8 100 123
ei4xpbNydFM_15252 90 4 12 102 123
ei4xpbNydFM_15253 90 4 8 100 123
ei4xpbNydFM_15254 210 1 3 4 8 12 102 123
ei4xpbNydFM_15256 120 4 8 12 101 123
ei4xpbNydFM_15257 90 1 3 4 102 123
ei4xpbNydFM_15258 120 4 8 12 102 123
ei4xpbNydFM_15259 90 12 101 123
ei4xpbNydFM_15260 180 4 8 12 102 123
ei4xpbNydFM_15261 90 4 12 101 123
ejobCuGwGb0_03921 180 4 8 22 106
ejobCuGwGb0_03922 150 4 8 22 106
ejobCuGwGb0_03923 90 4 12 25 106
ejobCuGwGb0_03924 150 3 4 8 12 25 106
ejobCuGwGb0_03925 150 3 4 6 8 12 25 106
ejobCuGwGb0_03926 150 3 4 6 8 12 25 106
ejobCuGwGb0_03927 120 3 4 8 12 22 106
ejobCuGwGb0_03928 210 1 4 6 8 25 106
ejobCuGwGb0_03929 270 1 4 6 12 22 106
ejobCuGwGb0_03930 180 0 1 3 4 8 12 22 106
ejobCuGwGb0_03931 90 4 8 22 106
ejobCuGwGb0_03932 150 3 4 8 22 106
ejobCuGwGb0_03933 120 4 8 22 106
ejobCuGwGb0_03934 90 4 8 22 106
ejobCuGwGb0_03936 120 3 4 6 8 12 25 106
ejobCuGwGb0_03937 120 1 4 8 12 25 106
ejobCuGwGb0_03938 120 4 8 22 106
ejobCuGwGb0_03939 240 1 12 24 106
ejobCuGwGb0_03940 150 1 3 4 8 25 106
ejobCuGwGb0_03941 270 3 4 6 8 12 25 106
ejobCuGwGb0_03942 120 1 3 4 8 12 25 106
ejobCuGwGb0_03943 180 5 8 9 12 24 106
ejobCuGwGb0_03944 90 4 12 24 106
ejobCuGwGb0_03945 120 1 3 4 12 24 106
ejobCuGwGb0_03946 180 3 12 24 106
ejobCuGwGb0_03947 150 1 3 4 5 12 24 106
ejobCuGwGb0_03948 210 3 4 6 8 12 24 106
ejobCuGwGb0_03949 240 1 3 4 8 12 24 106
ek8q-fOMEQY_03143 900 8 100 123
ek8q-fOMEQY_03144 450 4 8 100 123
elijDDPWOVA_00157 570 1 3 4 12 94 121
elijDDPWOVA_00158 180 1 3 94 121
elijDDPWOVA_00159 180 1 3 4 94 121
elijDDPWOVA_00160 150 3 4 94 121
elijDDPWOVA_00161 420 1 3 93 121
elijDDPWOVA_00162 120 1 3 4 12 94 121
elijDDPWOVA_00163 420 1 3 93 121
elijDDPWOVA_00164 390 3 12 94 121
elijDDPWOVA_00165 480 1 3 4 94 121
elijDDPWOVA_00166 360 1 3 94 121
elijDDPWOVA_00167 90 94 121
eoVVAJMjCDQ_10346 300 1 3 4 12 54 113
eoVVAJMjCDQ_10347 240 8 12 54 113
eoVVAJMjCDQ_10348 630 1 3 4 8 12 54 113
eoVVAJMjCDQ_10349 210 1 4 8 12 54 113
eoVVAJMjCDQ_10350 840 1 2 3 4 8 12 56 113
eoVVAJMjCDQ_10351 450 0 1 3 4 9 12 54 113
eoVVAJMjCDQ_10352 540 0 1 2 3 4 12 54 113
eoVVAJMjCDQ_10353 240 1 2 3 4 8 10 56 113
eoVVAJMjCDQ_10354 900 1 2 3 4 12 54 113
eoVVAJMjCDQ_10355 600 1 2 3 4 12 54 113
eoVVAJMjCDQ_10356 180 1 3 4 12 54 113
eoVVAJMjCDQ_10357 900 1 4 54 113
eovHSX_Z8z8_11051 180 1 3 4 100 123
eovHSX_Z8z8_11052 840 4 8 102 123
eovHSX_Z8z8_11053 450 1 4 8 102 123
eovHSX_Z8z8_11054 89 1 4 12 102 123
eovHSX_Z8z8_11055 120 1 4 8 12 101 123
eovHSX_Z8z8_11056 750 1 4 8 12 102 123
eovHSX_Z8z8_11057 539 1 4 8 102 123
eovHSX_Z8z8_11058 599 0 1 4 12 102 123
eovHSX_Z8z8_11059 540 1 4 8 102 123
eovHSX_Z8z8_11060 479 1 4 8 102 123
eovHSX_Z8z8_11061 90 0 1 3 4 8 12 100 123
eovHSX_Z8z8_11062 479 1 4 8 102 123
eovHSX_Z8z8_11063 90 1 3 4 12 100 123
eovHSX_Z8z8_11064 120 1 4 8 102 123
eovHSX_Z8z8_11065 89 1 3 4 8 12 100 123
eovHSX_Z8z8_11066 89 1 3 4 8 100 123
eovHSX_Z8z8_11067 89 3 4 8 12 100 123
eovHSX_Z8z8_11068 89 1 3 4 8 12 100 123
eovHSX_Z8z8_11069 90 1 4 8 100 123
eovHSX_Z8z8_11070 89 4 12 100 123
eovHSX_Z8z8_11071 89 4 8 100 123
epYAYuuCFFg_08675 900 1 3 4 65 115
epYAYuuCFFg_08676 900 3 4 12 65 115
epYAYuuCFFg_08677 900 1 3 65 115
epYAYuuCFFg_08678 900 1 3 65 115
epYAYuuCFFg_08679 900 1 3 65 115
epYAYuuCFFg_08680 270 1 3 65 115
epYAYuuCFFg_08681 900 1 3 65 115
epYAYuuCFFg_08682 900 3 65 115
epYAYuuCFFg_08683 900 3 65 115
epYAYuuCFFg_08684 210 3 65 115
et4L4UB8W9U_09742 900 3 68 115
et4L4UB8W9U_09744 660 3 68 115
et4L4UB8W9U_09746 900 3 68 115
et4L4UB8W9U_09747 900 3 65 115
et4L4UB8W9U_09748 480 3 61 115
et4L4UB8W9U_09749 900 3 4 68 115
evJlJco97pk_05931 180 1 3 4 12 56 113
evJlJco97pk_05932 120 1 3 12 54 113
evJlJco97pk_05933 120 4 12 54 113
evJlJco97pk_05934 210 1 3 4 12 56 113
evJlJco97pk_05935 120 1 3 12 54 113
ewvJa7G963o_03045 150 3 8 12 95 122
ewvJa7G963o_03046 240 4 8 95 122
ewvJa7G963o_03047 240 4 8 95 122
ewvJa7G963o_03048 300 8 96 122
ewvJa7G963o_03049 180 4 8 95 122
ewvJa7G963o_03050 120 3 12 98 122
ewvJa7G963o_03051 150 8 95 122
ewvJa7G963o_03052 120 3 6 8 95 122
ewvJa7G963o_03053 180 1 3 4 8 98 122
ewvJa7G963o_03054 120 8 95 122
ewvJa7G963o_03055 150 3 4 6 8 12 95 122
ewvJa7G963o_03056 180 4 8 95 122
ewvJa7G963o_03057 180 4 8 96 122
ewvJa7G963o_03058 120 4 8 95 122
ewvJa7G963o_03059 120 1 4 8 96 122
ewvJa7G963o_03060 180 4 8 97 122
f1_CgxQ3Ku4_04987 600 5 12 13 104
f1_CgxQ3Ku4_04988 120 12 15 104
f1_CgxQ3Ku4_04989 360 3 12 14 104
fA_14UaIX_0_01776 120 3 4 6 8 12 22 106
fA_14UaIX_0_01777 150 4 8 25 106
fA_14UaIX_0_01778 90 3 4 6 8 25 106
fA_14UaIX_0_01779 120 3 4 6 8 25 106
fA_14UaIX_0_01780 90 4 8 12 22 106
fA_14UaIX_0_01781 150 3 4 8 12 24 106
fA_14UaIX_0_01782 210 3 4 6 8 12 22 106
fA_14UaIX_0_01783 180 3 4 6 8 12 22 106
fA_14UaIX_0_01784 90 1 3 4 8 12 24 106
fA_14UaIX_0_01785 120 4 6 8 22 106
fA_14UaIX_0_01786 180 1 3 4 6 8 12 25 106
fA_14UaIX_0_01787 270 1 3 4 6 8 12 25 106
fA_14UaIX_0_01788 240 1 3 4 6 8 12 25 106
fA_14UaIX_0_01789 150 3 4 6 8 12 25 106
fA_14UaIX_0_01790 240 3 4 8 12 22 106
fA_14UaIX_0_01791 90 3 12 24 106
fA_14UaIX_0_01792 90 2 3 4 8 10 12 22 106
fA_14UaIX_0_01793 120 4 6 8 25 106
fA_14UaIX_0_01794 90 3 4 8 12 22 106
fA_14UaIX_0_01795 180 12 24 106
fA_14UaIX_0_01796 120 4 8 22 106
fA_14UaIX_0_01797 210 3 4 8 12 22 106
fA_14UaIX_0_01798 180 3 4 6 8 12 24 106
fA_14UaIX_0_01799 120 3 12 24 106
fA_14UaIX_0_01800 150 3 4 8 12 25 106
fA_14UaIX_0_01801 90 4 6 8 25 106
fA_14UaIX_0_01802 90 3 8 12 24 106
fA_14UaIX_0_01803 150 1 3 4 5 8 12 24 106
fA_14UaIX_0_01804 90 3 12 24 106
fBxkXD1GV44_15262 90 4 8 100 123
fBxkXD1GV44_15263 90 1 3 4 12 102 123
fBxkXD1GV44_15264 90 1 4 12 103 123
fBxkXD1GV44_15265 150 4 8 102 123
fBxkXD1GV44_15266 90 4 8 103 123
fBxkXD1GV44_15267 240 3 5 12 101 123
fBxkXD1GV44_15268 90 4 100 123
fBxkXD1GV44_15269 90 1 4 8 102 123
fBxkXD1GV44_15270 90 1 4 12 103 123
fBxkXD1GV44_15271 90 1 4 8 12 100 123
fBxkXD1GV44_15272 90 4 12 103 123
fBxkXD1GV44_15273 90 1 3 4 8 12 100 123
fBxkXD1GV44_15274 900 1 3 4 8 12 102 123
fBxkXD1GV44_15275 90 4 8 99 123
fBxkXD1GV44_15276 900 4 8 102 123
fBxkXD1GV44_15277 120 4 12 102 123
fBxkXD1GV44_15278 90 4 8 99 123
fBxkXD1GV44_15279 90 3 4 12 100 123
fBxkXD1GV44_15280 90 3 4 8 99 123
fBxkXD1GV44_15281 90 3 4 8 12 100 123
fBxkXD1GV44_15282 90 4 8 99 123
fGsQPsM1tog_11120 780 1 3 4 12 65 115
fGsQPsM1tog_11121 150 1 3 61 115
fGsQPsM1tog_11122 90 1 3 12 61 115
fGsQPsM1tog_11123 90 63 115
fGsQPsM1tog_11124 180 1 3 62 115
fGsQPsM1tog_11125 90 1 3 61 115
fGsQPsM1tog_11126 90 1 12 62 115
fGsQPsM1tog_11127 120 1 65 115
fGsQPsM1tog_11128 240 1 3 62 115
fGsQPsM1tog_11129 240 68 115
fJRPnplNkw4_01823 90 3 4 6 8 12 25 106
fJRPnplNkw4_01824 90 8 25 106
fJRPnplNkw4_01825 180 3 4 8 12 22 106
fJRPnplNkw4_01826 120 3 4 8 12 22 106
fJRPnplNkw4_01827 150 3 4 8 12 22 106
fJRPnplNkw4_01828 180 1 4 6 8 12 22 106
fJRPnplNkw4_01829 120 3 6 8 12 25 106
fJRPnplNkw4_01830 90 1 3 4 8 12 25 106
fJRPnplNkw4_01831 120 3 4 6 8 12 25 106
fJRPnplNkw4_01832 120 3 4 8 25 106
fJRPnplNkw4_01833 90 3 4 6 8 12 22 106
fJRPnplNkw4_01834 90 3 4 8 22 106
fJRPnplNkw4_01835 150 3 4 6 8 12 22 106
fJRPnplNkw4_01836 120 4 6 8 12 22 106
fJRPnplNkw4_01837 330 3 4 6 8 12 25 106
fJRPnplNkw4_01838 90 4 8 12 25 106
fJRPnplNkw4_01839 90 1 3 4 6 8 12 25 106
fJRPnplNkw4_01840 120 3 4 6 8 12 22 106
fJRPnplNkw4_01841 180 4 6 8 12 22 106
fJRPnplNkw4_01842 150 1 3 4 6 8 12 25 106
fKqfArq4j-o_06847 180 4 8 12 96 122
fKqfArq4j-o_06848 90 2 3 4 8 12 95 122
fKqfArq4j-o_06849 120 4 8 95 122
fKqfArq4j-o_06850 120 1 3 4 6 8 12 95 122
fKqfArq4j-o_06851 90 1 4 8 95 122
fKqfArq4j-o_06852 90 2 4 8 98 122
fKqfArq4j-o_06853 150 6 8 12 95 122
fKqfArq4j-o_06854 90 1 3 4 8 12 95 122
fKqfArq4j-o_06855 90 1 3 4 8 12 95 122
fKqfArq4j-o_06856 90 3 8 12 98 122
fKqfArq4j-o_06857 150 1 4 8 95 122
fKqfArq4j-o_06858 120 1 4 8 12 95 122
fKqfArq4j-o_06859 420 1 2 4 8 12 98 122
f_uKlu4dtGw_11966 390 1 2 3 4 12 69 116
f_uKlu4dtGw_11967 450 3 5 71 116
f_uKlu4dtGw_11968 180 1 3 5 72 116
f_uKlu4dtGw_11969 120 3 5 12 71 116
f_uKlu4dtGw_11970 180 1 3 5 70 116
fbQfcInGA-4_11984 180 1 3 69 116
fbQfcInGA-4_11985 330 1 3 71 116
fbQfcInGA-4_11986 569 1 2 4 5 10 69 116
fbQfcInGA-4_11987 359 1 2 3 4 69 116
fbQfcInGA-4_11988 300 3 4 12 73 116
fbQfcInGA-4_11989 210 1 2 3 4 5 69 116
fbQfcInGA-4_11990 89 3 5 71 116
fbQfcInGA-4_11991 209 1 3 4 73 116
fbQfcInGA-4_11992 90 1 2 3 4 69 116
fbQfcInGA-4_11993 359 1 12 69 116
fbQfcInGA-4_11994 119 3 71 116
fbQfcInGA-4_11995 150 1 3 70 116
fbQfcInGA-4_11996 179 1 3 4 73 116
fbQfcInGA-4_11997 90 1 2 3 70 116
fbQfcInGA-4_11998 210 3 10 71 116
fbQfcInGA-4_11999 299 3 72 116
fbQfcInGA-4_12000 389 0 1 3 69 116
fbQfcInGA-4_12001 150 1 2 3 69 116
fbQfcInGA-4_12002 630 1 2 3 69 116
fcP7uWugMHk_00035 240 1 12 33 108
fcP7uWugMHk_00036 270 1 8 33 108
fcP7uWugMHk_00037 179 1 3 4 8 12 34 108
fcP7uWugMHk_00038 270 12 33 108
fcP7uWugMHk_00039 119 4 34 108
fcP7uWugMHk_00040 719 1 12 31 108
fcP7uWugMHk_00041 120 1 12 31 108
fcP7uWugMHk_00042 119 1 4 12 31 108
fcP7uWugMHk_00043 120 1 4 31 108
fcqnIKDkulw_08229 390 1 3 61 115
fcqnIKDkulw_08230 690 1 3 63 115
fcqnIKDkulw_08231 900 3 12 61 115
fcqnIKDkulw_08232 270 1 3 61 115
fcqnIKDkulw_08233 600 1 63 115
fcqnIKDkulw_08234 270 3 61 115
fcqnIKDkulw_08235 900 1 3 63 115
fcqnIKDkulw_08236 360 12 61 115
fcqnIKDkulw_08237 690 3 63 115
fcqnIKDkulw_08238 240 1 61 115
fcqnIKDkulw_08239 120 63 115
fcqnIKDkulw_08240 330 12 61 115
fcqnIKDkulw_08241 150 3 63 115
fcqnIKDkulw_08242 150 61 115
fcqnIKDkulw_08243 480 3 61 115
fcqnIKDkulw_08244 120 3 63 115
fcqnIKDkulw_08245 300 12 61 115
fcqnIKDkulw_08246 90 1 3 63 115
fcqnIKDkulw_08247 180 3 63 115
fcqnIKDkulw_08248 120 63 115
fcqnIKDkulw_08249 900 1 3 64 115
fcqnIKDkulw_08250 360 3 64 115
fcqnIKDkulw_08251 90 3 64 115
fcqnIKDkulw_08252 180 3 64 115
fcqnIKDkulw_08253 270 1 3 65 115
ff-wrDSw9CU_02126 390 3 4 8 12 25 106
ff-wrDSw9CU_02127 300 3 4 6 8 12 25 106
ff-wrDSw9CU_02128 300 4 8 25 106
ff-wrDSw9CU_02129 180 1 3 4 6 8 12 25 106
ff-wrDSw9CU_02130 180 3 4 8 12 25 106
ff-wrDSw9CU_02131 360 1 3 4 6 8 12 25 106
ff-wrDSw9CU_02132 120 3 4 8 12 22 106
ff-wrDSw9CU_02133 420 3 4 6 8 12 25 106
ff-wrDSw9CU_02134 240 1 3 4 8 12 25 106
ff-wrDSw9CU_02135 90 8 25 106
ff-wrDSw9CU_02136 120 1 3 4 6 8 25 106
ff-wrDSw9CU_02137 210 1 3 4 8 12 22 106
ff-wrDSw9CU_02138 90 1 3 4 8 12 23 106
ff-wrDSw9CU_02139 150 3 4 6 8 12 22 106
ffAYByv2pLc_07446 90 3 4 8 12 96 122
ffAYByv2pLc_07447 120 1 4 8 12 96 122
ffAYByv2pLc_07448 90 3 4 8 95 122
ffAYByv2pLc_07449 210 3 4 8 95 122
ffAYByv2pLc_07450 90 1 3 4 8 12 95 122
ffAYByv2pLc_07451 270 4 8 12 96 122
ffAYByv2pLc_07452 120 1 3 4 8 12 96 122
ffAYByv2pLc_07453 150 3 8 12 96 122
ffAYByv2pLc_07454 90 8 95 122
ffAYByv2pLc_07455 120 2 3 4 6 8 12 95 122
ffAYByv2pLc_07456 300 3 4 12 98 122
ffskX7K-q70_10248 180 8 54 113
ffskX7K-q70_10249 120 0 3 12 54 113
ffskX7K-q70_10250 90 2 3 4 12 56 113
ffskX7K-q70_10251 150 1 2 3 4 8 10 57 113
fg3RGeL0T3s_09605 120 3 4 17 105
fg3RGeL0T3s_09606 270 3 21 105
fi4pCMvK5_A_15233 90 4 8 100 123
fi4pCMvK5_A_15234 90 4 8 100 123
fi4pCMvK5_A_15235 90 4 8 100 123
fi4pCMvK5_A_15236 90 4 8 100 123
fi4pCMvK5_A_15237 90 1 3 4 8 12 100 123
fi4pCMvK5_A_15238 90 4 8 100 123
fi4pCMvK5_A_15239 90 4 8 100 123
fi4pCMvK5_A_15240 90 1 4 8 100 123
fi4pCMvK5_A_15241 90 1 3 4 8 12 100 123
fi4pCMvK5_A_15242 90 1 4 8 12 100 123
frrU_cXFYNk_06004 360 3 90 120
frrU_cXFYNk_06005 120 1 3 89 120
frrU_cXFYNk_06006 210 1 3 4 90 120
frrU_cXFYNk_06007 600 1 3 4 89 120
frrU_cXFYNk_06008 120 1 3 4 89 120
frrU_cXFYNk_06009 240 1 3 4 89 120
frrU_cXFYNk_06010 120 1 3 89 120
frrU_cXFYNk_06011 420 1 3 90 120
frrU_cXFYNk_06012 600 1 3 89 120
frrU_cXFYNk_06013 600 1 3 4 89 120
frrU_cXFYNk_06014 300 1 3 4 90 120
frrU_cXFYNk_06015 900 1 3 89 120
frrU_cXFYNk_06016 690 1 3 4 89 120
frrU_cXFYNk_06017 390 3 90 120
frrU_cXFYNk_06018 210 3 89 120
frrU_cXFYNk_06019 420 3 12 90 120
ftIMPspkX40_00353 120 3 78 117
ftIMPspkX40_00354 180 1 3 74 117
ftg8Aqjk744_05159 480 1 3 8 12 13 104
ftg8Aqjk744_05160 120 1 3 4 15 104
fvelEcd1rY8_01968 120 4 6 8 12 25 106
fvelEcd1rY8_01969 90 3 4 6 8 25 106
fvelEcd1rY8_01970 90 8 25 106
fvelEcd1rY8_01971 150 3 6 25 106
fvelEcd1rY8_01972 120 1 3 4 6 8 12 25 106
fvelEcd1rY8_01973 180 8 25 106
fvelEcd1rY8_01974 240 3 4 6 8 12 25 106
fvelEcd1rY8_01975 90 4 6 8 25 106
fvelEcd1rY8_01976 90 3 8 12 24 106
fvelEcd1rY8_01977 390 8 12 25 106
fvelEcd1rY8_01978 210 1 4 8 22 106
fvelEcd1rY8_01979 240 3 4 6 8 12 22 106
fvelEcd1rY8_01980 120 4 6 8 12 22 106
fvelEcd1rY8_01981 90 1 3 4 5 24 106
fvelEcd1rY8_01982 120 3 4 8 12 22 106
fvelEcd1rY8_01983 150 1 3 4 12 24 106
fvelEcd1rY8_01984 180 4 8 12 22 106
fvelEcd1rY8_01985 300 1 3 4 8 12 22 106
fvelEcd1rY8_01986 90 3 4 8 12 22 106
fvelEcd1rY8_01987 180 1 4 8 22 106
fvelEcd1rY8_01988 240 1 3 4 6 8 12 22 106
fvelEcd1rY8_01989 180 3 4 6 8 12 22 106
fvelEcd1rY8_01990 90 3 6 12 24 106
fvelEcd1rY8_01991 90 3 4 6 8 12 25 106
fvelEcd1rY8_01992 120 3 4 5 12 24 106
g-q6K7foy1Y_08774 540 3 63 115
g-q6K7foy1Y_08775 360 3 63 115
g-q6K7foy1Y_08776 450 3 63 115
g-q6K7foy1Y_08777 150 63 115
g-q6K7foy1Y_08778 390 3 63 115
g-q6K7foy1Y_08779 450 3 63 115
g-q6K7foy1Y_08780 390 3 63 115
g-q6K7foy1Y_08781 180 1 3 63 115
g-q6K7foy1Y_08782 150 1 3 63 115
g-q6K7foy1Y_08783 480 1 63 115
g0p3Wwzd-3E_05040 900 4 5 12 13 104
g0p3Wwzd-3E_05041 420 1 3 12 13 104
g0p3Wwzd-3E_05042 180 3 4 15 104
g3PRJgSfFuk_08041 240 61 115
g3PRJgSfFuk_08042 180 62 115
g3PRJgSfFuk_08043 389 62 115
g3PRJgSfFuk_08044 330 62 115
g3PRJgSfFuk_08045 119 62 115
g3PRJgSfFuk_08046 360 62 115
g3PRJgSfFuk_08047 239 62 115
g3PRJgSfFuk_08048 570 62 115
g3PRJgSfFuk_08049 119 12 61 115
g3PRJgSfFuk_08050 210 1 3 61 115
g3PRJgSfFuk_08051 120 62 115
g3PRJgSfFuk_08052 209 12 62 115
g3PRJgSfFuk_08053 180 1 3 62 115
g3PRJgSfFuk_08054 120 3 61 115
g3PRJgSfFuk_08055 119 61 115
g3PRJgSfFuk_08056 750 1 3 61 115
g3PRJgSfFuk_08057 179 63 115
g3PRJgSfFuk_08058 240 1 3 63 115
g3PRJgSfFuk_08059 569 3 63 115
g3PRJgSfFuk_08060 240 63 115
g3PRJgSfFuk_08061 629 63 115
g3PRJgSfFuk_08062 659 63 115
g3PRJgSfFuk_08063 359 3 65 115
g3PRJgSfFuk_08064 900 3 61 115
g3PRJgSfFuk_08065 840 3 63 115
g3PRJgSfFuk_08066 390 3 61 115
g65TluQsEhM_04545 120 2 4 8 12 59 114
g65TluQsEhM_04546 150 3 4 8 59 114
g65TluQsEhM_04547 120 8 59 114
g65TluQsEhM_04548 120 1 4 8 59 114
g65TluQsEhM_04549 150 1 3 4 8 12 59 114
gIPCZ7ymde0_13398 120 1 4 86 119
gIPCZ7ymde0_13399 900 1 4 83 119
gIPCZ7ymde0_13400 900 1 4 83 119
gIPCZ7ymde0_13401 360 85 119
gIPCZ7ymde0_13402 900 1 83 119
gIPCZ7ymde0_13403 240 1 4 86 119
gIPCZ7ymde0_13404 539 1 4 83 119
gIPCZ7ymde0_13405 810 1 4 86 119
gIPCZ7ymde0_13406 900 1 4 83 119
gIPCZ7ymde0_13407 900 1 4 83 119
gIPCZ7ymde0_13408 150 1 4 86 119
gIPCZ7ymde0_13409 600 1 83 119
gIPCZ7ymde0_13410 239 1 4 86 119
gIPCZ7ymde0_13411 900 1 4 83 119
gIPCZ7ymde0_13412 510 1 83 119
gIPCZ7ymde0_13413 149 1 3 4 83 119
gIPCZ7ymde0_13414 210 3 4 84 119
gIPCZ7ymde0_13415 89 1 85 119
gIPCZ7ymde0_13416 149 4 85 119
gIPCZ7ymde0_13417 210 4 85 119
gIPCZ7ymde0_13418 329 1 3 4 85 119
gIPCZ7ymde0_13419 419 1 4 85 119
gIPCZ7ymde0_13420 90 1 4 86 119
gIPCZ7ymde0_13421 150 1 4 86 119
gIPCZ7ymde0_13422 239 3 85 119
gIPCZ7ymde0_13423 330 1 4 86 119
gL8V7s-k_D8_06063 210 4 6 8 12 25 106
gL8V7s-k_D8_06064 120 3 4 8 12 22 106
gL8V7s-k_D8_06065 120 3 4 8 12 22 106
gL8V7s-k_D8_06066 120 4 6 8 22 106
gL8V7s-k_D8_06067 150 3 4 8 12 22 106
gL8V7s-k_D8_06068 180 3 4 8 12 25 106
gL8V7s-k_D8_06069 90 3 4 6 8 12 22 106
gL8V7s-k_D8_06070 120 3 4 6 8 12 22 106
gL8V7s-k_D8_06071 120 3 4 6 8 12 25 106
gL8V7s-k_D8_06072 120 1 3 4 6 8 12 22 106
gL8V7s-k_D8_06073 270 3 4 6 8 12 22 106
gL8V7s-k_D8_06074 210 3 4 6 8 12 25 106
gL8V7s-k_D8_06075 180 4 8 25 106
gL8V7s-k_D8_06076 150 3 4 6 8 12 25 106
gL8V7s-k_D8_06077 120 3 4 6 8 12 22 106
gL8V7s-k_D8_06078 120 3 4 6 8 12 22 106
gL8V7s-k_D8_06079 210 1 3 4 8 12 25 106
gL8V7s-k_D8_06080 120 3 12 24 106
gRKQxGCo4hg_04554 150 4 8 12 59 114
gRKQxGCo4hg_04555 120 3 4 8 12 59 114
gRKQxGCo4hg_04556 120 0 3 8 59 114
gRKQxGCo4hg_04557 120 3 4 8 12 59 114
gRKQxGCo4hg_04558 180 2 3 4 6 8 59 114
gUlpuO4326I_02644 180 1 3 4 8 12 25 106
gUlpuO4326I_02645 90 3 4 6 8 12 22 106
gUlpuO4326I_02646 120 4 8 12 22 106
gUlpuO4326I_02647 180 4 8 25 106
gUlpuO4326I_02648 120 3 4 6 8 12 25 106
gUlpuO4326I_02649 150 3 4 8 12 22 106
gUlpuO4326I_02650 150 3 4 8 12 25 106
gUlpuO4326I_02651 90 1 4 6 8 12 25 106
gUlpuO4326I_02652 150 4 6 8 12 25 106
gUlpuO4326I_02653 210 3 4 8 12 25 106
gUlpuO4326I_02654 270 3 4 6 8 12 25 106
gUlpuO4326I_02655 90 4 8 12 25 106
gUlpuO4326I_02656 180 3 4 8 12 25 106
gUlpuO4326I_02657 120 3 4 6 8 12 22 106
gUlpuO4326I_02658 150 3 4 6 8 12 22 106
gUlpuO4326I_02659 90 4 6 8 12 22 106
gUlpuO4326I_02660 120 1 3 24 106
gVgjVNVydt0_13823 360 86 119
gVgjVNVydt0_13824 420 1 86 119
gVgjVNVydt0_13825 360 1 86 119
gVgjVNVydt0_13826 390 1 86 119
gVgjVNVydt0_13827 90 1 85 119
gVgjVNVydt0_13828 90 1 84 119
gVgjVNVydt0_13829 90 1 4 84 119
gVgjVNVydt0_13830 330 83 119
gVgjVNVydt0_13831 120 3 4 85 119
gVgjVNVydt0_13832 300 1 86 119
gVgjVNVydt0_13833 90 86 119
gVgjVNVydt0_13834 330 1 4 84 119
gVgjVNVydt0_13835 210 1 83 119
gVgjVNVydt0_13836 300 86 119
g__BYaS9viw_06630 240 4 12 81 118
g__BYaS9viw_06631 360 3 4 12 81 118
g__BYaS9viw_06632 300 1 4 12 81 118
g__BYaS9viw_06633 480 1 4 12 81 118
g__BYaS9viw_06634 240 1 4 12 81 118
g__BYaS9viw_06635 300 1 4 12 81 118
g__BYaS9viw_06636 510 1 12 81 118
gatnN08eGew_09723 210 3 4 8 12 25 106
gatnN08eGew_09724 210 3 4 6 8 12 25 106
gatnN08eGew_09725 150 3 4 8 25 106
gatnN08eGew_09726 90 8 12 24 106
gatnN08eGew_09727 150 3 4 8 12 25 106
gatnN08eGew_09728 90 3 8 12 24 106
gatnN08eGew_09729 180 3 4 6 8 12 25 106
gatnN08eGew_09730 90 3 4 8 12 24 106
gatnN08eGew_09731 180 1 3 4 8 12 25 106
gatnN08eGew_09732 300 3 4 6 8 12 22 106
gatnN08eGew_09733 90 12 24 106
gatnN08eGew_09734 210 3 4 6 8 12 25 106
gatnN08eGew_09735 330 3 4 8 12 22 106
gatnN08eGew_09736 150 3 4 6 8 12 25 106
gatnN08eGew_09737 180 3 4 6 8 12 22 106
gatnN08eGew_09738 120 3 8 12 24 106
gatnN08eGew_09739 270 3 4 6 8 12 25 106
gatnN08eGew_09740 150 1 3 4 8 12 24 106
gatnN08eGew_09741 180 1 3 8 12 24 106
gl-8gfxOoNI_02993 270 1 12 81 118
gl-8gfxOoNI_02994 210 1 12 81 118
go7ZEtK-qFA_09842 240 1 3 8 12 56 113
go7ZEtK-qFA_09843 180 3 12 56 113
go7ZEtK-qFA_09844 390 1 3 4 12 56 113
go7ZEtK-qFA_09845 900 1 3 4 12 56 113
go7ZEtK-qFA_09846 150 3 12 56 113
go7ZEtK-qFA_09847 900 3 4 12 56 113
go7ZEtK-qFA_09848 900 0 1 3 4 8 12 56 113
go7ZEtK-qFA_09849 120 3 12 54 113
go7ZEtK-qFA_09850 300 1 3 4 12 57 113
go7ZEtK-qFA_09851 90 1 3 4 12 57 113
go7ZEtK-qFA_09852 90 12 54 113
gp3YjMrPouk_11512 120 12 94 121
gp3YjMrPouk_11513 90 12 92 121
gp3YjMrPouk_11514 90 1 12 92 121
gp3YjMrPouk_11515 90 1 3 12 92 121
gp3YjMrPouk_11516 90 3 12 92 121
gp3YjMrPouk_11517 90 3 12 92 121
gp3YjMrPouk_11518 90 3 12 92 121
gp3YjMrPouk_11519 150 12 92 121
gp3YjMrPouk_11520 150 1 12 92 121
gwuLrJGfWao_13448 900 1 3 12 86 119
gwuLrJGfWao_13449 900 1 3 86 119
gwuLrJGfWao_13450 900 3 5 86 119
gwuLrJGfWao_13451 540 3 5 86 119
gwuLrJGfWao_13452 120 3 86 119
gwuLrJGfWao_13453 240 1 3 83 119
gwuLrJGfWao_13454 150 1 3 86 119
gwuLrJGfWao_13455 180 1 3 83 119
gwuLrJGfWao_13456 900 1 3 4 83 119
gwuLrJGfWao_13457 210 3 4 83 119
gwuLrJGfWao_13458 900 1 3 4 86 119
gwuLrJGfWao_13459 240 1 3 4 86 119
gwuLrJGfWao_13460 330 3 83 119
gwuLrJGfWao_13461 510 1 3 85 119
gwuLrJGfWao_13462 690 1 3 12 83 119
gwuLrJGfWao_13463 900 1 3 4 12 86 119
gwuLrJGfWao_13464 90 1 3 86 119
gwuLrJGfWao_13465 900 1 3 4 83 119
gwuLrJGfWao_13466 90 1 3 83 119
gwuLrJGfWao_13467 780 1 3 4 83 119
gwuLrJGfWao_13468 330 1 3 83 119
gyBXqmh4VBo_11454 330 1 3 4 102 123
gyBXqmh4VBo_11455 450 1 3 4 12 102 123
gyBXqmh4VBo_11456 450 1 3 4 12 102 123
gyv8ilqYSKI_14099 120 85 119
gyv8ilqYSKI_14100 120 1 85 119
gyv8ilqYSKI_14101 390 4 85 119
gyv8ilqYSKI_14102 240 1 85 119
gyv8ilqYSKI_14103 900 1 3 4 12 83 119
gyv8ilqYSKI_14104 300 1 3 4 85 119
gyv8ilqYSKI_14105 90 1 3 4 85 119
gyv8ilqYSKI_14106 120 1 3 4 83 119
gyv8ilqYSKI_14107 300 1 3 4 12 83 119
gyv8ilqYSKI_14108 330 1 4 12 83 119
gyv8ilqYSKI_14109 420 1 3 4 83 119
gyv8ilqYSKI_14110 90 1 3 4 86 119
gyv8ilqYSKI_14111 600 1 3 4 83 119
gyv8ilqYSKI_14112 900 1 3 4 12 83 119
gyv8ilqYSKI_14113 180 1 3 4 83 119
h-39QwDtA34_06792 660 4 8 12 96 122
h-39QwDtA34_06793 360 4 8 12 96 122
h-39QwDtA34_06794 240 4 6 8 12 96 122
h-39QwDtA34_06795 90 4 8 12 98 122
h-39QwDtA34_06796 120 4 8 96 122
h-39QwDtA34_06797 240 1 3 4 8 12 96 122
h-39QwDtA34_06798 780 4 8 12 96 122
h-39QwDtA34_06799 90 1 4 8 12 96 122
h-39QwDtA34_06800 150 3 4 8 12 98 122
h-39QwDtA34_06801 90 5 8 98 122
h-39QwDtA34_06802 330 4 8 12 96 122
h-39QwDtA34_06803 390 4 8 12 96 122
h-39QwDtA34_06804 630 3 4 8 12 96 122
h-39QwDtA34_06805 90 8 95 122
h-39QwDtA34_06806 90 6 8 95 122
h-39QwDtA34_06807 90 3 4 8 12 95 122
h3wgwi6EE94_08114 240 1 3 4 12 68 115
h3wgwi6EE94_08115 240 1 3 4 12 68 115
h3wgwi6EE94_08116 900 1 3 12 60 115
h3wgwi6EE94_08117 510 1 3 12 60 115
h3wgwi6EE94_08118 300 1 3 60 115
h3wgwi6EE94_08119 660 1 3 4 5 68 115
h3wgwi6EE94_08120 900 1 3 12 60 115
h3wgwi6EE94_08121 750 1 3 12 60 115
h3wgwi6EE94_08122 870 1 3 68 115
h3wgwi6EE94_08123 120 1 3 4 68 115
h3wgwi6EE94_08124 120 1 3 68 115
h3wgwi6EE94_08125 120 1 3 68 115
h3wgwi6EE94_08126 420 1 4 68 115
h3wgwi6EE94_08127 420 1 3 12 65 115
h3wgwi6EE94_08128 120 1 3 68 115
h3wgwi6EE94_08129 120 1 3 68 115
h5x6BjQUs14_06752 150 4 8 12 96 122
h5x6BjQUs14_06753 780 0 1 2 3 4 8 12 96 122
h5x6BjQUs14_06754 150 1 4 8 12 96 122
h5x6BjQUs14_06755 150 4 8 96 122
h5x6BjQUs14_06756 330 4 6 8 12 96 122
h5x6BjQUs14_06757 90 1 4 8 12 96 122
h5x6BjQUs14_06758 150 8 96 122
h5x6BjQUs14_06759 330 1 4 8 96 122
h5x6BjQUs14_06760 90 8 12 98 122
h5x6BjQUs14_06761 180 4 8 96 122
h5x6BjQUs14_06762 210 4 8 96 122
h5x6BjQUs14_06763 90 4 6 8 12 95 122
hDbd2kKQJ6s_00316 780 12 19 105
hDbd2kKQJ6s_00317 629 1 4 8 12 19 105
hDbd2kKQJ6s_00318 660 6 8 12 19 105
hDbd2kKQJ6s_00319 839 1 3 4 8 12 19 105
hDbd2kKQJ6s_00320 689 1 3 4 8 12 19 105
hLXJ63bhuDE_04218 900 3 77 117
hLXJ63bhuDE_04219 900 1 3 77 117
hLXJ63bhuDE_04220 690 77 117
hLXJ63bhuDE_04221 720 1 3 4 75 117
hLXJ63bhuDE_04222 180 3 77 117
hLXJ63bhuDE_04223 240 1 3 75 117
hLXJ63bhuDE_04224 450 3 74 117
hLXJ63bhuDE_04225 150 1 74 117
hLXJ63bhuDE_04226 90 1 3 4 76 117
hN6tT_Ctwcw_10532 720 0 1 2 3 4 7 8 9 10 11 12 55 113
hN6tT_Ctwcw_10533 210 0 1 2 3 4 7 8 9 10 11 12 54 113
hN6tT_Ctwcw_10534 90 0 1 3 4 12 56 113
hN6tT_Ctwcw_10535 150 0 1 4 12 54 113
hN6tT_Ctwcw_10536 810 1 3 4 12 56 113
hN6tT_Ctwcw_10537 300 1 3 4 12 54 113
hN6tT_Ctwcw_10538 120 0 1 3 4 12 56 113
hN6tT_Ctwcw_10539 330 1 2 3 4 8 12 54 113
hN6tT_Ctwcw_10540 390 1 3 4 12 56 113
hN6tT_Ctwcw_10541 690 1 3 4 12 54 113
hN6tT_Ctwcw_10542 900 3 12 56 113
hN6tT_Ctwcw_10543 180 3 12 56 113
hN6tT_Ctwcw_10544 270 0 1 3 4 8 12 54 113
hN6tT_Ctwcw_10545 900 1 3 4 8 12 56 113
hN6tT_Ctwcw_10546 480 3 12 56 113
hN6tT_Ctwcw_10547 300 1 2 3 4 12 54 113
hN6tT_Ctwcw_10548 900 0 1 3 8 12 56 113
hN6tT_Ctwcw_10549 900 3 12 56 113
hN6tT_Ctwcw_10550 900 1 3 4 8 12 54 113
hN6tT_Ctwcw_10551 900 3 8 12 54 113
hN6tT_Ctwcw_10552 870 8 12 54 113
hOFI_ftLMyY_00726 120 4 12 31 108
hOFI_ftLMyY_00727 150 1 3 4 31 108
hOYC_2zL3lU_12483 90 1 3 4 12 88 120
hOYC_2zL3lU_12484 360 3 12 90 120
hOYC_2zL3lU_12485 180 1 3 4 89 120
hOYC_2zL3lU_12486 300 3 90 120
hOYC_2zL3lU_12487 180 1 3 4 89 120
hOYC_2zL3lU_12488 180 1 3 4 89 120
hOYC_2zL3lU_12489 90 1 3 89 120
hOYC_2zL3lU_12490 90 1 3 89 120
hOYC_2zL3lU_12491 90 3 89 120
hOYC_2zL3lU_12492 510 1 3 90 120
hOYC_2zL3lU_12493 210 1 3 4 12 87 120
hZqorDMaLlw_03308 150 6 8 95 122
hZqorDMaLlw_03309 150 3 4 8 12 95 122
hZqorDMaLlw_03310 210 2 6 8 12 95 122
haolm5D2YBg_15862 90 0 1 3 4 8 37 109
haolm5D2YBg_15863 90 1 4 35 109
haolm5D2YBg_15864 180 1 3 4 35 109
haolm5D2YBg_15865 90 1 3 4 12 36 109
haolm5D2YBg_15866 90 1 3 4 12 36 109
haolm5D2YBg_15867 270 0 1 3 4 12 35 109
haolm5D2YBg_15868 90 3 8 37 109
haolm5D2YBg_15869 90 0 1 2 3 4 12 35 109
haolm5D2YBg_15870 150 0 1 3 4 12 35 109
haolm5D2YBg_15871 240 1 3 4 35 109
huGjxGhj2NA_12955 150 3 68 115
huGjxGhj2NA_12956 480 1 3 4 60 115
huGjxGhj2NA_12957 390 3 68 115
huGjxGhj2NA_12958 570 60 115
huGjxGhj2NA_12959 540 3 68 115
huGjxGhj2NA_12960 480 1 3 4 60 115
huGjxGhj2NA_12961 450 3 68 115
huGjxGhj2NA_12962 150 1 3 4 60 115
huGjxGhj2NA_12963 90 3 61 115
huGjxGhj2NA_12964 330 3 68 115
huGjxGhj2NA_12965 150 1 3 4 61 115
huGjxGhj2NA_12966 900 3 4 68 115
huGjxGhj2NA_12967 900 4 60 115
huGjxGhj2NA_12968 150 3 60 115
huGjxGhj2NA_12969 210 68 115
huGjxGhj2NA_12970 750 3 4 60 115
huGjxGhj2NA_12971 210 3 68 115
huGjxGhj2NA_12972 270 3 4 60 115
huGjxGhj2NA_12973 450 3 68 115
huGjxGhj2NA_12974 240 1 3 61 115
huGjxGhj2NA_12975 570 3 4 68 115
huGjxGhj2NA_12976 900 12 60 115
huGjxGhj2NA_12977 900 3 60 115
huGjxGhj2NA_12978 570 3 65 115
hwjqlN3jueg_04948 630 1 4 12 13 104
hwjqlN3jueg_04949 90 1 3 5 12 15 104
hwjqlN3jueg_04950 90 3 14 104
hwjqlN3jueg_04951 90 3 14 104
hwjqlN3jueg_04952 90 3 14 104
hxRK0-pWSO4_12441 450 1 4 47 111
hxRK0-pWSO4_12442 90 47 111
hxkCju5VUME_01048 390 3 4 6 8 12 25 106
hxkCju5VUME_01049 420 3 4 6 8 12 25 106
hxkCju5VUME_01050 270 1 3 4 6 8 12 25 106
hxkCju5VUME_01051 330 1 4 6 8 12 25 106
hxkCju5VUME_01052 480 3 4 8 12 25 106
hxkCju5VUME_01053 300 3 4 8 12 25 106
hxkCju5VUME_01054 480 3 4 8 12 25 106
hxkCju5VUME_01055 510 3 4 6 8 12 25 106
hxkCju5VUME_01056 780 1 3 4 6 8 12 25 106
hxkCju5VUME_01057 510 1 4 6 8 12 25 106
hyADCS2ceZY_01852 270 3 4 6 8 12 25 106
hyADCS2ceZY_01853 510 3 4 6 8 12 25 106
hyADCS2ceZY_01854 90 3 8 12 24 106
hyADCS2ceZY_01855 420 4 6 8 12 25 106
hyADCS2ceZY_01856 300 3 4 8 12 25 106
hyADCS2ceZY_01857 180 8 12 24 106
hyADCS2ceZY_01858 300 3 4 6 8 12 25 106
hyADCS2ceZY_01859 270 4 8 25 106
hyADCS2ceZY_01860 90 1 3 4 6 8 12 24 106
hyADCS2ceZY_01861 270 4 6 8 25 106
i2a9wijk6Yo_00669 390 1 3 12 53 112
i2a9wijk6Yo_00670 840 1 3 12 50 112
i2a9wijk6Yo_00671 450 1 3 12 53 112
i2a9wijk6Yo_00672 899 1 3 12 50 112
i2a9wijk6Yo_00673 209 3 12 50 112
i2a9wijk6Yo_00674 119 1 3 52 112
i2a9wijk6Yo_00675 450 1 3 50 112
i2a9wijk6Yo_00677 150 3 50 112
i2a9wijk6Yo_00678 180 3 50 112
i2a9wijk6Yo_00679 900 3 50 112
i2a9wijk6Yo_00680 780 1 3 12 50 112
i2a9wijk6Yo_00681 480 3 12 50 112
iCn14KLCerY_10586 120 3 12 38 110
iCn14KLCerY_10587 210 0 1 3 4 9 11 12 38 110
iCn14KLCerY_10588 90 3 38 110
iCn14KLCerY_10589 210 12 38 110
iCn14KLCerY_10590 480 3 12 38 110
iJNQXZLP_eQ_09153 900 1 3 4 67 115
iJNQXZLP_eQ_09154 270 1 3 4 67 115
iJNQXZLP_eQ_09155 720 1 3 4 67 115
iJNQXZLP_eQ_09156 600 1 67 115
iJNQXZLP_eQ_09157 360 1 3 12 67 115
iJNQXZLP_eQ_09158 360 1 3 67 115
iJNQXZLP_eQ_09159 900 1 3 12 67 115
iJNQXZLP_eQ_09160 570 1 3 4 67 115
iJNQXZLP_eQ_09161 900 1 3 67 115
iJNQXZLP_eQ_09162 810 1 3 4 67 115
iJNQXZLP_eQ_09163 900 1 3 65 115
iJNQXZLP_eQ_09164 450 65 115
iQsSa-PlZXo_00940 540 0 3 4 8 12 25 106
iQsSa-PlZXo_00941 240 3 4 8 12 25 106
iQsSa-PlZXo_00942 330 3 4 6 8 12 25 106
iQsSa-PlZXo_00943 210 1 3 4 8 12 25 106
iQsSa-PlZXo_00944 240 3 4 6 8 12 25 106
iQsSa-PlZXo_00945 210 4 6 8 12 25 106
iQsSa-PlZXo_00946 300 1 3 4 8 12 25 106
iQsSa-PlZXo_00947 180 3 4 6 8 12 25 106
iQsSa-PlZXo_00948 240 4 8 12 25 106
iQsSa-PlZXo_00949 270 4 6 8 12 25 106
iQsSa-PlZXo_00950 180 4 8 22 106
iQsSa-PlZXo_00951 240 1 4 8 22 106
iQsSa-PlZXo_00952 150 3 4 6 8 12 22 106
iQsSa-PlZXo_00953 150 3 4 6 8 12 22 106
iQsSa-PlZXo_00954 90 3 4 8 12 22 106
iQsSa-PlZXo_00955 120 3 4 6 8 12 22 106
iQsSa-PlZXo_00956 120 3 4 8 12 22 106
iQsSa-PlZXo_00957 90 3 4 8 22 106
iQsSa-PlZXo_00958 120 3 4 8 12 22 106
iQsSa-PlZXo_00959 150 3 4 6 8 22 106
iQsSa-PlZXo_00960 180 1 4 8 12 24 106
iTpFoQjlqe8_08784 510 1 3 12 65 115
iTpFoQjlqe8_08785 900 1 3 62 115
iTpFoQjlqe8_08786 600 1 3 62 115
iTpFoQjlqe8_08787 900 1 3 62 115
iTpFoQjlqe8_08788 900 1 3 62 115
iTpFoQjlqe8_08789 900 1 3 62 115
iTpFoQjlqe8_08790 900 1 3 4 62 115
iTpFoQjlqe8_08791 900 3 62 115
iTpFoQjlqe8_08792 900 1 3 62 115
iTpFoQjlqe8_08793 900 1 3 62 115
iTpFoQjlqe8_08794 900 1 3 62 115
iVCT4wXviIo_00173 120 1 3 94 121
iVCT4wXviIo_00175 450 1 3 94 121
iVCT4wXviIo_00176 90 1 3 12 94 121
iVCT4wXviIo_00178 209 1 3 94 121
iVCT4wXviIo_00179 899 1 3 12 93 121
iVCT4wXviIo_00180 899 1 3 4 93 121
iVCT4wXviIo_00181 209 1 3 4 93 121
iVCT4wXviIo_00182 510 1 3 4 93 121
iVCT4wXviIo_00183 269 1 3 93 121
iXNPE_RFcls_04862 450 1 3 4 5 12 13 104
iXNPE_RFcls_04863 90 1 3 15 104
iXNPE_RFcls_04864 450 3 5 14 104
iXNPE_RFcls_04865 330 3 5 14 104
iXNPE_RFcls_04866 510 3 14 104
iXNPE_RFcls_04867 240 3 14 104
iXNPE_RFcls_04868 90 3 14 104
iXPb5m2L0DE_03117 180 1 3 12 90 120
iXPb5m2L0DE_03118 90 3 4 90 120
iXPb5m2L0DE_03119 240 1 3 90 120
iXPb5m2L0DE_03120 90 1 3 90 120
iXPb5m2L0DE_03121 210 1 3 12 90 120
iXPb5m2L0DE_03122 450 1 3 4 90 120
iXPb5m2L0DE_03123 150 1 3 90 120
iXaA7PVRhIY_15476 210 1 3 4 12 102 123
iXaA7PVRhIY_15477 90 1 3 4 8 102 123
iedmuHmbjCY_08036 150 3 65 115
iedmuHmbjCY_08037 300 3 65 115
iedmuHmbjCY_08038 480 3 12 65 115
iedmuHmbjCY_08039 270 12 61 115
iedmuHmbjCY_08040 240 61 115
ifYuUbjsvNU_10513 90 12 57 113
ifYuUbjsvNU_10514 270 12 57 113
ifYuUbjsvNU_10515 120 1 4 12 54 113
ifYuUbjsvNU_10516 239 3 8 12 54 113
ifYuUbjsvNU_10517 240 12 54 113
ifYuUbjsvNU_10518 300 1 3 12 57 113
ifYuUbjsvNU_10519 209 3 12 57 113
ifYuUbjsvNU_10520 540 1 3 4 54 113
ifYuUbjsvNU_10521 900 0 1 3 4 12 54 113
ifYuUbjsvNU_10522 689 0 1 3 4 54 113
ifYuUbjsvNU_10523 419 3 12 54 113
ifYuUbjsvNU_10524 900 1 3 4 12 57 113
ifYuUbjsvNU_10525 390 0 1 3 4 12 57 113
ifYuUbjsvNU_10526 270 1 3 12 54 113
ifv0yl0VAXw_09000 420 1 3 4 12 63 115
ifv0yl0VAXw_09001 210 1 4 12 61 115
ifv0yl0VAXw_09002 900 1 3 12 63 115
ifv0yl0VAXw_09003 120 12 61 115
ifv0yl0VAXw_09004 900 1 3 4 12 63 115
ifv0yl0VAXw_09005 150 1 3 63 115
ifv0yl0VAXw_09007 120 1 3 63 115
ifv0yl0VAXw_09008 150 1 3 4 61 115
ifv0yl0VAXw_09009 420 1 3 12 63 115
ifv0yl0VAXw_09010 120 12 61 115
ifv0yl0VAXw_09011 690 1 3 4 12 63 115
ifv0yl0VAXw_09012 570 3 12 61 115
ifv0yl0VAXw_09013 90 3 61 115
ifv0yl0VAXw_09014 180 1 3 4 63 115
ifv0yl0VAXw_09015 150 1 12 61 115
ifv0yl0VAXw_09016 180 3 63 115
ifv0yl0VAXw_09017 90 12 61 115
ifv0yl0VAXw_09018 900 1 3 4 12 66 115
ifv0yl0VAXw_09019 540 1 3 4 12 66 115
ifv0yl0VAXw_09020 240 1 3 66 115
ifv0yl0VAXw_09021 570 3 12 66 115
ifv0yl0VAXw_09022 750 1 3 4 66 115
ifv0yl0VAXw_09023 180 1 3 12 66 115
ifv0yl0VAXw_09024 810 1 3 12 66 115
ifv0yl0VAXw_09025 360 1 3 66 115
ifv0yl0VAXw_09026 420 1 3 4 12 66 115
ifv0yl0VAXw_09027 480 1 3 67 115
ilkewrQvUiY_05219 180 8 96 122
ilkewrQvUiY_05220 300 0 2 3 4 6 8 96 122
ilkewrQvUiY_05221 90 2 4 8 10 12 98 122
ilkewrQvUiY_05222 570 8 96 122
ilkewrQvUiY_05223 90 2 3 4 8 12 98 122
ilkewrQvUiY_05224 120 1 4 8 96 122
ilkewrQvUiY_05225 420 3 4 8 96 122
ilkewrQvUiY_05226 300 3 4 8 12 96 122
ilkewrQvUiY_05227 330 1 4 8 96 122
ilkewrQvUiY_05228 240 1 4 8 96 122
ilkewrQvUiY_05229 300 0 1 2 3 4 8 12 96 122
ilkewrQvUiY_05230 120 2 8 96 122
ilkewrQvUiY_05231 90 8 10 12 98 122
ilkewrQvUiY_05232 90 3 8 12 98 122
ioF9TeiOzkM_03248 240 3 4 12 101 123
ioF9TeiOzkM_03249 90 3 4 12 100 123
ioF9TeiOzkM_03250 210 8 12 101 123
ioF9TeiOzkM_03251 510 4 12 101 123
ioF9TeiOzkM_03252 90 4 8 12 100 123
ioF9TeiOzkM_03253 90 12 101 123
ioF9TeiOzkM_03254 120 1 4 12 101 123
ioF9TeiOzkM_03255 90 3 4 12 100 123
ioF9TeiOzkM_03256 120 4 12 101 123
ioF9TeiOzkM_03257 180 1 4 12 101 123
ioF9TeiOzkM_03258 900 1 4 12 101 123
ioF9TeiOzkM_03259 90 1 3 4 101 123
ioF9TeiOzkM_03260 330 3 4 12 101 123
ioF9TeiOzkM_03261 90 8 100 123
ioF9TeiOzkM_03262 90 4 8 100 123
ioF9TeiOzkM_03263 90 1 3 4 12 100 123
ioF9TeiOzkM_03264 90 4 8 12 100 123
ioF9TeiOzkM_03265 90 3 4 100 123
ioF9TeiOzkM_03266 90 1 3 4 8 100 123
ioF9TeiOzkM_03267 90 1 3 4 8 100 123
ioF9TeiOzkM_03268 90 1 12 99 123
ioF9TeiOzkM_03269 90 1 4 12 103 123
ioF9TeiOzkM_03270 90 4 12 103 123
ioF9TeiOzkM_03271 90 3 8 103 123
ioF9TeiOzkM_03272 90 4 12 103 123
ioF9TeiOzkM_03273 90 3 12 99 123
ioF9TeiOzkM_03274 90 4 8 103 123
ioF9TeiOzkM_03275 90 4 12 103 123
ioF9TeiOzkM_03276 150 4 12 99 123
ioF9TeiOzkM_03277 90 4 12 103 123
ioF9TeiOzkM_03278 90 3 12 99 123
ioF9TeiOzkM_03279 90 1 4 12 103 123
ioF9TeiOzkM_03280 120 4 12 99 123
ioF9TeiOzkM_03281 90 8 103 123
ioF9TeiOzkM_03282 90 4 12 103 123
j6Sn07fQeYM_02933 120 1 3 4 74 117
j6Sn07fQeYM_02934 90 1 4 76 117
j6Sn07fQeYM_02935 150 3 74 117
j6Sn07fQeYM_02936 90 3 76 117
j6Sn07fQeYM_02937 150 1 74 117
j6Sn07fQeYM_02938 90 1 3 75 117
j6Sn07fQeYM_02939 180 1 3 4 74 117
j6Sn07fQeYM_02940 120 1 3 4 74 117
j6Sn07fQeYM_02941 90 1 4 78 117
j6Sn07fQeYM_02942 90 1 3 4 74 117
j6Sn07fQeYM_02943 150 1 3 4 74 117
j6Sn07fQeYM_02944 120 1 4 76 117
j6Sn07fQeYM_02945 150 3 4 78 117
j6Sn07fQeYM_02946 270 1 3 4 74 117
j6Sn07fQeYM_02947 90 3 4 74 117
j6Sn07fQeYM_02948 240 1 12 75 117
j6Sn07fQeYM_02949 90 1 3 4 78 117
jAqSIdqu71Q_11671 540 3 90 120
jAqSIdqu71Q_11672 180 1 3 90 120
jAqSIdqu71Q_11673 450 1 3 90 120
jAqSIdqu71Q_11674 300 1 3 90 120
jAqSIdqu71Q_11675 90 3 90 120
jAqSIdqu71Q_11676 90 1 3 89 120
jAqSIdqu71Q_11677 600 1 3 89 120
jAqSIdqu71Q_11678 90 1 3 87 120
jEAvjBi7gqk_05127 750 1 3 4 5 12 13 104
jEAvjBi7gqk_05128 90 1 3 4 12 15 104
jEAvjBi7gqk_05129 270 1 3 4 14 104
jEAvjBi7gqk_05130 120 3 14 104
jEAvjBi7gqk_05131 270 1 3 14 104
jEAvjBi7gqk_05132 120 3 14 104
jEAvjBi7gqk_05133 120 3 14 104
jHBmwCdgjDI_05426 420 1 3 12 32 108
jHBmwCdgjDI_05427 900 1 3 32 108
jHBmwCdgjDI_05428 180 1 3 32 108
jKUjxhGLSfQ_14906 90 3 4 8 12 100 123
jKUjxhGLSfQ_14907 90 3 4 12 99 123
jKUjxhGLSfQ_14908 90 1 4 12 101 123
jKUjxhGLSfQ_14909 90 1 3 4 12 100 123
jKUjxhGLSfQ_14910 720 1 3 4 12 102 123
jKUjxhGLSfQ_14911 90 3 12 99 123
jKUjxhGLSfQ_14912 90 1 3 4 12 101 123
jKUjxhGLSfQ_14913 90 3 4 12 101 123
jKUjxhGLSfQ_14914 90 3 4 8 12 100 123
jKUjxhGLSfQ_14915 270 1 3 4 12 102 123
jKUjxhGLSfQ_14916 90 3 4 12 99 123
jKUjxhGLSfQ_14917 90 1 4 12 101 123
jKUjxhGLSfQ_14918 90 1 3 4 12 100 123
jKUjxhGLSfQ_14919 120 3 4 8 102 123
jKUjxhGLSfQ_14920 90 3 4 8 99 123
jKUjxhGLSfQ_14921 90 3 4 8 100 123
jKUjxhGLSfQ_14922 240 1 4 12 102 123
jKUjxhGLSfQ_14923 90 4 8 99 123
jKUjxhGLSfQ_14924 90 4 12 100 123
jKUjxhGLSfQ_14925 240 1 3 4 12 102 123
jKUjxhGLSfQ_14926 90 4 12 99 123
jKUjxhGLSfQ_14927 90 3 4 12 100 123
jKUjxhGLSfQ_14928 390 1 3 4 8 12 102 123
jKUjxhGLSfQ_14929 90 1 3 4 8 12 99 123
jKUjxhGLSfQ_14930 90 1 12 102 123
jKUjxhGLSfQ_14931 90 1 3 4 8 12 102 123
jKUjxhGLSfQ_14932 90 3 4 12 100 123
jKUjxhGLSfQ_14933 90 1 3 4 99 123
jKUjxhGLSfQ_14934 240 1 3 4 8 12 102 123
jKUjxhGLSfQ_14935 90 3 4 8 100 123
jKUjxhGLSfQ_14936 180 1 3 4 12 101 123
jKUjxhGLSfQ_14937 240 1 3 4 8 12 102 123
jKUjxhGLSfQ_14938 90 1 3 4 12 100 123
jKUjxhGLSfQ_14939 90 4 12 99 123
jKUjxhGLSfQ_14940 90 3 4 12 99 123
jKUjxhGLSfQ_14941 150 1 4 12 101 123
jKUjxhGLSfQ_14942 90 3 4 12 101 123
jKUjxhGLSfQ_14943 120 3 4 12 101 123
jKUjxhGLSfQ_14944 90 1 3 4 8 12 101 123
jKUjxhGLSfQ_14945 90 1 3 4 8 12 101 123
jQosbWxluvs_12430 360 1 46 111
jQosbWxluvs_12431 89 1 46 111
jQosbWxluvs_12432 180 47 111
jRanQa3LVyU_04484 120 4 8 12 59 114
jRanQa3LVyU_04485 90 6 8 58 114
jRanQa3LVyU_04486 210 4 8 12 59 114
jRanQa3LVyU_04487 90 3 8 12 58 114
jRanQa3LVyU_04488 90 3 8 58 114
jRanQa3LVyU_04489 180 8 12 59 114
jRanQa3LVyU_04490 120 3 4 8 59 114
jRanQa3LVyU_04491 90 4 8 59 114
jRanQa3LVyU_04492 150 4 8 12 59 114
jRanQa3LVyU_04493 150 3 4 6 8 12 59 114
jRanQa3LVyU_04494 150 4 6 8 12 59 114
jY9z2ryWGQ0_01633 450 3 4 6 8 12 25 106
jY9z2ryWGQ0_01634 510 4 6 8 12 25 106
jY9z2ryWGQ0_01635 480 2 4 6 8 12 25 106
jY9z2ryWGQ0_01636 390 4 6 8 12 25 106
jY9z2ryWGQ0_01637 660 1 3 4 8 12 25 106
jY9z2ryWGQ0_01638 510 3 4 6 8 12 22 106
jY9z2ryWGQ0_01639 690 3 4 8 25 106
jY9z2ryWGQ0_01641 540 4 6 8 12 25 106
jY9z2ryWGQ0_01642 660 3 4 6 8 12 25 106
jg7M_QuN5P0_07527 120 1 3 4 6 8 12 95 122
jg7M_QuN5P0_07528 90 1 3 4 8 12 97 122
jg7M_QuN5P0_07529 150 1 3 4 8 12 96 122
jg7M_QuN5P0_07530 120 3 4 8 95 122
jg7M_QuN5P0_07531 90 4 6 8 95 122
jg7M_QuN5P0_07532 90 4 8 95 122
jg7M_QuN5P0_07533 90 6 8 12 95 122
jg7M_QuN5P0_07534 90 6 8 12 95 122
jg7M_QuN5P0_07535 240 1 3 4 8 12 96 122
jg7M_QuN5P0_07536 300 4 8 12 96 122
jg7M_QuN5P0_07537 90 4 8 12 96 122
jg7M_QuN5P0_07538 90 1 4 8 96 122
jg7M_QuN5P0_07539 90 1 3 4 6 8 12 95 122
jg7M_QuN5P0_07540 90 4 6 8 95 122
jg7M_QuN5P0_07541 180 4 8 95 122
jg7M_QuN5P0_07542 90 3 4 8 12 95 122
jg7M_QuN5P0_07543 90 4 8 96 122
jg7M_QuN5P0_07544 210 1 3 4 8 12 96 122
jg7M_QuN5P0_07545 150 1 3 4 8 96 122
jg7M_QuN5P0_07546 180 1 8 96 122
jg7M_QuN5P0_07547 150 1 3 4 8 12 96 122
jkeUQ76uVx4_09656 90 1 4 8 100 123
jkeUQ76uVx4_09657 90 4 8 12 102 123
jkeUQ76uVx4_09658 330 4 8 99 123
jkeUQ76uVx4_09659 90 4 8 100 123
jkeUQ76uVx4_09660 150 4 8 12 102 123
jkeUQ76uVx4_09661 90 1 4 8 100 123
jkeUQ76uVx4_09662 900 2 4 6 8 102 123
jkeUQ76uVx4_09663 180 4 8 102 123
jkeUQ76uVx4_09664 90 1 4 8 100 123
jkeUQ76uVx4_09665 660 1 3 4 8 12 102 123
jkeUQ76uVx4_09666 90 2 4 8 100 123
jkeUQ76uVx4_09667 300 4 8 99 123
jkeUQ76uVx4_09668 90 1 3 4 8 100 123
jkeUQ76uVx4_09669 450 4 6 8 102 123
jkeUQ76uVx4_09670 90 1 4 8 100 123
jkeUQ76uVx4_09671 570 4 8 99 123
jkeUQ76uVx4_09672 90 1 4 8 100 123
jkeUQ76uVx4_09674 90 1 4 8 100 123
jkeUQ76uVx4_09675 480 4 8 102 123
jkeUQ76uVx4_09676 90 4 8 100 123
jz8ne2HhtIw_04843 720 1 3 4 5 12 13 104
jz8ne2HhtIw_04844 90 3 12 15 104
jz8ne2HhtIw_04845 90 3 14 104
jz8ne2HhtIw_04846 210 3 14 104
jz8ne2HhtIw_04847 180 3 14 104
jz8ne2HhtIw_04848 150 3 14 104
k-wb83s4fs0_15026 90 1 4 8 100 123
k-wb83s4fs0_15027 90 3 4 12 100 123
k-wb83s4fs0_15028 690 4 6 8 102 123
k-wb83s4fs0_15029 90 1 4 12 103 123
k-wb83s4fs0_15030 90 1 4 8 100 123
k-wb83s4fs0_15031 240 4 8 102 123
k-wb83s4fs0_15032 90 4 12 103 123
k-wb83s4fs0_15033 90 1 12 101 123
k-wb83s4fs0_15034 90 4 8 100 123
k-wb83s4fs0_15035 90 4 8 102 123
k-wb83s4fs0_15036 90 4 12 103 123
k-wb83s4fs0_15037 90 4 8 100 123
k-wb83s4fs0_15038 240 4 8 102 123
k-wb83s4fs0_15039 90 4 12 103 123
k-wb83s4fs0_15040 90 1 4 8 100 123
k-wb83s4fs0_15041 240 4 8 102 123
k-wb83s4fs0_15042 90 3 4 12 103 123
k-wb83s4fs0_15043 90 4 8 100 123
k-wb83s4fs0_15044 390 4 8 102 123
k-wb83s4fs0_15045 90 4 12 103 123
k-wb83s4fs0_15046 90 1 4 8 12 100 123
k-wb83s4fs0_15047 120 4 8 102 123
k-wb83s4fs0_15048 90 1 4 8 100 123
k-wb83s4fs0_15049 90 1 4 12 103 123
k-wb83s4fs0_15050 180 4 8 102 123
k-wb83s4fs0_15051 90 4 8 100 123
k-wb83s4fs0_15052 210 4 8 102 123
k-wb83s4fs0_15053 300 1 4 8 102 123
k-wb83s4fs0_15054 90 4 12 103 123
k-wb83s4fs0_15055 150 11 12 101 123
k32OrOb9G80_01737 240 4 8 25 106
k32OrOb9G80_01738 90 3 4 8 12 22 106
k32OrOb9G80_01739 240 3 4 8 12 25 106
k32OrOb9G80_01740 89 3 4 8 12 25 106
k32OrOb9G80_01741 179 4 8 25 106
k32OrOb9G80_01742 90 3 4 6 8 12 25 106
k32OrOb9G80_01743 180 3 4 8 12 25 106
k32OrOb9G80_01744 330 4 6 8 12 25 106
k32OrOb9G80_01745 119 3 4 6 12 25 106
k32OrOb9G80_01746 299 4 8 12 25 106
k32OrOb9G80_01747 210 4 8 12 25 106
k32OrOb9G80_01748 149 3 6 8 12 24 106
k32OrOb9G80_01749 179 3 4 6 8 12 22 106
k32OrOb9G80_01750 150 3 4 8 24 106
k32OrOb9G80_01751 120 4 8 22 106
k32OrOb9G80_01752 89 3 4 8 12 22 106
k32OrOb9G80_01753 89 4 8 22 106
k32OrOb9G80_01754 120 1 3 4 8 22 106
k32OrOb9G80_01755 120 3 4 8 12 22 106
k32OrOb9G80_01756 209 3 4 24 106
k32OrOb9G80_01757 119 3 4 6 8 22 106
k32OrOb9G80_01758 150 1 3 4 8 12 24 106
k32OrOb9G80_01759 120 4 6 8 12 22 106
k32OrOb9G80_01760 119 4 5 6 8 12 22 106
k32OrOb9G80_01761 90 1 3 4 6 8 12 24 106
k32OrOb9G80_01762 89 12 24 106
k32OrOb9G80_01763 89 8 12 24 106
k32OrOb9G80_01764 149 3 4 6 12 24 106
k32OrOb9G80_01765 90 4 8 12 24 106
k3r2vkrtNhs_02276 180 6 8 25 106
k3r2vkrtNhs_02277 90 3 4 6 8 12 25 106
k3r2vkrtNhs_02278 90 3 4 8 12 25 106
k3r2vkrtNhs_02279 119 4 8 25 106
k3r2vkrtNhs_02280 149 4 8 12 25 106
k3r2vkrtNhs_02281 210 3 4 8 12 25 106
k3r2vkrtNhs_02282 300 0 3 4 8 12 25 106
k3r2vkrtNhs_02283 149 3 8 12 24 106
k3r2vkrtNhs_02284 120 3 4 6 8 12 25 106
k3r2vkrtNhs_02285 240 3 4 6 8 25 106
k3r2vkrtNhs_02286 149 4 6 8 12 25 106
k3r2vkrtNhs_02287 89 3 4 8 12 24 106
k3r2vkrtNhs_02288 90 3 4 8 12 23 106
k3r2vkrtNhs_02289 210 4 6 8 12 24 106
k3r2vkrtNhs_02290 149 1 3 12 24 106
k3r2vkrtNhs_02291 149 1 3 4 6 8 22 106
k3r2vkrtNhs_02292 89 1 3 4 12 23 106
k3r2vkrtNhs_02293 150 3 4 6 8 12 22 106
k3r2vkrtNhs_02294 90 4 6 8 12 22 106
k3r2vkrtNhs_02295 119 3 4 6 8 12 22 106
k3r2vkrtNhs_02296 119 1 4 6 8 12 22 106
k3r2vkrtNhs_02297 90 1 3 4 8 12 22 106
k3r2vkrtNhs_02298 149 6 8 12 24 106
k3r2vkrtNhs_02299 90 1 2 3 4 8 12 24 106
k3r2vkrtNhs_02300 89 1 4 8 22 106
k3r2vkrtNhs_02301 89 4 8 12 22 106
k3r2vkrtNhs_02302 89 3 4 8 12 22 106
k3r2vkrtNhs_02303 90 3 8 12 24 106
k3r2vkrtNhs_02304 90 4 6 8 12 22 106
k3r2vkrtNhs_02305 120 3 4 8 12 23 106
k3r2vkrtNhs_02306 89 3 24 106
k3r2vkrtNhs_02308 149 6 8 12 24 106
k3r2vkrtNhs_02307 90 12 24 106
k5csfUMk1Uc_11034 390 3 4 6 8 12 25 106
k5csfUMk1Uc_11035 210 4 6 8 12 25 106
k5csfUMk1Uc_11036 90 12 24 106
k5csfUMk1Uc_11037 300 3 4 8 25 106
k5csfUMk1Uc_11038 240 4 8 25 106
k5csfUMk1Uc_11039 120 3 8 12 24 106
k5csfUMk1Uc_11040 180 3 4 6 8 12 25 106
k5csfUMk1Uc_11041 90 1 3 4 8 12 24 106
k5csfUMk1Uc_11042 210 1 3 4 6 9 12 25 106
k5csfUMk1Uc_11043 150 4 6 8 12 25 106
k5csfUMk1Uc_11044 180 1 3 4 12 24 106
k5csfUMk1Uc_11045 150 1 4 6 8 12 25 106
k5csfUMk1Uc_11046 660 3 4 6 8 12 25 106
k5csfUMk1Uc_11047 180 3 4 6 8 12 25 106
k5csfUMk1Uc_11048 150 1 4 6 8 12 24 106
k5csfUMk1Uc_11049 90 3 4 8 12 24 106
k5csfUMk1Uc_11050 210 3 8 12 24 106
kV0uOaURTyI_08838 900 60 115
kV0uOaURTyI_08839 270 60 115
kV0uOaURTyI_08840 900 68 115
kV0uOaURTyI_08841 210 3 4 12 68 115
kV0uOaURTyI_08842 630 3 4 65 115
kV0uOaURTyI_08843 450 3 68 115
kV0uOaURTyI_08844 180 3 64 115
kV0uOaURTyI_08845 300 3 68 115
kV0uOaURTyI_08846 480 60 115
kV0uOaURTyI_08847 540 68 115
kV0uOaURTyI_08848 420 3 65 115
kV0uOaURTyI_08849 840 68 115
kV0uOaURTyI_08850 450 3 64 115
kV0uOaURTyI_08851 420 3 60 115
kV0uOaURTyI_08852 570 3 68 115
kV0uOaURTyI_08853 900 3 65 115
kV0uOaURTyI_08854 450 3 65 115
kV0uOaURTyI_08855 420 68 115
kV0uOaURTyI_08856 90 3 64 115
kV0uOaURTyI_08857 630 68 115
kV0uOaURTyI_08858 900 3 60 115
kV0uOaURTyI_08859 210 60 115
kV0uOaURTyI_08860 480 68 115
kV0uOaURTyI_08861 900 3 65 115
kV0uOaURTyI_08862 180 65 115
kV0uOaURTyI_08863 150 3 64 115
kV0uOaURTyI_08864 270 60 115
kbMNzbr0Wks_07235 120 1 8 12 96 122
kbMNzbr0Wks_07236 180 1 4 8 12 96 122
kbMNzbr0Wks_07237 150 4 8 96 122
kbMNzbr0Wks_07238 120 1 4 8 96 122
kbMNzbr0Wks_07239 240 8 96 122
kbMNzbr0Wks_07240 149 1 8 96 122
kbMNzbr0Wks_07241 209 4 8 96 122
kbMNzbr0Wks_07242 150 4 8 96 122
kbMNzbr0Wks_07243 120 8 95 122
kbMNzbr0Wks_07244 149 1 3 4 6 8 12 95 122
kbMNzbr0Wks_07245 119 4 8 10 12 95 122
kbMNzbr0Wks_07246 180 1 4 6 8 12 98 122
kbMNzbr0Wks_07247 269 1 3 4 8 95 122
kbMNzbr0Wks_07248 119 1 3 4 8 12 95 122
kbMNzbr0Wks_07249 120 2 4 8 96 122
keT8XAGJFtQ_11301 900 1 3 12 60 115
keT8XAGJFtQ_11302 900 1 3 12 60 115
keT8XAGJFtQ_11303 750 1 3 4 12 60 115
keT8XAGJFtQ_11304 510 12 60 115
keT8XAGJFtQ_11305 180 1 12 60 115
keT8XAGJFtQ_11306 90 1 3 60 115
keT8XAGJFtQ_11307 240 1 4 12 60 115
keT8XAGJFtQ_11308 900 1 4 12 60 115
keT8XAGJFtQ_11309 900 1 3 12 60 115
keT8XAGJFtQ_11310 900 1 3 60 115
kgYVImOwYiI_08427 390 3 12 61 115
kgYVImOwYiI_08428 270 3 63 115
kgYVImOwYiI_08429 90 3 61 115
kgYVImOwYiI_08430 900 3 63 115
kidsskux8T8_10013 120 1 4 12 54 113
kidsskux8T8_10014 180 3 4 12 56 113
kidsskux8T8_10015 150 1 3 12 56 113
kidsskux8T8_10016 210 1 3 4 12 56 113
kidsskux8T8_10017 90 1 3 4 8 12 54 113
kidsskux8T8_10018 180 12 56 113
kidsskux8T8_10019 90 3 4 56 113
kidsskux8T8_10020 180 1 3 4 12 56 113
kidsskux8T8_10021 240 3 4 56 113
kkn1m_fRbTA_10487 270 1 3 4 12 55 113
kkn1m_fRbTA_10488 150 2 3 12 54 113
kkn1m_fRbTA_10489 270 1 3 12 54 113
kkn1m_fRbTA_10490 900 1 3 4 12 56 113
kkn1m_fRbTA_10491 270 1 3 4 12 56 113
kq9Q9-U0vrc_06081 120 1 3 4 12 88 120
kq9Q9-U0vrc_06082 300 1 3 90 120
kq9Q9-U0vrc_06083 300 1 3 4 12 90 120
kq9Q9-U0vrc_06084 120 1 3 12 87 120
kq9Q9-U0vrc_06085 180 3 90 120
kq9Q9-U0vrc_06086 120 3 90 120
kq9Q9-U0vrc_06087 360 1 3 4 89 120
kq9Q9-U0vrc_06088 600 1 3 4 89 120
kq9Q9-U0vrc_06089 390 1 3 4 87 120
kryDENEwaSk_11012 90 1 4 8 102 123
kryDENEwaSk_11013 240 1 4 12 102 123
kryDENEwaSk_11014 179 1 12 101 123
kryDENEwaSk_11015 479 1 3 4 12 101 123
kryDENEwaSk_11016 900 1 3 12 101 123
kryDENEwaSk_11017 119 1 4 8 12 102 123
kryDENEwaSk_11018 90 1 3 4 102 123
kryDENEwaSk_11019 89 1 4 12 102 123
kryDENEwaSk_11020 89 1 4 12 102 123
kryDENEwaSk_11021 119 1 4 8 12 102 123
kryDENEwaSk_11022 89 1 3 4 8 102 123
kryDENEwaSk_11023 509 1 3 101 123
kryDENEwaSk_11024 210 4 12 101 123
kryDENEwaSk_11025 120 1 4 8 102 123
kryDENEwaSk_11026 89 1 4 8 102 123
kryDENEwaSk_11027 120 12 101 123
ky_XpZV6ssU_10679 900 1 3 12 50 112
ky_XpZV6ssU_10680 900 1 3 12 50 112
ky_XpZV6ssU_10681 330 1 3 12 50 112
ky_XpZV6ssU_10682 120 1 3 12 50 112
ky_XpZV6ssU_10683 900 3 49 112
ky_XpZV6ssU_10684 900 3 49 112
ky_XpZV6ssU_10685 900 3 49 112
ky_XpZV6ssU_10686 870 3 49 112
ky_XpZV6ssU_10687 900 1 3 12 50 112
ky_XpZV6ssU_10688 900 3 50 112
ky_XpZV6ssU_10689 900 3 50 112
ky_XpZV6ssU_10690 900 3 50 112
ky_XpZV6ssU_10691 900 3 50 112
ky_XpZV6ssU_10692 900 1 3 50 112
l-n-dvAfpDQ_02789 120 18 105
l-n-dvAfpDQ_02790 180 1 18 105
l-n-dvAfpDQ_02791 120 1 18 105
l-n-dvAfpDQ_02792 210 18 105
l-n-dvAfpDQ_02793 120 18 105
l-n-dvAfpDQ_02794 270 18 105
l4_FtDMCCLQ_05161 540 1 3 4 5 13 104
l4_FtDMCCLQ_05162 570 1 3 5 12 13 104
l4_FtDMCCLQ_05163 240 1 4 12 15 104
l4_FtDMCCLQ_05164 780 3 14 104
l64dJ_-iIQc_12798 90 1 3 89 120
l64dJ_-iIQc_12799 420 1 3 90 120
l64dJ_-iIQc_12800 270 1 3 12 89 120
l64dJ_-iIQc_12801 90 1 3 90 120
l64dJ_-iIQc_12802 510 1 3 4 90 120
l64dJ_-iIQc_12803 300 1 3 4 12 89 120
l64dJ_-iIQc_12804 420 1 3 90 120
l64dJ_-iIQc_12805 330 3 90 120
l64dJ_-iIQc_12806 540 1 3 90 120
l64dJ_-iIQc_12807 270 3 12 90 120
l64dJ_-iIQc_12808 900 1 3 90 120
l64dJ_-iIQc_12809 330 3 90 120
l64dJ_-iIQc_12810 120 1 3 89 120
l64dJ_-iIQc_12811 150 1 3 89 120
l64dJ_-iIQc_12812 90 1 3 89 120
l64dJ_-iIQc_12813 180 1 3 4 89 120
l64dJ_-iIQc_12814 150 3 90 120
l64dJ_-iIQc_12815 90 1 3 89 120
l64dJ_-iIQc_12816 150 1 3 89 120
l64dJ_-iIQc_12817 120 1 3 89 120
l7jBtl6ahVE_00233 240 1 3 4 80 118
l7jBtl6ahVE_00234 90 1 3 4 80 118
l7jBtl6ahVE_00235 90 1 4 79 118
lGwcV8OQT5k_12462 540 1 3 4 90 120
lGwcV8OQT5k_12463 570 1 3 4 90 120
lGwcV8OQT5k_12464 90 1 3 90 120
lGwcV8OQT5k_12465 90 1 3 90 120
lGwcV8OQT5k_12466 120 1 3 89 120
lGwcV8OQT5k_12467 210 1 3 12 89 120
lGwcV8OQT5k_12468 90 1 3 4 89 120
lGwcV8OQT5k_12469 600 1 3 4 90 120
lGwcV8OQT5k_12470 90 1 3 4 89 120
lGwcV8OQT5k_12471 150 1 3 4 89 120
lGwcV8OQT5k_12472 90 1 3 4 89 120
lGwcV8OQT5k_12473 90 1 3 4 89 120
lGwcV8OQT5k_12474 270 1 3 4 90 120
lGwcV8OQT5k_12475 210 3 4 12 88 120
lGwcV8OQT5k_12476 330 1 3 4 90 120
lGwcV8OQT5k_12477 780 1 3 4 90 120
lGwcV8OQT5k_12478 150 1 3 4 90 120
lGwcV8OQT5k_12479 120 1 3 89 120
lGwcV8OQT5k_12480 90 3 89 120
lGwcV8OQT5k_12481 90 1 89 120
lGwcV8OQT5k_12482 660 1 3 4 12 90 120
lKiCUTxDYgs_04191 360 1 77 117
lKiCUTxDYgs_04192 90 3 78 117
lKiCUTxDYgs_04193 420 74 117
lKiCUTxDYgs_04194 300 76 117
lLINwmmzfRs_07509 150 1 3 4 8 12 95 122
lLINwmmzfRs_07510 300 8 95 122
lLINwmmzfRs_07511 210 4 8 95 122
lLINwmmzfRs_07512 150 8 12 98 122
lLINwmmzfRs_07513 180 8 95 122
lLINwmmzfRs_07514 120 3 4 8 12 98 122
lLINwmmzfRs_07515 120 8 95 122
lLINwmmzfRs_07516 120 6 8 95 122
lLINwmmzfRs_07517 120 4 6 8 12 96 122
lLINwmmzfRs_07518 210 3 4 8 12 95 122
lLINwmmzfRs_07519 120 1 8 12 98 122
lLINwmmzfRs_07520 150 4 8 95 122
lLINwmmzfRs_07521 210 8 95 122
lOSRWItBSlU_12148 900 3 9 12 73 116
lOSRWItBSlU_12149 900 0 1 3 12 73 116
lOSRWItBSlU_12150 540 1 3 4 73 116
lOSRWItBSlU_12151 180 1 2 4 10 12 69 116
lOSRWItBSlU_12152 330 1 2 3 4 12 70 116
lOSRWItBSlU_12153 120 1 3 71 116
lOSRWItBSlU_12154 90 3 72 116
lRDi5wDzeVg_08068 360 66 115
lRDi5wDzeVg_08069 150 66 115
lRDi5wDzeVg_08070 479 66 115
lRDi5wDzeVg_08071 390 12 66 115
lRDi5wDzeVg_08072 149 3 65 115
lRDi5wDzeVg_08073 359 3 65 115
lRDi5wDzeVg_08074 330 3 62 115
lRDi5wDzeVg_08075 209 62 115
lRDi5wDzeVg_08076 359 62 115
lRDi5wDzeVg_08077 210 3 62 115
lRDi5wDzeVg_08078 329 62 115
lRDi5wDzeVg_08079 120 62 115
lRDi5wDzeVg_08080 180 3 62 115
lRDi5wDzeVg_08081 540 62 115
lRDi5wDzeVg_08082 150 62 115
lRDi5wDzeVg_08083 149 3 62 115
lRDi5wDzeVg_08084 330 66 115
lRDi5wDzeVg_08085 509 66 115
lRDi5wDzeVg_08086 330 3 66 115
lRDi5wDzeVg_08087 600 3 66 115
lRDi5wDzeVg_08088 330 66 115
lRDi5wDzeVg_08089 419 66 115
lTwPKsGWpos_02407 180 3 4 6 8 12 25 106
lTwPKsGWpos_02408 150 3 4 6 8 12 25 106
lTwPKsGWpos_02409 240 1 4 6 8 12 25 106
lTwPKsGWpos_02410 270 3 4 8 12 25 106
lTwPKsGWpos_02411 90 3 8 12 24 106
lTwPKsGWpos_02412 150 3 4 6 8 12 22 106
lTwPKsGWpos_02413 180 3 4 8 12 22 106
lTwPKsGWpos_02414 150 3 6 8 25 106
lTwPKsGWpos_02415 180 3 6 8 25 106
lTwPKsGWpos_02416 90 3 4 6 8 12 25 106
lTwPKsGWpos_02417 90 4 8 24 106
lTwPKsGWpos_02418 120 3 4 6 8 12 25 106
lTwPKsGWpos_02419 120 3 8 12 25 106
lTwPKsGWpos_02420 120 3 4 8 12 23 106
lTwPKsGWpos_02421 120 4 8 12 25 106
lTwPKsGWpos_02422 90 3 4 6 8 12 22 106
lTwPKsGWpos_02423 90 12 24 106
lTwPKsGWpos_02424 90 3 4 8 12 22 106
lTwPKsGWpos_02425 90 3 6 8 12 22 106
lTwPKsGWpos_02426 90 3 4 8 12 22 106
lTwPKsGWpos_02427 90 1 3 4 6 8 12 23 106
lTwPKsGWpos_02428 90 3 4 8 12 23 106
lTwPKsGWpos_02429 150 3 4 6 8 12 22 106
lTwPKsGWpos_02430 90 1 4 8 12 22 106
lTwPKsGWpos_02431 90 3 4 6 8 12 22 106
lTwPKsGWpos_02432 90 1 3 4 8 24 106
lTwPKsGWpos_02433 90 3 4 6 8 12 22 106
lTwPKsGWpos_02434 90 3 4 8 12 22 106
lTwPKsGWpos_02435 90 3 4 5 12 24 106
lVcwAQTVQzk_04984 900 1 3 4 5 12 13 104
lVcwAQTVQzk_04985 330 3 5 12 13 104
lW4lZ-4afPo_06521 120 3 4 8 12 22 106
lW4lZ-4afPo_06522 120 3 4 6 8 12 22 106
lW4lZ-4afPo_06523 150 1 4 8 22 106
lW4lZ-4afPo_06524 150 1 4 6 8 22 106
lW4lZ-4afPo_06525 120 1 3 4 6 8 22 106
lW4lZ-4afPo_06526 120 3 4 8 22 106
lW4lZ-4afPo_06527 120 3 4 6 8 12 25 106
lW4lZ-4afPo_06528 150 1 4 8 25 106
lW4lZ-4afPo_06529 120 3 4 8 12 25 106
lW4lZ-4afPo_06530 120 3 4 6 8 12 25 106
lW4lZ-4afPo_06531 120 3 4 6 8 12 25 106
lW4lZ-4afPo_06532 150 3 4 8 12 25 106
lW4lZ-4afPo_06533 120 3 4 8 12 22 106
lW4lZ-4afPo_06534 180 1 3 4 6 8 12 25 106
lW4lZ-4afPo_06535 150 4 6 8 12 25 106
lW4lZ-4afPo_06536 120 4 8 25 106
lW4lZ-4afPo_06537 120 4 8 12 25 106
lW4lZ-4afPo_06538 120 3 4 6 8 12 22 106
lW4lZ-4afPo_06539 120 3 4 8 22 106
lW4lZ-4afPo_06540 120 3 4 8 22 106
ll0qDBCxCEc_14034 150 1 3 85 119
ll0qDBCxCEc_14035 330 1 3 4 12 86 119
ll0qDBCxCEc_14036 180 1 3 4 83 119
ll0qDBCxCEc_14037 240 1 3 12 86 119
ll0qDBCxCEc_14038 300 1 3 4 86 119
ll0qDBCxCEc_14039 300 3 85 119
ll0qDBCxCEc_14040 540 1 3 4 12 86 119
ll0qDBCxCEc_14041 120 3 86 119
ll0qDBCxCEc_14042 330 1 3 85 119
ll0qDBCxCEc_14043 870 3 4 12 86 119
ll0qDBCxCEc_14044 900 1 3 12 83 119
ll0qDBCxCEc_14045 420 1 3 12 83 119
ll0qDBCxCEc_14046 690 1 3 4 86 119
ll0qDBCxCEc_14047 570 1 3 4 86 119
ll0qDBCxCEc_14048 240 1 4 12 83 119
ll0qDBCxCEc_14049 390 1 3 4 86 119
ll0qDBCxCEc_14050 90 1 3 4 86 119
ll0qDBCxCEc_14051 90 1 3 4 12 85 119
ll0qDBCxCEc_14052 90 1 3 4 83 119
ll0qDBCxCEc_14053 120 1 3 4 83 119
ll0qDBCxCEc_14054 330 1 3 4 83 119
ll0qDBCxCEc_14055 360 1 3 4 85 119
ll0qDBCxCEc_14056 540 3 85 119
ll0qDBCxCEc_14057 750 1 3 83 119
ll0qDBCxCEc_14058 360 1 3 4 83 119
ll0qDBCxCEc_14059 780 1 3 85 119
ll0qDBCxCEc_14060 270 3 85 119
llXqp4rYqUI_12075 480 2 3 7 69 116
llXqp4rYqUI_12076 240 1 3 71 116
m0MtHFfhhFs_02543 420 4 8 25 106
m0MtHFfhhFs_02544 240 3 4 8 12 25 106
m0MtHFfhhFs_02545 240 1 3 4 6 8 12 25 106
m0MtHFfhhFs_02546 240 3 4 8 12 25 106
m0MtHFfhhFs_02547 330 3 4 6 8 12 25 106
m0MtHFfhhFs_02548 120 8 12 24 106
m0MtHFfhhFs_02549 270 1 3 4 6 8 12 25 106
m0MtHFfhhFs_02550 90 3 4 12 25 106
m0MtHFfhhFs_02551 120 3 4 8 12 25 106
m0MtHFfhhFs_02552 120 3 4 8 12 25 106
m0MtHFfhhFs_02553 360 1 3 4 6 8 12 25 106
m0MtHFfhhFs_02554 90 3 4 8 12 22 106
m0MtHFfhhFs_02555 180 4 8 12 22 106
m0MtHFfhhFs_02556 210 3 4 8 12 22 106
m0MtHFfhhFs_02557 210 3 4 8 12 22 106
m0MtHFfhhFs_02558 240 3 4 6 8 12 22 106
m0MtHFfhhFs_02559 90 3 4 6 8 12 22 106
m0MtHFfhhFs_02560 210 3 4 6 8 12 22 106
m0MtHFfhhFs_02561 120 3 4 6 8 12 22 106
m0MtHFfhhFs_02562 180 3 4 6 8 12 22 106
m0MtHFfhhFs_02563 240 3 4 6 8 12 22 106
m0MtHFfhhFs_02564 90 12 24 106
m1RNLXYoxqw_12003 120 2 3 4 69 116
m1RNLXYoxqw_12004 150 3 71 116
m2IyC2iikf4_08875 900 1 3 4 62 115
m2IyC2iikf4_08876 900 1 3 62 115
m2IyC2iikf4_08877 900 3 4 62 115
m2IyC2iikf4_08878 900 1 3 4 62 115
m2IyC2iikf4_08879 900 1 3 4 62 115
m2IyC2iikf4_08880 780 1 3 4 62 115
m2IyC2iikf4_08881 90 1 3 4 65 115
m2IyC2iikf4_08882 900 1 3 4 62 115
m2IyC2iikf4_08883 900 1 3 4 62 115
m2IyC2iikf4_08884 900 1 3 4 62 115
m2IyC2iikf4_08885 300 1 3 62 115
m2IyC2iikf4_08886 90 1 3 4 65 115
m2IyC2iikf4_08887 900 1 3 4 68 115
m2IyC2iikf4_08888 900 3 4 60 115
m2IyC2iikf4_08889 510 1 3 4 60 115
m7yv3J7j2r0_01541 210 3 4 8 12 25 106
m7yv3J7j2r0_01542 210 3 4 6 8 12 25 106
m7yv3J7j2r0_01543 270 3 4 6 8 12 25 106
m7yv3J7j2r0_01544 150 1 4 6 8 25 106
m7yv3J7j2r0_01545 180 4 6 8 12 25 106
m7yv3J7j2r0_01546 90 8 12 24 106
m7yv3J7j2r0_01547 120 3 4 6 8 12 25 106
m7yv3J7j2r0_01548 300 2 3 4 6 8 12 25 106
m7yv3J7j2r0_01549 90 3 6 8 25 106
m7yv3J7j2r0_01550 210 1 3 4 6 8 12 25 106
m7yv3J7j2r0_01551 90 4 8 24 106
m7yv3J7j2r0_01552 150 3 4 6 8 25 106
m7yv3J7j2r0_01553 90 3 6 8 12 24 106
m7yv3J7j2r0_01554 150 4 6 8 12 24 106
m7yv3J7j2r0_01555 120 3 4 8 12 24 106
mDAxCWOhJTc_14087 900 1 3 12 85 119
mDAxCWOhJTc_14088 899 1 3 85 119
mDAxCWOhJTc_14089 899 1 3 4 85 119
mDAxCWOhJTc_14090 899 1 3 4 85 119
mDAxCWOhJTc_14091 899 1 3 4 85 119
mDAxCWOhJTc_14092 899 1 3 4 85 119
mDAxCWOhJTc_14093 899 1 3 4 12 85 119
mDAxCWOhJTc_14094 899 1 3 4 12 85 119
mDAxCWOhJTc_14095 899 1 3 85 119
mDAxCWOhJTc_14096 899 1 3 85 119
mFBqox1msQE_05684 900 1 3 12 53 112
mFBqox1msQE_05685 900 1 3 12 53 112
mFBqox1msQE_05686 900 3 12 53 112
mFNl2Z4EHVQ_07791 120 1 12 44 110
mFNl2Z4EHVQ_07792 150 1 4 12 44 110
mFNl2Z4EHVQ_07793 150 1 3 44 110
mHUDJ1xu2CQ_01018 330 1 3 4 8 12 22 106
mHUDJ1xu2CQ_01019 330 3 4 6 8 12 22 106
mHUDJ1xu2CQ_01020 180 1 3 4 6 8 22 106
mHUDJ1xu2CQ_01021 330 3 4 12 25 106
mHUDJ1xu2CQ_01022 240 1 4 8 22 106
mHUDJ1xu2CQ_01023 90 4 6 8 22 106
mHUDJ1xu2CQ_01024 240 1 4 6 8 12 22 106
mHUDJ1xu2CQ_01025 240 3 4 8 12 22 106
mHUDJ1xu2CQ_01026 300 4 6 8 25 106
mHUDJ1xu2CQ_01027 330 1 3 4 6 8 12 25 106
mKB7cZAR5I4_10081 90 3 54 113
mKB7cZAR5I4_10082 90 1 3 57 113
mKB7cZAR5I4_10083 150 1 3 57 113
mKB7cZAR5I4_10084 330 1 3 57 113
mKB7cZAR5I4_10085 120 0 4 12 54 113
mKB7cZAR5I4_10086 120 12 54 113
mKB7cZAR5I4_10087 120 1 3 57 113
mKB7cZAR5I4_10088 90 1 3 4 12 57 113
mKB7cZAR5I4_10089 90 1 3 4 12 57 113
mKB7cZAR5I4_10090 360 1 3 4 54 113
mKB7cZAR5I4_10091 120 1 3 57 113
mKB7cZAR5I4_10092 900 3 57 113
mKB7cZAR5I4_10093 510 3 57 113
mVu2Bw_yO-s_02818 120 19 105
mVu2Bw_yO-s_02819 299 19 105
m_2PhbTdwtE_00078 600 1 3 4 32 108
m_2PhbTdwtE_00079 270 1 4 33 108
m_2PhbTdwtE_00080 480 3 12 31 108
m_2PhbTdwtE_00081 480 3 31 108
m_2PhbTdwtE_00082 480 1 4 12 33 108
m_2PhbTdwtE_00083 480 4 12 33 108
m_2PhbTdwtE_00084 120 4 8 33 108
m_2PhbTdwtE_00085 540 4 8 31 108
m_ZVJgM-bZI_04937 360 3 5 12 13 104
m_ZVJgM-bZI_04938 90 3 12 15 104
m_ZVJgM-bZI_04939 600 1 3 14 104
maHPYjlZM58_02612 300 3 4 6 8 12 25 106
maHPYjlZM58_02613 150 3 4 8 12 25 106
maHPYjlZM58_02614 90 3 4 12 24 106
maHPYjlZM58_02615 210 3 4 6 8 12 22 106
maHPYjlZM58_02616 120 4 8 25 106
maHPYjlZM58_02617 120 4 8 22 106
maHPYjlZM58_02618 180 1 4 8 12 24 106
maHPYjlZM58_02619 90 4 6 8 25 106
maHPYjlZM58_02620 150 3 4 8 12 25 106
maHPYjlZM58_02621 240 3 4 8 12 25 106
maHPYjlZM58_02622 180 3 4 8 12 22 106
maHPYjlZM58_02623 120 3 4 8 12 22 106
maHPYjlZM58_02624 240 4 6 8 12 25 106
maHPYjlZM58_02625 90 3 4 6 8 12 25 106
maHPYjlZM58_02626 90 4 6 8 12 25 106
maHPYjlZM58_02627 120 3 4 6 8 25 106
maHPYjlZM58_02628 120 3 4 6 8 12 22 106
maHPYjlZM58_02629 90 3 4 6 8 12 22 106
maHPYjlZM58_02630 180 3 4 8 12 22 106
maHPYjlZM58_02631 120 3 4 6 8 22 106
maHPYjlZM58_02632 210 3 4 6 8 12 22 106
maHPYjlZM58_02633 150 3 4 8 12 22 106
maHPYjlZM58_02634 90 1 3 4 12 23 106
maHPYjlZM58_02635 150 1 3 4 8 12 23 106
maHPYjlZM58_02636 120 4 6 8 12 24 106
maiaAqNFm6k_09810 900 1 4 12 56 113
maiaAqNFm6k_09811 390 1 4 12 56 113
maiaAqNFm6k_09812 630 3 12 54 113
maiaAqNFm6k_09813 810 3 4 12 54 113
mmOjxy_53LU_09507 270 3 4 6 8 12 25 106
mmOjxy_53LU_09508 120 3 4 8 12 22 106
mmOjxy_53LU_09509 120 3 4 6 8 12 25 106
mmOjxy_53LU_09510 150 3 4 6 8 12 25 106
mmOjxy_53LU_09511 210 4 8 25 106
mmOjxy_53LU_09512 180 1 4 8 25 106
mmOjxy_53LU_09513 180 4 8 12 25 106
mmOjxy_53LU_09514 120 3 4 8 12 25 106
mmOjxy_53LU_09515 150 3 4 8 12 25 106
mmOjxy_53LU_09516 150 3 4 8 12 22 106
mmOjxy_53LU_09517 150 1 3 4 6 8 12 25 106
mmOjxy_53LU_09518 120 4 6 8 12 25 106
mmOjxy_53LU_09519 240 1 3 12 24 106
mmOjxy_53LU_09520 210 12 24 106
mmOjxy_53LU_09521 240 3 4 12 24 106
mmpO249Evo0_01028 150 3 4 6 8 12 25 106
mmpO249Evo0_01029 120 1 4 6 8 22 106
mmpO249Evo0_01030 90 6 8 12 22 106
mmpO249Evo0_01031 89 3 4 6 8 9 12 25 106
mmpO249Evo0_01032 119 1 4 6 8 12 25 106
mmpO249Evo0_01033 120 3 4 8 22 106
mmpO249Evo0_01034 90 3 4 6 8 12 22 106
mmpO249Evo0_01035 90 2 4 6 8 22 106
mmpO249Evo0_01036 360 3 4 6 8 12 25 106
mmpO249Evo0_01037 149 8 25 106
mmpO249Evo0_01038 90 3 4 6 8 12 25 106
mmpO249Evo0_01039 120 4 6 8 25 106
mmpO249Evo0_01040 120 3 4 8 12 22 106
mmpO249Evo0_01041 149 3 4 12 25 106
mmpO249Evo0_01042 119 3 6 8 12 25 106
mmpO249Evo0_01043 150 1 3 4 6 8 12 25 106
mmpO249Evo0_01044 119 3 4 6 8 12 22 106
mmpO249Evo0_01045 90 4 6 8 22 106
mmpO249Evo0_01046 179 4 6 8 12 22 106
mmpO249Evo0_01047 89 4 6 8 22 106
mou_i_SRC9k_02637 600 3 4 6 8 12 25 106
mou_i_SRC9k_02638 360 1 3 4 6 8 12 25 106
mou_i_SRC9k_02639 570 3 4 6 8 12 25 106
mou_i_SRC9k_02640 240 1 4 6 8 25 106
mou_i_SRC9k_02641 330 3 4 6 8 12 22 106
mou_i_SRC9k_02642 480 3 4 6 8 12 25 106
mou_i_SRC9k_02643 390 1 4 6 8 12 25 106
mw2__FRYHo8_10910 420 3 4 8 12 25 106
mw2__FRYHo8_10911 240 3 4 8 12 25 106
mw2__FRYHo8_10912 240 3 4 8 12 25 106
mw2__FRYHo8_10913 120 3 4 8 25 106
mw2__FRYHo8_10914 180 4 6 8 25 106
mw2__FRYHo8_10915 120 3 4 6 8 11 25 106
mw2__FRYHo8_10916 150 4 8 25 106
mw2__FRYHo8_10917 120 3 4 8 12 24 106
mw2__FRYHo8_10918 390 3 4 8 12 25 106
mw2__FRYHo8_10919 150 1 3 4 8 12 25 106
mw2__FRYHo8_10920 390 3 4 6 8 12 25 106
mw2__FRYHo8_10921 120 1 12 24 106
mw2__FRYHo8_10922 150 3 8 12 24 106
mw2__FRYHo8_10923 150 1 3 4 8 12 24 106
mw2__FRYHo8_10924 90 3 4 6 8 12 22 106
mw2__FRYHo8_10925 90 1 3 4 8 12 22 106
mx82n8wC-Kk_10071 210 1 12 55 113
mx82n8wC-Kk_10072 870 1 3 4 12 55 113
mx82n8wC-Kk_10073 330 1 2 3 4 12 55 113
mx82n8wC-Kk_10074 390 1 3 4 12 56 113
mx82n8wC-Kk_10075 510 1 3 4 12 56 113
mx82n8wC-Kk_10076 90 1 3 57 113
mx82n8wC-Kk_10077 360 1 4 12 56 113
mx82n8wC-Kk_10078 120 3 4 12 56 113
mx82n8wC-Kk_10079 240 12 56 113
mx82n8wC-Kk_10080 210 1 3 12 57 113
mxGeGuQZT3s_01439 480 1 2 4 6 8 12 25 106
mxGeGuQZT3s_01440 540 3 4 6 8 12 22 106
mxGeGuQZT3s_01441 450 1 3 4 6 8 12 25 106
mxGeGuQZT3s_01442 480 3 4 6 8 12 25 106
mxGeGuQZT3s_01443 150 6 8 12 24 106
mxGeGuQZT3s_01444 480 4 8 25 106
mxGeGuQZT3s_01445 180 4 8 12 25 106
mxGeGuQZT3s_01446 120 3 4 12 24 106
mxGeGuQZT3s_01447 270 3 4 6 8 12 25 106
mxGeGuQZT3s_01448 90 8 12 24 106
mxGeGuQZT3s_01449 630 1 4 6 8 12 25 106
mxGeGuQZT3s_01450 90 1 3 4 6 8 12 24 106
mxGeGuQZT3s_01451 600 1 4 6 8 22 106
mxGeGuQZT3s_01452 720 3 4 6 8 12 25 106
n1XHlUfUzeA_10790 180 3 50 112
n1XHlUfUzeA_10791 750 3 49 112
n1XHlUfUzeA_10792 210 1 3 50 112
n1XHlUfUzeA_10793 90 3 49 112
n1XHlUfUzeA_10794 240 1 3 12 50 112
n1XHlUfUzeA_10795 900 1 3 12 53 112
n1XHlUfUzeA_10796 900 3 12 53 112
n1XHlUfUzeA_10797 570 3 12 53 112
n1XHlUfUzeA_10798 270 1 3 12 53 112
n1XHlUfUzeA_10799 300 1 12 53 112
n1XHlUfUzeA_10800 330 1 3 50 112
n1XHlUfUzeA_10801 900 1 3 12 50 112
n1XHlUfUzeA_10802 360 1 3 50 112
n1XHlUfUzeA_10803 210 1 3 50 112
n1XHlUfUzeA_10804 660 1 3 12 52 112
n1XHlUfUzeA_10805 900 1 3 50 112
n1XHlUfUzeA_10806 900 1 3 12 50 112
n1XHlUfUzeA_10807 150 1 3 4 50 112
n7_QjjhL1PQ_05883 120 78 117
n7_QjjhL1PQ_05884 270 74 117
n7_QjjhL1PQ_05885 150 74 117
n7_QjjhL1PQ_05886 150 74 117
n7_QjjhL1PQ_05887 120 74 117
n7_QjjhL1PQ_05888 150 74 117
nG4gDnXwcwU_00524 90 1 3 4 21 105
nG4gDnXwcwU_00525 120 4 21 105
nG4gDnXwcwU_00526 120 1 4 18 105
nG4gDnXwcwU_00527 300 1 3 21 105
nHT_1jllz84_15444 90 4 8 100 123
nHT_1jllz84_15445 90 1 4 8 103 123
nHT_1jllz84_15446 90 3 12 101 123
nHT_1jllz84_15447 540 1 4 12 102 123
nHT_1jllz84_15448 90 1 4 8 103 123
nHT_1jllz84_15449 90 1 4 8 100 123
nHT_1jllz84_15450 210 1 4 8 102 123
nHT_1jllz84_15451 90 1 4 12 103 123
nHT_1jllz84_15452 90 1 4 8 100 123
nHT_1jllz84_15453 120 1 4 8 102 123
nHT_1jllz84_15454 90 4 8 103 123
nHT_1jllz84_15455 840 1 4 8 102 123
nHT_1jllz84_15456 90 1 4 12 103 123
nHT_1jllz84_15457 90 4 8 100 123
nHT_1jllz84_15458 300 1 4 8 102 123
nHT_1jllz84_15459 90 1 3 4 12 103 123
nHT_1jllz84_15460 90 8 103 123
nHT_1jllz84_15461 90 1 4 12 103 123
nHT_1jllz84_15462 90 1 4 12 103 123
nHT_1jllz84_15463 90 3 4 8 100 123
nHT_1jllz84_15464 90 1 4 12 103 123
nHT_1jllz84_15465 180 1 4 8 102 123
nHT_1jllz84_15466 480 1 4 8 102 123
nHT_1jllz84_15467 90 4 8 100 123
nHT_1jllz84_15468 90 1 4 8 102 123
nHT_1jllz84_15469 210 1 4 8 102 123
nHT_1jllz84_15470 90 1 4 12 100 123
nHT_1jllz84_15471 90 1 4 8 102 123
nHT_1jllz84_15472 90 1 4 12 100 123
nSmhPrplUB0_04266 150 3 4 8 12 59 114
nSmhPrplUB0_04267 120 8 12 58 114
nSmhPrplUB0_04268 90 3 4 8 12 59 114
nSmhPrplUB0_04269 150 1 4 8 12 59 114
nSmhPrplUB0_04270 90 1 3 4 8 58 114
nSmhPrplUB0_04271 150 4 6 8 12 59 114
nSmhPrplUB0_04272 90 6 8 58 114
nSmhPrplUB0_04273 90 1 3 4 6 8 12 59 114
nSmhPrplUB0_04274 120 4 8 59 114
nSmhPrplUB0_04275 90 1 3 4 8 12 59 114
nSmhPrplUB0_04276 90 1 4 8 12 59 114
nSmhPrplUB0_04277 180 1 4 8 12 59 114
nSmhPrplUB0_04278 90 3 8 59 114
nSmhPrplUB0_04279 120 6 8 58 114
nSmhPrplUB0_04280 90 8 12 58 114
nSmhPrplUB0_04281 90 6 8 12 58 114
nSmhPrplUB0_04282 240 3 6 8 58 114
nb4RO3L42XM_14329 270 1 3 4 12 101 123
nb4RO3L42XM_14330 90 1 4 12 101 123
nb4RO3L42XM_14331 480 1 3 4 12 101 123
nb4RO3L42XM_14332 150 1 4 12 101 123
nb4RO3L42XM_14333 900 1 3 4 6 12 101 123
nb4RO3L42XM_14334 210 3 4 12 101 123
nb4RO3L42XM_14335 270 3 12 101 123
nb4RO3L42XM_14336 120 12 101 123
nb4RO3L42XM_14337 240 1 3 4 12 101 123
nb4RO3L42XM_14338 150 1 4 12 101 123
nd40lIYtQmA_06250 120 4 8 100 123
nd40lIYtQmA_06251 120 1 3 4 12 103 123
nd40lIYtQmA_06252 120 1 3 4 8 100 123
nd40lIYtQmA_06253 360 4 12 102 123
nd40lIYtQmA_06254 120 4 12 103 123
nd40lIYtQmA_06255 120 1 4 8 100 123
nd40lIYtQmA_06256 240 4 12 102 123
nd40lIYtQmA_06257 120 8 103 123
nd40lIYtQmA_06258 120 1 3 4 12 100 123
nd40lIYtQmA_06259 840 4 6 8 12 102 123
nd40lIYtQmA_06260 120 4 12 103 123
nd40lIYtQmA_06261 120 3 4 8 12 100 123
nd40lIYtQmA_06262 120 1 4 8 100 123
nd40lIYtQmA_06263 210 1 4 8 102 123
nd40lIYtQmA_06264 120 1 3 4 8 103 123
nd40lIYtQmA_06265 120 4 12 100 123
nd40lIYtQmA_06266 900 1 2 3 4 8 102 123
nd40lIYtQmA_06267 750 4 12 102 123
nd40lIYtQmA_06268 120 4 8 103 123
nd40lIYtQmA_06269 120 4 8 100 123
nd40lIYtQmA_06270 720 1 4 6 8 102 123
nd40lIYtQmA_06271 120 1 4 8 12 103 123
nd40lIYtQmA_06272 90 3 4 8 100 123
nd40lIYtQmA_06273 120 4 12 102 123
nhUTwcDNl3c_00642 900 1 17 105
nhUTwcDNl3c_00643 270 17 105
nhUTwcDNl3c_00644 300 1 21 105
nhUTwcDNl3c_00645 900 1 17 105
nhUTwcDNl3c_00646 480 17 105
nhUTwcDNl3c_00647 90 1 17 105
nhUTwcDNl3c_00648 450 1 17 105
nhUTwcDNl3c_00649 90 1 3 17 105
nhUTwcDNl3c_00650 900 17 105
nhUTwcDNl3c_00651 900 1 3 17 105
nhUTwcDNl3c_00652 900 1 17 105
nia5haHgp_g_13496 150 1 3 12 86 119
nia5haHgp_g_13497 180 1 3 4 85 119
nia5haHgp_g_13498 90 1 3 4 12 86 119
nia5haHgp_g_13499 510 1 3 83 119
nia5haHgp_g_13500 540 1 3 4 12 83 119
nia5haHgp_g_13501 240 1 3 85 119
nkUpWbHvIfE_04130 90 1 3 4 74 117
nkUpWbHvIfE_04131 270 74 117
nkUpWbHvIfE_04132 150 1 3 74 117
o4cTk254bMw_12984 150 1 3 66 115
o4cTk254bMw_12985 210 3 66 115
o4cTk254bMw_12986 239 66 115
o4cTk254bMw_12987 330 66 115
o4cTk254bMw_12988 389 66 115
o4cTk254bMw_12989 180 1 66 115
o4cTk254bMw_12990 359 1 3 66 115
o4cTk254bMw_12991 600 66 115
o4cTk254bMw_12992 419 3 66 115
o4cTk254bMw_12993 179 66 115
oEPTR06q0hk_09364 90 1 4 8 100 123
oEPTR06q0hk_09365 90 4 8 100 123
oEPTR06q0hk_09366 120 1 4 8 102 123
oEPTR06q0hk_09367 90 4 12 100 123
oEPTR06q0hk_09368 90 1 4 12 100 123
oEPTR06q0hk_09369 90 1 4 8 100 123
oEPTR06q0hk_09370 90 1 4 8 100 123
oEPTR06q0hk_09371 90 4 8 100 123
oEPTR06q0hk_09372 90 1 3 4 8 101 123
oEPTR06q0hk_09373 150 4 12 102 123
oEPTR06q0hk_09374 90 1 3 4 12 100 123
oEPTR06q0hk_09375 90 1 4 8 100 123
oEPTR06q0hk_09376 90 1 4 8 100 123
oEPTR06q0hk_09377 90 4 8 102 123
oEPTR06q0hk_09378 90 1 4 8 102 123
oEPTR06q0hk_09379 150 4 12 102 123
oEPTR06q0hk_09380 90 4 12 102 123
oEPTR06q0hk_09381 300 4 12 102 123
oEPTR06q0hk_09382 540 4 12 102 123
oEPTR06q0hk_09383 120 1 12 101 123
oEPTR06q0hk_09384 210 8 102 123
oEPTR06q0hk_09385 90 1 4 8 102 123
oEPTR06q0hk_09386 210 99 123
oEPTR06q0hk_09387 150 1 4 8 99 123
oEPTR06q0hk_09388 90 1 4 12 99 123
oEPTR06q0hk_09389 240 1 4 8 99 123
oEPTR06q0hk_09390 120 3 4 8 12 99 123
oEPTR06q0hk_09391 150 1 3 4 12 101 123
oEPTR06q0hk_09392 540 3 101 123
oEPTR06q0hk_09393 120 1 5 12 101 123
oEPTR06q0hk_09394 90 1 3 4 5 8 101 123
oEPTR06q0hk_09395 300 3 5 8 12 101 123
oEyJn2XZcJk_02023 240 3 4 6 8 12 25 106
oEyJn2XZcJk_02024 90 3 6 8 12 22 106
oEyJn2XZcJk_02025 300 1 3 4 6 8 12 25 106
oEyJn2XZcJk_02026 90 3 4 8 12 25 106
oEyJn2XZcJk_02027 240 4 6 8 12 25 106
oEyJn2XZcJk_02028 120 3 12 24 106
oEyJn2XZcJk_02029 90 3 4 8 23 106
oEyJn2XZcJk_02030 90 3 4 8 23 106
oEyJn2XZcJk_02032 180 3 4 6 8 12 25 106
oEyJn2XZcJk_02033 90 3 4 6 8 12 22 106
oEyJn2XZcJk_02034 150 3 4 8 12 22 106
oEyJn2XZcJk_02035 150 1 4 8 22 106
oEyJn2XZcJk_02036 90 4 6 8 25 106
oEyJn2XZcJk_02037 270 1 3 4 6 8 12 25 106
oEyJn2XZcJk_02038 120 1 3 4 6 8 12 25 106
oEyJn2XZcJk_02039 150 1 4 8 22 106
oEyJn2XZcJk_02040 120 1 4 8 22 106
oEyJn2XZcJk_02041 90 3 4 6 8 22 106
oEyJn2XZcJk_02042 240 4 6 8 25 106
oEyJn2XZcJk_02043 90 1 4 8 22 106
oEyJn2XZcJk_02044 120 3 4 6 8 12 25 106
oPmuOUIgPZs_13424 900 1 3 86 119
oPmuOUIgPZs_13425 899 1 3 4 86 119
oPmuOUIgPZs_13426 899 1 3 86 119
oPmuOUIgPZs_13427 900 3 4 86 119
oPmuOUIgPZs_13428 450 1 3 4 86 119
oPmuOUIgPZs_13429 269 1 3 4 83 119
oPmuOUIgPZs_13430 899 1 3 86 119
oPmuOUIgPZs_13431 899 1 3 4 86 119
oPmuOUIgPZs_13432 329 3 4 86 119
oPmuOUIgPZs_13433 569 1 3 4 83 119
oWuTAp41iz0_04550 450 3 4 12 58 114
oWuTAp41iz0_04551 600 1 3 4 12 58 114
oWuTAp41iz0_04552 120 12 58 114
oWuTAp41iz0_04553 390 12 58 114
oaYtFLGELB8_10564 900 1 3 38 110
oaYtFLGELB8_10565 900 1 3 38 110
oaYtFLGELB8_10566 780 1 3 4 38 110
oaYtFLGELB8_10567 360 3 4 38 110
oaYtFLGELB8_10568 180 1 3 12 38 110
omU5FM11Hdg_03734 330 3 12 94 121
omU5FM11Hdg_03735 600 1 3 4 94 121
omU5FM11Hdg_03736 600 3 94 121
omU5FM11Hdg_03737 90 1 3 4 94 121
omU5FM11Hdg_03738 150 1 3 4 94 121
omU5FM11Hdg_03739 180 1 3 94 121
omU5FM11Hdg_03740 240 3 94 121
omU5FM11Hdg_03741 210 1 3 4 93 121
omU5FM11Hdg_03742 420 1 3 4 93 121
omU5FM11Hdg_03743 900 1 3 4 93 121
omU5FM11Hdg_03744 900 1 3 12 93 121
omU5FM11Hdg_03745 900 1 3 4 93 121
omU5FM11Hdg_03746 900 1 3 4 12 93 121
omU5FM11Hdg_03747 900 1 3 4 93 121
omU5FM11Hdg_03748 900 1 3 12 93 121
omU5FM11Hdg_03749 900 1 3 4 12 93 121
omU5FM11Hdg_03750 900 1 3 4 93 121
onELK5RLU5M_07894 120 1 12 42 110
onELK5RLU5M_07895 240 1 12 40 110
onELK5RLU5M_07896 90 3 12 38 110
onELK5RLU5M_07897 120 12 42 110
onELK5RLU5M_07898 150 1 38 110
onELK5RLU5M_07899 90 12 39 110
onELK5RLU5M_07900 90 1 12 40 110
onELK5RLU5M_07901 120 12 42 110
onELK5RLU5M_07902 210 1 3 12 44 110
op2PLi2yN9E_12038 900 0 1 2 3 4 69 116
op2PLi2yN9E_12039 210 0 1 3 4 69 116
op2PLi2yN9E_12040 210 0 1 3 4 12 71 116
op2PLi2yN9E_12041 870 0 1 2 3 4 12 69 116
ou8-6iQifDg_08315 210 1 3 62 115
ou8-6iQifDg_08316 360 1 3 12 62 115
ou8-6iQifDg_08317 689 3 62 115
ou8-6iQifDg_08318 479 3 62 115
ou8-6iQifDg_08319 450 1 3 12 62 115
ou8-6iQifDg_08320 479 3 62 115
ou8-6iQifDg_08321 209 66 115
ou8-6iQifDg_08322 780 3 62 115
ou8-6iQifDg_08323 899 1 3 62 115
ou8-6iQifDg_08324 149 1 3 61 115
ou8-6iQifDg_08325 479 1 3 4 12 62 115
ou8-6iQifDg_08326 840 1 3 4 12 63 115
ou8-6iQifDg_08327 480 1 3 63 115
ou8-6iQifDg_08328 119 1 3 62 115
ou8-6iQifDg_08329 209 3 65 115
ou8-6iQifDg_08330 89 68 115
ou8-6iQifDg_08331 809 1 3 4 5 12 60 115
ou8-6iQifDg_08332 270 1 3 68 115
ou8-6iQifDg_08333 299 1 3 4 68 115
ou8-6iQifDg_08334 240 1 3 64 115
ou8-6iQifDg_08335 179 1 3 64 115
ou8-6iQifDg_08336 89 3 64 115
ou8-6iQifDg_08337 419 3 65 115
ouJ1ET2xYyk_09948 660 3 4 12 54 113
ouJ1ET2xYyk_09949 510 12 56 113
ouX5dgrfoXU_08890 300 68 115
ouX5dgrfoXU_08891 150 68 115
ouX5dgrfoXU_08892 209 68 115
ouX5dgrfoXU_08893 900 64 115
ouX5dgrfoXU_08894 330 64 115
ouX5dgrfoXU_08895 209 3 65 115
ouX5dgrfoXU_08896 420 3 12 65 115
ouX5dgrfoXU_08897 90 3 65 115
ouX5dgrfoXU_08898 539 3 66 115
ouX5dgrfoXU_08899 330 3 12 66 115
ouX5dgrfoXU_08900 119 3 65 115
ouX5dgrfoXU_08901 900 66 115
ouX5dgrfoXU_08902 900 3 66 115
ouX5dgrfoXU_08903 899 3 66 115
ouX5dgrfoXU_08904 269 3 66 115
ouX5dgrfoXU_08905 900 3 66 115
ouX5dgrfoXU_08906 900 3 66 115
ouX5dgrfoXU_08907 540 3 12 66 115
ouX5dgrfoXU_08908 900 66 115
oxzSysvGzAE_07919 300 12 44 110
oxzSysvGzAE_07920 89 12 40 110
ozsGiPaariQ_15110 90 3 4 12 100 123
ozsGiPaariQ_15111 90 4 8 100 123
ozsGiPaariQ_15112 90 1 4 8 100 123
ozsGiPaariQ_15113 90 1 4 8 100 123
ozsGiPaariQ_15114 90 4 8 100 123
ozsGiPaariQ_15115 90 3 4 8 100 123
ozsGiPaariQ_15116 90 1 4 8 100 123
ozsGiPaariQ_15117 90 1 4 8 100 123
ozsGiPaariQ_15118 90 4 8 100 123
ozsGiPaariQ_15119 90 1 3 4 12 100 123
p33ftfmLg9o_02868 900 0 1 3 4 12 19 105
p33ftfmLg9o_02869 900 1 3 4 12 19 105
p33ftfmLg9o_02870 900 0 1 3 4 9 11 19 105
p33ftfmLg9o_02871 900 0 1 4 12 19 105
p33ftfmLg9o_02872 900 1 3 4 12 19 105
p33ftfmLg9o_02873 900 1 3 4 12 19 105
p33ftfmLg9o_02874 510 4 12 19 105
p33ftfmLg9o_02875 900 0 1 4 11 12 19 105
p33ftfmLg9o_02876 900 1 3 4 19 105
p33ftfmLg9o_02877 810 1 3 4 12 19 105
p3YrsNDFm3g_10055 660 1 3 4 12 54 113
p3YrsNDFm3g_10056 540 0 3 4 12 54 113
p3YrsNDFm3g_10057 90 1 4 12 54 113
p3YrsNDFm3g_10058 90 3 4 54 113
p3YrsNDFm3g_10059 900 1 4 12 54 113
p3YrsNDFm3g_10060 150 3 12 54 113
p3YrsNDFm3g_10061 480 3 12 54 113
p3YrsNDFm3g_10062 510 1 3 4 12 54 113
p3YrsNDFm3g_10063 300 1 3 4 12 54 113
p3YrsNDFm3g_10064 300 1 12 54 113
p6SNCvIN4EI_00881 120 0 2 32 108
p6SNCvIN4EI_00882 570 0 1 32 108
p6SNCvIN4EI_00883 180 0 1 3 4 32 108
p6SNCvIN4EI_00884 150 1 4 12 33 108
p6SNCvIN4EI_00885 480 3 4 32 108
p6SNCvIN4EI_00886 240 1 32 108
p7xbq9w7nl8_15757 90 1 2 3 4 37 109
p7xbq9w7nl8_15758 210 1 2 3 4 12 35 109
p8WgP14V2bo_12313 900 30 107
p8WgP14V2bo_12314 900 30 107
p8WgP14V2bo_12315 900 30 107
p8WgP14V2bo_12316 900 30 107
p8WgP14V2bo_12317 900 30 107
p8WgP14V2bo_12318 900 30 107
p8WgP14V2bo_12319 900 30 107
p8WgP14V2bo_12320 900 30 107
p8WgP14V2bo_12321 900 30 107
p8WgP14V2bo_12322 900 30 107
p9AxM6wT5yM_08015 840 3 4 60 115
p9AxM6wT5yM_08016 149 3 60 115
p9AxM6wT5yM_08017 900 3 68 115
p9AxM6wT5yM_08018 90 3 4 68 115
p9AxM6wT5yM_08019 420 3 60 115
p9AxM6wT5yM_08020 479 1 3 68 115
p9AxM6wT5yM_08021 240 3 64 115
p9AxM6wT5yM_08022 89 1 3 4 12 65 115
p9AxM6wT5yM_08023 149 3 12 65 115
p9AxM6wT5yM_08024 900 1 3 61 115
p9AxM6wT5yM_08025 900 12 61 115
p9AxM6wT5yM_08026 899 1 3 12 61 115
p9AxM6wT5yM_08027 659 3 61 115
p9AxM6wT5yM_08028 269 3 12 61 115
p9AxM6wT5yM_08029 900 12 64 115
p9AxM6wT5yM_08030 150 3 64 115
p9AxM6wT5yM_08031 389 3 64 115
p9AxM6wT5yM_08032 630 1 3 64 115
p9AxM6wT5yM_08033 899 3 64 115
p9AxM6wT5yM_08034 899 3 64 115
p9AxM6wT5yM_08035 149 3 64 115
p9FgzH4xizU_04935 450 1 3 4 12 13 104
p9FgzH4xizU_04936 90 12 15 104
pA6FaBIa3iM_08431 240 3 61 115
pA6FaBIa3iM_08432 300 3 63 115
pA6FaBIa3iM_08433 90 3 61 115
pA6FaBIa3iM_08434 270 63 115
pA6FaBIa3iM_08435 210 1 3 61 115
pA6FaBIa3iM_08436 120 1 3 63 115
pA6FaBIa3iM_08437 90 1 3 61 115
pA6FaBIa3iM_08438 120 1 12 61 115
pA6FaBIa3iM_08439 180 1 3 61 115
pA6FaBIa3iM_08440 90 3 63 115
pA6FaBIa3iM_08441 120 3 63 115
pA6FaBIa3iM_08442 690 1 3 4 63 115
pA6FaBIa3iM_08444 210 3 61 115
pGEsGBQrd2M_15565 240 0 1 3 4 12 35 109
pGEsGBQrd2M_15566 300 1 3 4 12 35 109
pGEsGBQrd2M_15567 360 1 3 4 12 35 109
pIvkh4QARX4_00154 900 1 3 4 12 94 121
pIvkh4QARX4_00155 510 1 3 4 12 94 121
pIvkh4QARX4_00156 510 0 1 3 4 12 94 121
pLxItW03isM_12277 300 26 107
pLxItW03isM_12278 330 26 107
pLxItW03isM_12279 269 26 107
pLxItW03isM_12280 449 26 107
pLxItW03isM_12281 510 26 107
pLxItW03isM_12282 630 26 107
pLxItW03isM_12283 149 26 107
pLxItW03isM_12284 419 26 107
pLxItW03isM_12285 360 26 107
pLxItW03isM_12286 88 26 107
pTDeKnApLGA_00752 210 34 108
pTDeKnApLGA_00753 270 34 108
pUNHUCO3x6s_10561 210 38 110
pUNHUCO3x6s_10562 90 1 38 110
pUNHUCO3x6s_10563 90 1 38 110
pWu8kQ3ic_E_14954 330 1 4 8 102 123
pWu8kQ3ic_E_14955 900 4 12 102 123
pWu8kQ3ic_E_14956 300 1 4 8 102 123
pWu8kQ3ic_E_14957 900 1 4 12 102 123
pWu8kQ3ic_E_14958 900 4 12 102 123
pWu8kQ3ic_E_14960 900 4 8 102 123
pWu8kQ3ic_E_14961 900 1 4 8 102 123
pWu8kQ3ic_E_14962 900 1 4 12 102 123
pWu8kQ3ic_E_14963 900 1 3 4 12 102 123
pbPmCOFljbc_14008 900 1 3 83 119
pbPmCOFljbc_14009 240 1 3 4 83 119
pbPmCOFljbc_14010 420 1 3 12 86 119
pbPmCOFljbc_14011 900 1 3 4 83 119
pbPmCOFljbc_14012 330 1 3 12 83 119
pbPmCOFljbc_14013 780 1 3 12 86 119
pbPmCOFljbc_14014 450 1 3 12 85 119
pbPmCOFljbc_14015 510 1 3 12 83 119
pbPmCOFljbc_14016 120 1 3 86 119
pbPmCOFljbc_14017 630 1 3 83 119
pbPmCOFljbc_14018 180 1 3 83 119
pbPmCOFljbc_14019 360 1 12 83 119
pbPmCOFljbc_14020 180 1 3 4 86 119
pbPmCOFljbc_14021 120 1 3 4 12 85 119
pbPmCOFljbc_14022 900 1 3 4 12 83 119
pbPmCOFljbc_14023 210 1 3 4 83 119
pbPmCOFljbc_14024 180 1 3 86 119
pbPmCOFljbc_14025 900 1 3 12 85 119
pbPmCOFljbc_14026 120 3 4 12 86 119
pbPmCOFljbc_14027 900 1 3 4 86 119
pbPmCOFljbc_14028 240 1 3 12 86 119
pbPmCOFljbc_14029 480 1 3 12 85 119
pbPmCOFljbc_14030 420 1 3 12 86 119
pbPmCOFljbc_14031 900 3 4 86 119
pbPmCOFljbc_14032 240 1 3 4 85 119
pbPmCOFljbc_14033 420 1 3 4 12 85 119
pcuUK_ZavW0_11821 90 1 4 69 116
pcuUK_ZavW0_11822 90 1 3 4 69 116
pjc-yg6pMw0_15602 150 1 2 3 4 12 35 109
pjc-yg6pMw0_15603 90 0 1 4 35 109
pjc-yg6pMw0_15604 150 3 4 35 109
plfCtMAKScE_13767 90 1 86 119
plfCtMAKScE_13768 210 1 85 119
plfCtMAKScE_13769 210 1 86 119
plfCtMAKScE_13770 150 1 86 119
plfCtMAKScE_13771 150 1 3 4 83 119
plfCtMAKScE_13772 120 1 86 119
plfCtMAKScE_13773 120 1 4 86 119
plfCtMAKScE_13774 90 85 119
plfCtMAKScE_13775 90 1 86 119
plfCtMAKScE_13776 120 85 119
plfCtMAKScE_13777 240 1 4 83 119
plfCtMAKScE_13778 480 1 4 83 119
plfCtMAKScE_13779 180 1 85 119
plfCtMAKScE_13780 150 1 83 119
plfCtMAKScE_13781 120 1 3 83 119
plfCtMAKScE_13782 150 1 4 86 119
plfCtMAKScE_13783 420 1 3 4 83 119
plfCtMAKScE_13784 90 1 4 85 119
plfCtMAKScE_13785 150 1 4 83 119
plfCtMAKScE_13786 90 1 85 119
plfCtMAKScE_13787 180 1 3 4 83 119
plfCtMAKScE_13788 90 1 83 119
plfCtMAKScE_13789 90 85 119
plfCtMAKScE_13790 150 1 4 5 83 119
plfCtMAKScE_13791 90 1 85 119
plfCtMAKScE_13792 270 1 4 85 119
pnVAE91E7kM_12180 690 0 1 3 69 116
pnVAE91E7kM_12181 450 3 71 116
pnVAE91E7kM_12182 270 0 1 3 4 12 71 116
pnWynN_tPTQ_02855 150 17 105
pnWynN_tPTQ_02856 270 1 3 17 105
pnWynN_tPTQ_02857 150 1 3 17 105
pqgCxgd3l2g_00010 150 0 1 3 11 32 108
pqgCxgd3l2g_00011 630 0 4 32 108
pqgCxgd3l2g_00012 120 1 4 12 33 108
pqgCxgd3l2g_00013 150 1 4 12 33 108
ptJ_Lgy0AKg_04166 90 78 117
ptJ_Lgy0AKg_04167 300 74 117
ptJ_Lgy0AKg_04168 210 74 117
q3vGoIxIqhg_00258 180 1 4 8 97 122
q3vGoIxIqhg_00259 120 4 8 95 122
q3vGoIxIqhg_00260 180 1 4 8 97 122
q3vGoIxIqhg_00261 330 3 4 8 12 96 122
q3vGoIxIqhg_00262 120 3 4 6 8 95 122
q3vGoIxIqhg_00263 240 3 4 6 8 96 122
q3vGoIxIqhg_00264 300 8 96 122
q3vGoIxIqhg_00265 120 1 4 8 95 122
q3vGoIxIqhg_00266 150 1 4 8 96 122
q3vGoIxIqhg_00267 270 1 4 8 96 122
q3vGoIxIqhg_00268 150 4 8 95 122
q3vGoIxIqhg_00269 120 1 4 6 8 12 95 122
q3vGoIxIqhg_00270 330 1 3 4 8 12 96 122
q3vGoIxIqhg_00271 420 4 8 96 122
q3vGoIxIqhg_00272 180 1 3 4 6 8 12 95 122
q3vGoIxIqhg_00273 180 1 4 8 96 122
q3vGoIxIqhg_00274 330 3 4 8 12 96 122
q3vGoIxIqhg_00275 180 3 4 6 8 12 95 122
q3vGoIxIqhg_00276 270 4 8 95 122
q3vGoIxIqhg_00277 270 3 4 8 12 96 122
q3vGoIxIqhg_00278 120 1 4 8 95 122
q3vGoIxIqhg_00279 120 1 4 8 97 122
q3vGoIxIqhg_00280 180 3 4 8 12 97 122
q3vGoIxIqhg_00281 120 3 4 8 12 97 122
q3vGoIxIqhg_00282 240 1 4 8 12 97 122
q3vGoIxIqhg_00283 210 2 3 6 8 98 122
q9Lot8rZir8_08382 540 3 65 115
q9Lot8rZir8_08383 360 1 3 4 65 115
q9Lot8rZir8_08384 660 1 3 66 115
q9Lot8rZir8_08385 630 3 66 115
q9Lot8rZir8_08386 390 3 66 115
q9Lot8rZir8_08387 900 1 3 66 115
q9Lot8rZir8_08388 270 1 3 66 115
q9Lot8rZir8_08389 120 1 3 4 66 115
q9Lot8rZir8_08390 150 1 3 4 66 115
q9Lot8rZir8_08391 270 1 3 4 66 115
q9Lot8rZir8_08392 330 3 66 115
q9Lot8rZir8_08393 240 1 3 66 115
qC8VVCdJIAs_05989 120 3 4 100 123
qC8VVCdJIAs_05990 120 4 12 103 123
qC8VVCdJIAs_05991 120 3 4 12 100 123
qC8VVCdJIAs_05992 120 4 8 12 99 123
qC8VVCdJIAs_05993 120 3 4 8 100 123
qC8VVCdJIAs_05994 120 1 3 4 8 12 100 123
qC8VVCdJIAs_05995 120 1 3 4 8 100 123
qC8VVCdJIAs_05996 120 4 100 123
qC8VVCdJIAs_05997 120 0 3 4 12 100 123
qC8VVCdJIAs_05998 120 1 3 4 100 123
qEDHCpCXuK4_12494 90 1 3 12 88 120
qEDHCpCXuK4_12495 359 1 3 12 88 120
qEDHCpCXuK4_12496 449 1 3 12 90 120
qEDHCpCXuK4_12497 90 1 3 89 120
qEDHCpCXuK4_12498 779 1 3 4 88 120
qEDHCpCXuK4_12499 90 1 3 4 89 120
qEDHCpCXuK4_12500 89 1 3 12 88 120
qEDHCpCXuK4_12501 239 1 3 90 120
qEDHCpCXuK4_12502 89 1 3 89 120
qEDHCpCXuK4_12503 840 3 90 120
qEDHCpCXuK4_12504 90 1 3 89 120
qEDHCpCXuK4_12505 690 1 3 4 90 120
qEDHCpCXuK4_12506 89 1 3 4 12 88 120
qEDHCpCXuK4_12507 180 1 3 4 90 120
qEDHCpCXuK4_12508 90 1 3 89 120
qEDHCpCXuK4_12509 89 1 3 89 120
qEDHCpCXuK4_12510 509 1 3 90 120
qEDHCpCXuK4_12511 90 3 90 120
qEDHCpCXuK4_12512 149 1 3 12 88 120
qEDHCpCXuK4_12513 149 1 3 90 120
qEDHCpCXuK4_12514 90 1 3 4 12 89 120
qEDHCpCXuK4_12515 90 3 89 120
qEDHCpCXuK4_12516 90 1 3 4 12 89 120
qEDHCpCXuK4_12517 89 12 89 120
qEDHCpCXuK4_12518 90 1 3 88 120
qEDHCpCXuK4_12519 90 1 3 90 120
qLQ_C92odGg_04186 210 1 3 4 74 117
qLQ_C92odGg_04187 330 1 4 76 117
qfhGUap3AO8_04828 720 1 3 16 104
qfhGUap3AO8_04829 750 3 5 8 12 13 104
qfhGUap3AO8_04830 90 3 4 5 15 104
qfhGUap3AO8_04831 120 1 3 4 14 104
qiiWdTz_MNc_04836 300 1 3 4 5 12 13 104
qiiWdTz_MNc_04837 90 1 3 12 15 104
qnnHNaxiQj8_08445 210 3 60 115
qnnHNaxiQj8_08446 900 3 68 115
qnnHNaxiQj8_08447 660 3 60 115
qnnHNaxiQj8_08448 90 68 115
qnnHNaxiQj8_08449 900 3 4 60 115
qnnHNaxiQj8_08450 900 3 12 60 115
qnnHNaxiQj8_08451 900 3 60 115
qnnHNaxiQj8_08452 690 60 115
qnnHNaxiQj8_08453 900 3 68 115
qnnHNaxiQj8_08454 900 3 68 115
qnnHNaxiQj8_08455 300 65 115
qnnHNaxiQj8_08456 90 68 115
qrXv5bA9AP8_07950 240 1 3 4 12 43 110
qrXv5bA9AP8_07951 120 1 3 4 43 110
qrXv5bA9AP8_07952 540 1 3 4 12 43 110
qrXv5bA9AP8_07953 120 12 42 110
qrXv5bA9AP8_07954 210 3 43 110
r0q5-Uy1lI8_07826 150 3 4 12 43 110
r0q5-Uy1lI8_07827 90 1 3 4 43 110
r0q5-Uy1lI8_07828 360 1 3 43 110
r0q5-Uy1lI8_07829 120 3 4 43 110
r0q5-Uy1lI8_07830 300 3 43 110
r0q5-Uy1lI8_07831 150 3 4 43 110
r1FLVVXkn1o_03240 390 17 105
r1FLVVXkn1o_03241 900 1 18 105
r1FLVVXkn1o_03242 900 18 105
r1FLVVXkn1o_03243 240 1 18 105
r1FLVVXkn1o_03244 120 1 18 105
r1FLVVXkn1o_03245 480 3 19 105
rHXkH5Tw2pc_12063 420 2 3 10 69 116
rHXkH5Tw2pc_12064 120 3 70 116
rHXkH5Tw2pc_12065 120 1 3 12 71 116
rJYuy4ZtC3w_00658 180 18 105
rJYuy4ZtC3w_00659 90 18 105
rJYuy4ZtC3w_00660 270 18 105
rJYuy4ZtC3w_00661 120 18 105
rJYuy4ZtC3w_00662 150 18 105
rJYuy4ZtC3w_00663 210 18 105
rLLdM_Kj_9A_01176 90 3 4 6 8 12 25 106
rLLdM_Kj_9A_01177 120 3 4 6 8 12 25 106
rLLdM_Kj_9A_01178 150 3 4 6 8 12 25 106
rLLdM_Kj_9A_01179 90 3 6 8 25 106
rLLdM_Kj_9A_01180 90 3 4 6 8 12 25 106
rLLdM_Kj_9A_01181 90 4 6 8 12 25 106
rLLdM_Kj_9A_01182 180 3 4 6 8 12 22 106
rLLdM_Kj_9A_01183 120 4 6 8 22 106
rLLdM_Kj_9A_01184 210 1 3 4 6 8 12 25 106
rLLdM_Kj_9A_01185 90 3 4 6 8 12 22 106
rLLdM_Kj_9A_01186 150 3 4 6 8 22 106
rLLdM_Kj_9A_01187 120 3 4 6 8 12 25 106
rLLdM_Kj_9A_01188 90 3 12 25 106
rLLdM_Kj_9A_01189 120 1 3 4 6 8 12 25 106
rLLdM_Kj_9A_01190 150 3 4 6 8 12 22 106
rVYz4Xb1y5o_00540 600 1 3 77 117
rVYz4Xb1y5o_00541 270 74 117
rVYz4Xb1y5o_00542 90 1 76 117
rVYz4Xb1y5o_00543 180 74 117
rVYz4Xb1y5o_00544 150 1 77 117
rVYz4Xb1y5o_00545 180 74 117
rXBKx9frl4o_05687 120 4 8 96 122
rXBKx9frl4o_05688 209 4 8 12 95 122
rXBKx9frl4o_05689 179 3 4 8 12 95 122
rXBKx9frl4o_05690 179 8 95 122
rXBKx9frl4o_05691 359 4 8 95 122
rXBKx9frl4o_05692 180 2 4 8 96 122
rXBKx9frl4o_05693 210 1 4 8 95 122
rXBKx9frl4o_05694 119 3 4 8 12 98 122
rXBKx9frl4o_05695 210 0 3 8 95 122
rXBKx9frl4o_05696 120 1 3 4 8 97 122
rXBKx9frl4o_05697 269 8 96 122
rXBKx9frl4o_05698 179 3 4 8 12 97 122
rXBKx9frl4o_05699 240 1 3 4 8 95 122
rXBKx9frl4o_05700 300 1 3 8 96 122
rXBKx9frl4o_05701 179 0 3 4 8 12 95 122
rXBKx9frl4o_05702 209 1 4 8 12 98 122
rXBKx9frl4o_05703 119 4 8 96 122
rXBKx9frl4o_05704 180 4 8 95 122
rXBKx9frl4o_05705 239 3 4 8 12 96 122
rXBKx9frl4o_05706 120 4 8 95 122
rXBKx9frl4o_05707 300 4 8 96 122
rXBKx9frl4o_05708 180 1 8 12 98 122
rXBKx9frl4o_05709 150 3 4 6 8 12 96 122
rXmViaPoErk_08865 300 1 3 4 66 115
rXmViaPoErk_08866 419 1 3 4 66 115
rXmViaPoErk_08867 120 1 3 66 115
rXmViaPoErk_08868 90 1 3 66 115
rXmViaPoErk_08869 900 1 3 4 66 115
rXmViaPoErk_08870 570 3 66 115
rXmViaPoErk_08871 900 3 4 66 115
rXmViaPoErk_08872 210 1 3 4 66 115
rXmViaPoErk_08873 899 1 3 4 12 66 115
rXmViaPoErk_08874 449 1 3 4 66 115
rbjgTjH8fT0_10579 120 1 3 38 110
rbjgTjH8fT0_10580 150 3 12 38 110
rbjgTjH8fT0_10581 90 3 12 38 110
rbjgTjH8fT0_10582 90 3 38 110
rbjgTjH8fT0_10583 120 3 38 110
rbjgTjH8fT0_10584 270 1 3 4 38 110
rbjgTjH8fT0_10585 210 3 4 38 110
rdsCbquuoXE_00190 180 1 3 4 80 118
rdsCbquuoXE_00191 150 1 4 79 118
rpMa6exLthw_01453 90 6 8 22 106
rpMa6exLthw_01454 180 3 4 6 8 12 25 106
rpMa6exLthw_01455 90 3 8 12 24 106
rpMa6exLthw_01456 90 3 4 6 8 25 106
rpMa6exLthw_01457 120 3 4 6 8 12 22 106
rpMa6exLthw_01458 150 1 4 6 8 25 106
rpMa6exLthw_01459 90 3 4 12 24 106
rpMa6exLthw_01460 240 4 6 8 25 106
rpMa6exLthw_01461 90 3 4 8 12 22 106
rpMa6exLthw_01462 90 3 4 6 8 12 22 106
rpMa6exLthw_01463 90 1 4 6 8 22 106
rpMa6exLthw_01464 90 3 4 8 12 22 106
rpMa6exLthw_01465 90 3 4 8 12 25 106
rpMa6exLthw_01466 90 3 4 8 12 22 106
rpMa6exLthw_01467 90 3 4 6 8 22 106
rpMa6exLthw_01468 90 3 4 6 8 22 106
rpMa6exLthw_01469 150 4 8 22 106
ryuaao4X6O0_04901 750 1 3 4 5 12 13 104
ryuaao4X6O0_04902 90 1 3 12 15 104
s0vaLqTw9pw_01387 270 3 4 6 8 12 22 106
s0vaLqTw9pw_01388 210 3 4 6 8 12 25 106
s0vaLqTw9pw_01389 90 4 8 12 25 106
s0vaLqTw9pw_01390 90 4 6 8 12 25 106
s0vaLqTw9pw_01391 240 3 4 8 12 25 106
s0vaLqTw9pw_01392 330 3 4 6 8 12 22 106
s0vaLqTw9pw_01393 180 3 4 8 12 22 106
s0vaLqTw9pw_01394 210 3 4 8 12 22 106
s0vaLqTw9pw_01395 90 4 6 8 12 22 106
s0vaLqTw9pw_01396 180 1 4 6 8 22 106
s0vaLqTw9pw_01397 90 3 4 6 8 12 22 106
s0vaLqTw9pw_01398 210 3 4 6 8 12 22 106
s0vaLqTw9pw_01399 90 3 4 8 22 106
s0vaLqTw9pw_01400 150 3 4 6 8 12 22 106
s0vaLqTw9pw_01401 90 3 4 6 8 12 25 106
s0vaLqTw9pw_01402 150 1 3 4 6 8 12 25 106
s0vaLqTw9pw_01403 90 1 3 4 6 8 25 106
s0vaLqTw9pw_01404 90 3 6 8 12 25 106
s0vaLqTw9pw_01405 120 3 4 8 12 25 106
s2VRaAhoS-Q_11867 390 0 1 2 3 69 116
s2VRaAhoS-Q_11868 900 0 1 2 3 4 12 69 116
s2VRaAhoS-Q_11869 900 1 2 3 69 116
s2VRaAhoS-Q_11870 240 1 2 3 4 69 116
s2VRaAhoS-Q_11871 270 0 1 3 4 12 71 116
s3aR3yP4aKg_09575 90 3 89 120
s3aR3yP4aKg_09576 90 1 3 12 88 120
s3aR3yP4aKg_09577 90 1 3 90 120
s3aR3yP4aKg_09578 180 1 3 89 120
s8JsYHSLnBY_00831 600 0 1 3 32 108
s8JsYHSLnBY_00832 179 1 4 12 31 108
s8JsYHSLnBY_00833 209 4 32 108
s8JsYHSLnBY_00834 179 1 12 31 108
s8JsYHSLnBY_00835 149 1 3 4 32 108
s8JsYHSLnBY_00836 120 1 12 31 108
s8JsYHSLnBY_00837 120 1 12 31 108
s8JsYHSLnBY_00838 178 2 4 12 34 108
sJinabhuNvk_14290 180 3 4 8 11 12 102 123
sJinabhuNvk_14291 120 4 8 102 123
sJinabhuNvk_14292 150 1 3 4 12 102 123
sJinabhuNvk_14293 240 1 3 4 8 12 102 123
sJinabhuNvk_14294 120 1 4 8 102 123
sJinabhuNvk_14295 90 1 4 12 102 123
sKKSZ-hQKz0_13548 180 1 3 86 119
sKKSZ-hQKz0_13549 210 1 3 85 119
sKKSZ-hQKz0_13550 720 1 3 85 119
sKKSZ-hQKz0_13551 660 1 3 85 119
sKKSZ-hQKz0_13552 420 1 3 4 85 119
sKKSZ-hQKz0_13553 120 3 85 119
sKKSZ-hQKz0_13554 600 1 3 4 12 83 119
sKKSZ-hQKz0_13555 480 1 3 4 85 119
sKKSZ-hQKz0_13556 900 1 3 4 83 119
sKKSZ-hQKz0_13557 900 1 3 4 12 83 119
sKKSZ-hQKz0_13558 900 1 3 4 83 119
sKKSZ-hQKz0_13559 270 1 3 4 83 119
sKKSZ-hQKz0_13560 900 1 3 4 83 119
sKKSZ-hQKz0_13561 390 1 3 4 83 119
sKKSZ-hQKz0_13562 900 1 3 4 83 119
sKKSZ-hQKz0_13563 900 1 3 4 83 119
sKKSZ-hQKz0_13564 270 1 3 4 83 119
sLx08J_2YrI_15537 150 28 107
sLx08J_2YrI_15538 210 28 107
sLx08J_2YrI_15539 120 28 107
sLx08J_2YrI_15540 240 27 107
sRczz-pjVuM_13604 900 1 86 119
sRczz-pjVuM_13605 510 1 86 119
sRczz-pjVuM_13606 600 1 86 119
sRczz-pjVuM_13607 420 86 119
sRczz-pjVuM_13608 270 1 86 119
sRczz-pjVuM_13609 150 1 83 119
sRczz-pjVuM_13610 150 1 4 86 119
sRczz-pjVuM_13611 150 1 83 119
sRczz-pjVuM_13612 630 1 4 86 119
sRczz-pjVuM_13613 900 1 4 86 119
sRczz-pjVuM_13614 600 1 86 119
sRczz-pjVuM_13615 840 1 86 119
sRczz-pjVuM_13616 540 1 85 119
sRczz-pjVuM_13617 210 1 83 119
sRczz-pjVuM_13618 330 1 83 119
sRczz-pjVuM_13619 330 1 4 85 119
sRczz-pjVuM_13620 900 1 4 83 119
sRczz-pjVuM_13621 360 1 83 119
sRczz-pjVuM_13622 690 1 83 119
sRczz-pjVuM_13624 150 1 4 85 119
sRczz-pjVuM_13625 120 85 119
sRczz-pjVuM_13626 330 1 83 119
sRczz-pjVuM_13627 120 1 4 85 119
sRczz-pjVuM_13628 240 1 4 83 119
sdIWdPNJ2Ao_02773 360 1 12 17 105
sdIWdPNJ2Ao_02774 240 1 3 17 105
sdIWdPNJ2Ao_02775 150 3 21 105
sdIWdPNJ2Ao_02776 150 1 3 12 17 105
sdIWdPNJ2Ao_02777 120 21 105
sdIWdPNJ2Ao_02778 150 3 21 105
sdIWdPNJ2Ao_02779 180 17 105
sdIWdPNJ2Ao_02780 150 1 17 105
sdIWdPNJ2Ao_02781 120 3 17 105
sdIWdPNJ2Ao_02782 360 3 17 105
sdIWdPNJ2Ao_02783 180 17 105
sdIWdPNJ2Ao_02784 120 1 3 17 105
sdIWdPNJ2Ao_02785 180 1 3 4 17 105
si2b3R6hA9Q_15605 90 1 3 4 12 36 109
si2b3R6hA9Q_15606 90 0 1 3 4 37 109
si2b3R6hA9Q_15607 240 3 4 12 35 109
si2b3R6hA9Q_15608 120 1 3 4 35 109
si2b3R6hA9Q_15609 90 3 4 12 36 109
si2b3R6hA9Q_15610 150 0 1 3 4 35 109
si2b3R6hA9Q_15611 210 35 109
si2b3R6hA9Q_15612 150 1 2 4 35 109
si2b3R6hA9Q_15613 150 1 2 4 12 35 109
si2b3R6hA9Q_15615 210 3 12 35 109
si2b3R6hA9Q_15614 90 1 2 3 4 35 109
si2b3R6hA9Q_15617 180 1 3 4 35 109
si2b3R6hA9Q_15618 90 0 1 3 4 12 37 109
si2b3R6hA9Q_15619 90 0 1 3 4 12 35 109
si2b3R6hA9Q_15620 90 1 4 37 109
si2b3R6hA9Q_15621 90 2 3 4 12 35 109
si2b3R6hA9Q_15622 120 0 4 35 109
si2b3R6hA9Q_15623 90 0 3 12 35 109
si2b3R6hA9Q_15624 90 2 3 4 35 109
si2b3R6hA9Q_15625 90 0 1 3 4 35 109
siDqkfjADDU_12056 900 3 73 116
siDqkfjADDU_12057 750 1 3 73 116
siDqkfjADDU_12058 600 3 73 116
siDqkfjADDU_12059 900 1 2 3 4 5 8 69 116
siDqkfjADDU_12060 90 1 2 3 5 69 116
siDqkfjADDU_12061 300 1 3 4 71 116
siDqkfjADDU_12062 90 72 116
sjt0Va16LLk_05379 120 3 4 6 8 12 95 122
sjt0Va16LLk_05380 120 3 4 8 12 95 122
sjt0Va16LLk_05381 120 1 2 3 8 12 98 122
sjt0Va16LLk_05382 240 3 8 95 122
sjt0Va16LLk_05383 120 1 4 8 97 122
sjt0Va16LLk_05384 120 1 3 4 8 95 122
sjt0Va16LLk_05385 120 3 4 8 95 122
sjt0Va16LLk_05386 150 4 8 95 122
ssmXfmAY4UM_07913 150 1 3 43 110
ssmXfmAY4UM_07914 120 1 3 4 12 42 110
ssmXfmAY4UM_07915 90 1 3 4 39 110
ssmXfmAY4UM_07916 150 1 12 38 110
ssmXfmAY4UM_07917 120 12 42 110
ssmXfmAY4UM_07918 240 1 3 4 12 43 110
st_3sqmC3yA_08928 480 3 60 115
st_3sqmC3yA_08929 390 3 68 115
st_3sqmC3yA_08930 270 3 61 115
st_3sqmC3yA_08931 240 3 68 115
st_3sqmC3yA_08932 150 3 64 115
st_3sqmC3yA_08933 90 3 68 115
st_3sqmC3yA_08934 90 3 4 60 115
st_3sqmC3yA_08935 300 3 4 68 115
st_3sqmC3yA_08936 720 3 60 115
st_3sqmC3yA_08937 600 3 4 68 115
st_3sqmC3yA_08938 480 3 4 68 115
st_3sqmC3yA_08939 720 3 4 12 60 115
st_3sqmC3yA_08940 330 3 4 68 115
st_3sqmC3yA_08941 630 3 4 60 115
st_3sqmC3yA_08942 720 3 12 68 115
st_3sqmC3yA_08943 600 3 65 115
st_3sqmC3yA_08944 480 3 68 115
st_3sqmC3yA_08945 150 64 115
st_3sqmC3yA_08946 180 3 68 115
st_3sqmC3yA_08947 90 3 60 115
st_3sqmC3yA_08948 600 3 12 60 115
st_3sqmC3yA_08949 150 3 64 115
st_3sqmC3yA_08950 330 3 61 115
st_3sqmC3yA_08951 900 3 4 60 115
st_3sqmC3yA_08952 150 3 4 60 115
st_3sqmC3yA_08953 330 3 4 60 115
st_3sqmC3yA_08954 390 3 61 115
sysdEGMK8fs_04611 120 8 58 114
sysdEGMK8fs_04612 90 8 12 58 114
sysdEGMK8fs_04613 90 2 3 4 6 8 12 58 114
sysdEGMK8fs_04614 90 3 6 8 12 58 114
sysdEGMK8fs_04615 150 4 8 58 114
sysdEGMK8fs_04616 90 3 8 12 58 114
sysdEGMK8fs_04617 90 4 6 8 58 114
sysdEGMK8fs_04618 120 8 58 114
sysdEGMK8fs_04619 90 0 1 3 4 8 12 58 114
sysdEGMK8fs_04620 90 3 4 6 8 58 114
sysdEGMK8fs_04621 90 6 8 59 114
sysdEGMK8fs_04622 90 1 4 6 8 59 114
sysdEGMK8fs_04623 90 1 3 4 8 12 59 114
sysdEGMK8fs_04624 90 8 59 114
sysdEGMK8fs_04625 90 4 6 8 12 59 114
sysdEGMK8fs_04626 90 4 8 59 114
sysdEGMK8fs_04627 90 3 4 8 59 114
sysdEGMK8fs_04628 90 1 3 4 6 8 12 59 114
sysdEGMK8fs_04629 90 4 6 8 10 12 59 114
t-qfHvcR4FA_06484 120 56 113
t-qfHvcR4FA_06485 150 1 4 12 56 113
t1Xtr3RKjGc_11102 120 1 19 105
t1Xtr3RKjGc_11103 240 1 19 105
t1Xtr3RKjGc_11104 180 1 19 105
t1Xtr3RKjGc_11105 150 1 3 4 12 19 105
t1iDSa2rR_o_10744 690 3 12 50 112
t1iDSa2rR_o_10745 900 3 49 112
t1iDSa2rR_o_10746 300 3 50 112
t1iDSa2rR_o_10747 900 1 3 12 50 112
t1iDSa2rR_o_10748 900 3 50 112
t1iDSa2rR_o_10749 600 1 3 12 50 112
t1iDSa2rR_o_10750 570 1 12 50 112
t22flliJLTQ_02066 270 4 6 8 12 25 106
t22flliJLTQ_02067 120 4 6 8 25 106
t22flliJLTQ_02068 90 4 6 8 12 25 106
t22flliJLTQ_02069 179 4 6 8 25 106
t22flliJLTQ_02070 89 6 8 25 106
t22flliJLTQ_02071 119 4 8 25 106
t22flliJLTQ_02072 90 4 6 8 25 106
t22flliJLTQ_02073 150 4 6 8 12 25 106
t22flliJLTQ_02074 90 3 4 12 24 106
t22flliJLTQ_02075 90 1 4 6 8 22 106
t22flliJLTQ_02076 89 8 22 106
t22flliJLTQ_02077 149 4 8 12 22 106
t22flliJLTQ_02078 120 3 4 8 12 22 106
t22flliJLTQ_02079 90 3 4 8 12 22 106
t22flliJLTQ_02080 210 3 4 8 12 25 106
t22flliJLTQ_02081 179 3 4 8 12 22 106
t22flliJLTQ_02082 269 4 6 8 12 22 106
t22flliJLTQ_02083 300 4 6 8 25 106
t22flliJLTQ_02084 89 3 4 6 8 12 22 106
t22flliJLTQ_02085 89 1 4 6 8 12 22 106
t22flliJLTQ_02086 119 1 4 6 8 22 106
t22flliJLTQ_02087 89 3 24 106
t22flliJLTQ_02088 89 3 4 12 24 106
t22flliJLTQ_02089 89 1 3 4 8 12 24 106
t22flliJLTQ_02090 90 12 24 106
t7fBqju2GJY_03955 210 3 91 121
t7fBqju2GJY_03956 180 4 91 121
t7fBqju2GJY_03957 390 3 4 12 91 121
t7fBqju2GJY_03958 900 3 4 12 91 121
t7fBqju2GJY_03959 900 3 12 91 121
t7fBqju2GJY_03960 720 3 4 12 91 121
tAB_U-DBajI_09625 270 0 3 4 8 12 19 105
tAB_U-DBajI_09626 90 0 1 4 19 105
tAB_U-DBajI_09627 900 0 1 3 4 8 11 12 19 105
tAB_U-DBajI_09628 750 0 1 3 4 8 12 19 105
tHymwFDddrI_07903 90 3 4 39 110
tHymwFDddrI_07904 90 1 4 39 110
tHymwFDddrI_07905 120 4 12 39 110
tHymwFDddrI_07906 120 3 4 12 39 110
tHymwFDddrI_07907 150 1 4 39 110
tHymwFDddrI_07908 300 3 39 110
tHymwFDddrI_07909 90 1 3 4 12 39 110
tHymwFDddrI_07910 150 3 4 39 110
tHymwFDddrI_07911 90 3 4 39 110
tHymwFDddrI_07912 870 1 4 12 39 110
tJRSnxJfkLc_08983 900 3 62 115
tJRSnxJfkLc_08984 899 1 62 115
tJRSnxJfkLc_08985 899 1 3 62 115
tJRSnxJfkLc_08986 899 3 62 115
tJRSnxJfkLc_08987 899 62 115
tJRSnxJfkLc_08988 899 3 62 115
tJRSnxJfkLc_08989 899 3 62 115
tJRSnxJfkLc_08990 899 3 12 62 115
tJRSnxJfkLc_08991 900 1 3 62 115
tJRSnxJfkLc_08992 270 3 12 62 115
tJRSnxJfkLc_08993 899 3 12 65 115
tJRSnxJfkLc_08994 899 1 3 66 115
tJRSnxJfkLc_08995 809 3 66 115
tJRSnxJfkLc_08996 900 66 115
tJRSnxJfkLc_08997 420 1 3 66 115
tJRSnxJfkLc_08998 179 1 3 66 115
tJRSnxJfkLc_08999 810 1 3 66 115
tMzxjJygrH4_11233 210 1 3 4 8 102 123
tMzxjJygrH4_11234 120 1 3 4 12 102 123
tMzxjJygrH4_11235 330 3 12 102 123
tMzxjJygrH4_11236 600 1 3 4 102 123
tMzxjJygrH4_11237 330 1 3 4 102 123
tMzxjJygrH4_11238 90 1 3 4 12 102 123
tMzxjJygrH4_11239 210 1 3 4 6 8 12 102 123
tMzxjJygrH4_11240 270 1 3 4 8 102 123
tMzxjJygrH4_11241 300 1 3 4 12 102 123
tMzxjJygrH4_11242 360 1 4 12 102 123
tNQRpB2SzDk_09265 900 67 115
tNQRpB2SzDk_09266 419 67 115
tNQRpB2SzDk_09267 359 67 115
tNQRpB2SzDk_09268 690 67 115
tNQRpB2SzDk_09269 539 67 115
tNQRpB2SzDk_09270 899 67 115
tNQRpB2SzDk_09271 419 67 115
tNQRpB2SzDk_09272 899 3 67 115
tNQRpB2SzDk_09273 899 67 115
tNQRpB2SzDk_09274 899 3 67 115
tQN9hdPNVS4_02180 180 1 3 4 8 12 25 106
tQN9hdPNVS4_02181 209 4 12 25 106
tQN9hdPNVS4_02182 209 1 12 24 106
tQN9hdPNVS4_02183 149 3 4 8 12 25 106
tQN9hdPNVS4_02184 240 1 3 4 6 8 12 22 106
tQN9hdPNVS4_02185 150 12 24 106
tQN9hdPNVS4_02186 149 1 3 4 6 8 12 25 106
tQN9hdPNVS4_02187 209 1 3 4 6 8 12 25 106
tQN9hdPNVS4_02188 180 3 4 6 8 12 25 106
tQN9hdPNVS4_02189 89 3 5 8 12 24 106
tQN9hdPNVS4_02190 149 3 4 6 8 12 25 106
tQN9hdPNVS4_02191 180 4 8 12 25 106
tQN9hdPNVS4_02192 149 1 3 6 8 12 23 106
tQN9hdPNVS4_02193 299 1 3 4 8 12 24 106
tQN9hdPNVS4_02194 150 4 8 12 25 106
tQN9hdPNVS4_02195 270 3 4 12 24 106
tQN9hdPNVS4_02196 89 4 8 22 106
tQN9hdPNVS4_02197 119 3 4 6 8 12 25 106
tQN9hdPNVS4_02198 150 1 5 12 24 106
tQN9hdPNVS4_02199 150 4 12 24 106
tQN9hdPNVS4_02200 240 3 4 8 12 24 106
tQN9hdPNVS4_02201 89 3 4 12 23 106
tQN9hdPNVS4_02202 119 3 4 8 12 22 106
tQN9hdPNVS4_02203 90 3 4 6 8 12 22 106
tQN9hdPNVS4_02204 90 3 4 6 8 12 22 106
tQN9hdPNVS4_02205 90 3 4 6 8 12 22 106
tQN9hdPNVS4_02206 119 3 8 12 24 106
tQN9hdPNVS4_02207 150 3 12 23 106
tQN9hdPNVS4_02208 119 3 5 12 24 106
tRtXk96M-zo_06175 150 3 4 6 8 12 25 106
tRtXk96M-zo_06176 210 3 4 6 8 12 25 106
tRtXk96M-zo_06177 210 3 4 6 8 12 25 106
tRtXk96M-zo_06179 150 4 6 8 12 25 106
tRtXk96M-zo_06180 210 4 6 8 12 25 106
tRtXk96M-zo_06181 150 4 8 12 25 106
tRtXk96M-zo_06182 150 1 3 4 6 8 12 25 106
tRtXk96M-zo_06183 150 3 4 8 12 25 106
tRtXk96M-zo_06184 150 4 8 25 106
tRtXk96M-zo_06185 150 1 4 8 22 106
tRtXk96M-zo_06186 120 3 8 24 106
tRtXk96M-zo_06187 120 3 4 6 8 12 22 106
tRtXk96M-zo_06188 120 1 4 8 22 106
tRtXk96M-zo_06189 120 3 4 8 12 22 106
tRtXk96M-zo_06190 150 3 4 6 8 12 22 106
tRtXk96M-zo_06191 120 3 4 5 8 12 24 106
tRtXk96M-zo_06192 180 1 3 4 8 22 106
tRtXk96M-zo_06193 150 3 4 6 8 12 22 106
tStBSqJjOsY_02493 330 3 4 6 8 12 22 106
tStBSqJjOsY_02494 360 3 4 6 8 12 25 106
tStBSqJjOsY_02495 330 3 4 6 8 12 22 106
tStBSqJjOsY_02496 360 1 4 6 8 12 25 106
tStBSqJjOsY_02497 420 4 6 8 12 25 106
tStBSqJjOsY_02498 330 3 4 6 8 12 22 106
tStBSqJjOsY_02499 90 12 24 106
tStBSqJjOsY_02500 450 3 4 6 8 12 25 106
tStBSqJjOsY_02501 300 1 3 4 8 12 25 106
tStBSqJjOsY_02502 780 3 4 6 8 12 22 106
tStBSqJjOsY_02503 90 3 24 106
tT4MUpkll_Y_12380 270 1 26 107
tT4MUpkll_Y_12381 420 28 107
tT4MUpkll_Y_12382 330 29 107
tT4MUpkll_Y_12383 150 26 107
tT4MUpkll_Y_12384 750 26 107
tT4MUpkll_Y_12385 150 29 107
tT4MUpkll_Y_12386 450 26 107
tT4MUpkll_Y_12387 180 26 107
tT4MUpkll_Y_12388 270 26 107
tU03wyKEqDQ_07955 120 3 38 110
tU03wyKEqDQ_07956 120 1 3 12 40 110
tU03wyKEqDQ_07957 180 1 3 12 44 110
tU03wyKEqDQ_07958 150 1 3 4 12 40 110
tU1sgy6H-M0_02504 150 4 8 25 106
tU1sgy6H-M0_02505 90 1 3 8 12 24 106
tU1sgy6H-M0_02506 150 1 3 4 6 8 12 25 106
tU1sgy6H-M0_02507 90 3 4 6 8 12 22 106
tU1sgy6H-M0_02508 179 3 4 6 8 12 22 106
tU1sgy6H-M0_02509 149 4 6 8 22 106
tU1sgy6H-M0_02510 180 4 8 25 106
tU1sgy6H-M0_02511 90 3 4 6 8 12 22 106
tU1sgy6H-M0_02512 90 4 6 8 12 22 106
tU1sgy6H-M0_02513 89 3 4 8 12 22 106
tU1sgy6H-M0_02514 119 3 4 8 12 25 106
tU1sgy6H-M0_02515 90 4 8 12 22 106
tU1sgy6H-M0_02516 150 4 6 8 22 106
tU1sgy6H-M0_02517 179 3 4 6 8 12 22 106
tU1sgy6H-M0_02518 89 3 4 6 8 12 22 106
tU1sgy6H-M0_02519 210 3 4 6 8 12 25 106
tU1sgy6H-M0_02520 240 3 4 6 8 12 25 106
tU1sgy6H-M0_02521 89 4 8 12 25 106
tU1sgy6H-M0_02522 120 8 12 24 106
tU1sgy6H-M0_02523 149 1 3 5 12 24 106
tU1sgy6H-M0_02524 149 3 4 12 24 106
tU1sgy6H-M0_02525 90 1 3 4 8 12 24 106
tU1sgy6H-M0_02526 120 3 12 24 106
tU1sgy6H-M0_02527 90 1 8 12 24 106
tYqf5yphMHY_15845 150 0 1 3 4 12 35 109
tYqf5yphMHY_15846 120 1 3 4 12 35 109
tYqf5yphMHY_15847 150 0 1 3 4 35 109
tYqf5yphMHY_15848 90 1 2 4 35 109
tYqf5yphMHY_15849 120 1 3 4 35 109
tYqf5yphMHY_15850 90 1 3 4 12 35 109
tYqf5yphMHY_15851 90 1 3 4 12 35 109
tYqf5yphMHY_15852 90 0 1 2 3 4 12 35 109
tYqf5yphMHY_15853 120 1 4 35 109
tYqf5yphMHY_15854 120 1 3 4 35 109
tbGW3wxHUMM_12722 900 3 12 88 120
tbGW3wxHUMM_12723 270 1 3 12 90 120
tbGW3wxHUMM_12724 90 1 3 89 120
tbGW3wxHUMM_12725 90 3 89 120
tf3JfRQd63I_09275 900 1 3 67 115
tf3JfRQd63I_09276 870 1 3 67 115
tf3JfRQd63I_09277 900 67 115
tf3JfRQd63I_09278 900 1 3 4 67 115
tf3JfRQd63I_09279 900 1 3 67 115
tf3JfRQd63I_09280 420 3 67 115
tf3JfRQd63I_09281 690 3 67 115
tf3JfRQd63I_09282 900 3 4 67 115
tf3JfRQd63I_09283 660 1 67 115
tf3JfRQd63I_09284 900 1 3 66 115
tf3JfRQd63I_09285 480 1 3 66 115
tf3JfRQd63I_09286 900 1 3 66 115
tf3JfRQd63I_09287 330 3 66 115
tf3JfRQd63I_09288 330 1 3 66 115
tf3JfRQd63I_09289 510 3 65 115
tf3JfRQd63I_09290 570 1 3 67 115
tkPY5lZz3vk_11336 90 1 63 115
tkPY5lZz3vk_11337 119 1 62 115
tkPY5lZz3vk_11338 269 1 62 115
tkPY5lZz3vk_11339 120 1 62 115
tkPY5lZz3vk_11340 210 1 3 62 115
tkPY5lZz3vk_11341 120 1 3 62 115
tkPY5lZz3vk_11342 89 1 62 115
tkPY5lZz3vk_11343 90 1 62 115
tkPY5lZz3vk_11344 269 1 3 62 115
tkPY5lZz3vk_11345 90 1 3 62 115
tkPY5lZz3vk_11346 90 1 62 115
tnLTVrHSvA4_00995 90 8 25 106
tnLTVrHSvA4_00996 90 3 4 6 8 12 22 106
tnLTVrHSvA4_00997 180 4 6 8 12 22 106
tnLTVrHSvA4_00998 90 3 4 6 8 22 106
tnLTVrHSvA4_00999 210 4 8 25 106
tnLTVrHSvA4_01000 180 3 4 8 22 106
tnLTVrHSvA4_01001 210 3 4 8 12 22 106
tnLTVrHSvA4_01002 180 3 4 6 8 25 106
tnLTVrHSvA4_01003 150 1 3 4 6 8 25 106
tnLTVrHSvA4_01004 120 3 4 8 12 25 106
tnLTVrHSvA4_01005 180 1 3 4 6 8 25 106
tnLTVrHSvA4_01006 210 3 4 6 8 12 25 106
tnLTVrHSvA4_01007 180 3 4 8 22 106
tnLTVrHSvA4_01008 90 1 4 6 8 22 106
tnLTVrHSvA4_01009 120 3 4 6 8 22 106
tnLTVrHSvA4_01010 150 8 25 106
tnLTVrHSvA4_01011 180 4 8 12 22 106
tnLTVrHSvA4_01012 150 1 3 4 6 8 12 22 106
tnLTVrHSvA4_01013 120 4 12 24 106
tnLTVrHSvA4_01014 120 4 6 8 12 25 106
tnLTVrHSvA4_01015 150 6 12 24 106
tnLTVrHSvA4_01016 90 3 4 8 25 106
tnLTVrHSvA4_01017 180 12 24 106
tramh0n4o9U_05459 900 3 12 50 112
tramh0n4o9U_05460 900 3 50 112
tramh0n4o9U_05462 510 3 49 112
tramh0n4o9U_05463 900 3 49 112
tyfmc6S8ols_03201 90 4 8 100 123
tyfmc6S8ols_03202 390 4 8 102 123
tyfmc6S8ols_03203 90 4 8 103 123
tyfmc6S8ols_03204 90 1 3 4 100 123
tyfmc6S8ols_03205 210 1 4 12 102 123
tyfmc6S8ols_03206 90 4 8 100 123
tyfmc6S8ols_03207 420 1 4 8 102 123
tyfmc6S8ols_03208 90 8 103 123
tyfmc6S8ols_03209 120 1 4 101 123
tyfmc6S8ols_03210 90 1 3 4 8 100 123
tyfmc6S8ols_03211 120 1 4 8 102 123
tyfmc6S8ols_03212 90 1 4 12 103 123
tyfmc6S8ols_03213 90 1 4 8 12 100 123
tyfmc6S8ols_03214 450 1 4 8 102 123
tyfmc6S8ols_03215 90 1 4 12 99 123
tyfmc6S8ols_03216 90 3 4 12 100 123
tyfmc6S8ols_03217 210 4 8 102 123
tyfmc6S8ols_03218 90 1 3 4 8 100 123
tyfmc6S8ols_03219 810 4 8 102 123
tyfmc6S8ols_03220 90 1 4 8 103 123
tyfmc6S8ols_03221 90 1 5 12 101 123
tyfmc6S8ols_03222 90 1 4 8 100 123
tyfmc6S8ols_03223 150 1 4 8 102 123
tyfmc6S8ols_03224 90 4 6 8 99 123
tyfmc6S8ols_03225 90 4 8 100 123
tyfmc6S8ols_03226 300 1 4 8 102 123
tyfmc6S8ols_03227 90 1 4 8 103 123
tyfmc6S8ols_03228 90 1 3 4 8 100 123
tyfmc6S8ols_03229 720 0 1 4 8 102 123
tyfmc6S8ols_03230 90 4 8 99 123
tyfmc6S8ols_03231 660 4 8 99 123
tyfmc6S8ols_03232 210 12 101 123
tyfmc6S8ols_03233 330 4 8 103 123
tyfmc6S8ols_03234 90 4 12 103 123
tyfmc6S8ols_03235 300 1 4 12 103 123
tyfmc6S8ols_03236 600 1 4 12 103 123
tyfmc6S8ols_03237 900 1 4 12 103 123
tyfmc6S8ols_03238 420 4 6 8 99 123
tyfmc6S8ols_03239 270 1 12 101 123
tzNpnQBJVv4_04246 90 3 8 58 114
tzNpnQBJVv4_04247 90 3 4 8 12 58 114
tzNpnQBJVv4_04248 180 1 6 8 12 58 114
tzNpnQBJVv4_04249 90 2 4 9 11 12 58 114
tzNpnQBJVv4_04250 90 3 4 8 11 12 59 114
tzNpnQBJVv4_04251 90 4 6 8 12 58 114
tzNpnQBJVv4_04252 120 4 8 12 58 114
tzNpnQBJVv4_04253 120 4 8 58 114
tzNpnQBJVv4_04254 90 3 4 6 8 12 58 114
tzNpnQBJVv4_04255 150 4 6 8 12 58 114
tzNpnQBJVv4_04256 90 3 4 8 12 58 114
tzNpnQBJVv4_04257 90 4 8 12 59 114
tzNpnQBJVv4_04258 90 4 8 12 59 114
tzNpnQBJVv4_04259 120 1 3 4 6 8 59 114
tzNpnQBJVv4_04260 90 3 4 8 12 59 114
tzNpnQBJVv4_04261 90 1 4 8 12 59 114
tzNpnQBJVv4_04262 90 4 6 8 12 59 114
tzNpnQBJVv4_04263 120 3 4 8 12 59 114
tzNpnQBJVv4_04264 90 1 3 4 6 8 59 114
tzNpnQBJVv4_04265 90 3 4 8 12 59 114
u6AWxplF-OE_14797 90 4 8 100 123
u6AWxplF-OE_14798 90 4 8 100 123
u6AWxplF-OE_14799 90 1 4 8 100 123
u6AWxplF-OE_14800 90 1 4 8 100 123
u6AWxplF-OE_14801 90 4 8 99 123
u6AWxplF-OE_14802 90 4 12 100 123
u6AWxplF-OE_14803 90 1 4 8 103 123
u6AWxplF-OE_14804 90 4 8 100 123
u6AWxplF-OE_14805 90 4 8 100 123
u6AWxplF-OE_14806 90 1 4 8 100 123
u6AWxplF-OE_14807 90 1 4 8 100 123
u6AWxplF-OE_14808 90 1 4 8 100 123
u6AWxplF-OE_14809 90 1 4 8 12 102 123
u6AWxplF-OE_14810 90 3 4 8 102 123
u6AWxplF-OE_14811 90 1 4 6 12 99 123
u6AWxplF-OE_14812 90 4 8 12 99 123
u6AWxplF-OE_14813 90 4 8 103 123
u6AWxplF-OE_14814 180 1 4 8 12 102 123
u6AWxplF-OE_14815 120 4 8 102 123
u6AWxplF-OE_14816 90 1 4 8 12 102 123
u6AWxplF-OE_14817 90 4 8 102 123
u6AWxplF-OE_14818 90 4 8 102 123
u6AWxplF-OE_14819 90 4 8 102 123
u6AWxplF-OE_14820 150 4 8 102 123
u6AWxplF-OE_14821 510 1 4 6 8 12 102 123
u6AWxplF-OE_14822 90 4 8 12 103 123
u6AWxplF-OE_14823 90 1 4 8 103 123
u6AWxplF-OE_14824 90 1 4 8 103 123
u6AWxplF-OE_14825 90 1 4 8 103 123
u6AWxplF-OE_14826 90 1 4 8 103 123
u6AWxplF-OE_14827 90 0 1 4 8 12 103 123
u6AWxplF-OE_14828 90 4 8 99 123
u6AWxplF-OE_14829 90 4 8 12 99 123
u6AWxplF-OE_14830 90 1 4 8 103 123
u6AWxplF-OE_14831 90 1 4 8 12 103 123
u7x9rMWAb3U_11077 180 1 2 3 4 57 113
u7x9rMWAb3U_11078 570 54 113
u7x9rMWAb3U_11079 180 3 8 12 54 113
u7x9rMWAb3U_11080 750 1 3 4 12 56 113
uBpTgp5cq3U_10771 570 3 12 50 112
uBpTgp5cq3U_10772 899 3 49 112
uBpTgp5cq3U_10773 449 3 49 112
uBpTgp5cq3U_10774 420 3 12 50 112
uBpTgp5cq3U_10775 900 1 3 12 53 112
uBpTgp5cq3U_10776 900 3 12 53 112
uBpTgp5cq3U_10777 750 3 12 53 112
uBpTgp5cq3U_10778 900 3 12 50 112
uBpTgp5cq3U_10779 840 3 50 112
uBpTgp5cq3U_10780 899 3 12 52 112
uBpTgp5cq3U_10781 89 3 12 52 112
uBpTgp5cq3U_10782 899 3 12 50 112
uBpTgp5cq3U_10783 899 3 50 112
uBpTgp5cq3U_10784 899 3 50 112
uBpTgp5cq3U_10785 900 1 3 12 50 112
uBpTgp5cq3U_10786 900 1 3 50 112
uBpTgp5cq3U_10787 750 1 3 50 112
uC13kU8_Tzs_09410 180 0 1 3 94 121
uC13kU8_Tzs_09411 90 3 94 121
uSDQ84u2KiY_13837 900 1 3 4 12 86 119
uSDQ84u2KiY_13838 509 1 3 12 86 119
uSDQ84u2KiY_13839 600 1 12 83 119
uSDQ84u2KiY_13840 900 1 3 4 12 83 119
uSDQ84u2KiY_13841 540 1 3 4 12 83 119
uSDQ84u2KiY_13842 149 1 3 12 83 119
uSDQ84u2KiY_13843 330 1 3 4 83 119
uSDQ84u2KiY_13844 899 1 3 4 12 83 119
uSDQ84u2KiY_13845 869 1 3 83 119
uSDQ84u2KiY_13846 299 1 3 4 85 119
uSDQ84u2KiY_13847 240 1 3 4 85 119
uSDQ84u2KiY_13848 419 1 3 12 83 119
uSDQ84u2KiY_13849 210 1 3 4 85 119
uSDQ84u2KiY_13850 899 1 3 4 12 83 119
uSDQ84u2KiY_13851 179 1 3 83 119
uSDQ84u2KiY_13852 179 1 3 85 119
uSDQ84u2KiY_13853 180 1 3 4 85 119
uSDQ84u2KiY_13854 180 1 3 85 119
uSDQ84u2KiY_13855 389 1 4 84 119
uTHXY65osAY_01944 150 3 4 12 25 106
uTHXY65osAY_01945 120 3 8 12 22 106
uTHXY65osAY_01946 150 3 4 6 8 12 25 106
uTHXY65osAY_01947 90 4 8 25 106
uTHXY65osAY_01948 180 3 4 8 12 25 106
uTHXY65osAY_01949 150 3 4 6 8 12 25 106
uTHXY65osAY_01950 180 3 4 8 12 25 106
uTHXY65osAY_01951 180 3 4 6 8 22 106
uTHXY65osAY_01952 90 1 4 8 12 22 106
uTHXY65osAY_01953 210 4 8 25 106
uTHXY65osAY_01954 180 8 25 106
uTHXY65osAY_01955 120 3 4 8 12 22 106
uTHXY65osAY_01956 120 3 12 24 106
uTHXY65osAY_01957 120 3 4 8 22 106
uTHXY65osAY_01958 120 4 8 25 106
uTHXY65osAY_01959 90 3 4 6 8 12 22 106
uTHXY65osAY_01960 120 3 4 6 8 12 22 106
uTHXY65osAY_01961 210 1 4 6 8 25 106
uTHXY65osAY_01962 120 1 4 5 12 24 106
uTHXY65osAY_01963 150 4 8 12 22 106
uTHXY65osAY_01964 150 4 8 12 22 106
uTHXY65osAY_01965 120 3 4 8 12 22 106
uTHXY65osAY_01966 150 1 3 4 12 24 106
uTHXY65osAY_01967 90 1 12 24 106
uay7CrbLUew_10751 330 3 12 50 112
uay7CrbLUew_10752 180 3 50 112
uay7CrbLUew_10753 90 1 3 50 112
uay7CrbLUew_10754 360 3 50 112
uay7CrbLUew_10755 270 1 3 49 112
uay7CrbLUew_10756 300 3 50 112
ufQMaOoiB_g_12443 900 45 111
ufQMaOoiB_g_12444 780 1 45 111
ufQMaOoiB_g_12445 90 3 47 111
ufQMaOoiB_g_12446 420 46 111
ufQMaOoiB_g_12447 120 1 3 4 5 12 46 111
ufQMaOoiB_g_12448 240 4 46 111
ufQMaOoiB_g_12449 270 1 3 47 111
ufQMaOoiB_g_12450 270 45 111
ufQMaOoiB_g_12451 360 1 3 4 47 111
ufQMaOoiB_g_12452 900 45 111
ufQMaOoiB_g_12453 720 45 111
ufQMaOoiB_g_12454 90 1 3 12 46 111
ufQMaOoiB_g_12455 90 1 3 4 47 111
ufQMaOoiB_g_12456 900 45 111
ufQMaOoiB_g_12457 900 1 45 111
ufQMaOoiB_g_12458 360 45 111
ugiB3pwpzhQ_06403 450 1 3 63 115
ugiB3pwpzhQ_06404 180 61 115
ugiB3pwpzhQ_06405 239 1 63 115
ugiB3pwpzhQ_06406 270 1 3 63 115
ugiB3pwpzhQ_06407 119 1 3 61 115
ugiB3pwpzhQ_06408 300 3 61 115
ugiB3pwpzhQ_06409 120 3 61 115
ugiB3pwpzhQ_06410 210 3 63 115
ugiB3pwpzhQ_06411 209 61 115
ugiB3pwpzhQ_06412 149 1 3 63 115
ugiB3pwpzhQ_06413 149 3 61 115
ugiB3pwpzhQ_06414 209 3 61 115
ugiB3pwpzhQ_06415 180 3 4 61 115
ugiB3pwpzhQ_06416 149 1 3 4 63 115
ugiB3pwpzhQ_06417 179 3 61 115
ugiB3pwpzhQ_06418 240 3 61 115
ugiB3pwpzhQ_06419 119 3 4 63 115
ugiB3pwpzhQ_06420 509 1 3 4 12 63 115
ugiB3pwpzhQ_06421 120 63 115
ugiB3pwpzhQ_06422 120 64 115
ugiB3pwpzhQ_06423 180 3 64 115
ugiB3pwpzhQ_06424 179 3 63 115
uhO8lcaGmZQ_08955 120 61 115
uhO8lcaGmZQ_08956 360 3 63 115
uhO8lcaGmZQ_08957 90 3 64 115
uhO8lcaGmZQ_08958 120 3 62 115
uhO8lcaGmZQ_08959 90 65 115
uhO8lcaGmZQ_08960 120 1 68 115
uhO8lcaGmZQ_08961 90 1 3 60 115
uhO8lcaGmZQ_08962 90 1 3 68 115
uhO8lcaGmZQ_08963 120 64 115
uhO8lcaGmZQ_08964 390 3 12 65 115
uiDZRwYOl24_12393 420 27 107
uiDZRwYOl24_12394 630 29 107
uiDZRwYOl24_12395 630 29 107
uiDZRwYOl24_12396 540 29 107
uiDZRwYOl24_12397 900 29 107
uiDZRwYOl24_12398 660 29 107
uiDZRwYOl24_12399 420 29 107
uiDZRwYOl24_12400 510 27 107
usS09KGPLfw_04817 150 1 3 14 104
usS09KGPLfw_04818 299 1 3 16 104
usS09KGPLfw_04819 329 1 3 5 12 16 104
usS09KGPLfw_04820 90 1 3 4 15 104
utqnJXVRRwE_13895 780 1 3 4 12 86 119
utqnJXVRRwE_13896 570 3 4 12 86 119
utqnJXVRRwE_13897 480 4 86 119
utqnJXVRRwE_13898 180 1 3 4 86 119
utqnJXVRRwE_13899 900 1 3 4 83 119
utqnJXVRRwE_13900 570 1 3 4 12 83 119
utqnJXVRRwE_13901 450 1 3 4 85 119
utqnJXVRRwE_13902 210 1 3 4 12 86 119
utqnJXVRRwE_13903 600 1 3 4 12 83 119
utqnJXVRRwE_13904 180 1 3 4 12 86 119
utqnJXVRRwE_13905 360 1 3 4 85 119
utqnJXVRRwE_13906 330 1 3 4 12 83 119
utqnJXVRRwE_13907 900 1 3 4 12 83 119
utqnJXVRRwE_13908 600 1 4 12 83 119
utqnJXVRRwE_13909 660 1 3 4 12 83 119
uuHqSRKjfH0_05094 900 1 3 4 5 12 13 104
uuHqSRKjfH0_05095 239 1 3 4 12 13 104
uuHqSRKjfH0_05096 210 3 14 104
uuHqSRKjfH0_05097 239 3 14 104
uuHqSRKjfH0_05098 180 3 14 104
uuHqSRKjfH0_05099 300 3 14 104
uuHqSRKjfH0_05100 269 3 5 14 104
uuHqSRKjfH0_05101 90 3 5 14 104
uuHqSRKjfH0_05102 240 3 14 104
uuHqSRKjfH0_05103 300 3 14 104
uuHqSRKjfH0_05104 899 3 4 5 12 14 104
uuHqSRKjfH0_05105 509 3 4 5 12 14 104
ux7uV3nZURE_02707 180 1 19 105
ux7uV3nZURE_02706 119 19 105
vAQtsnWI8jU_11950 510 3 12 69 116
vAQtsnWI8jU_11951 570 1 3 5 12 69 116
vAQtsnWI8jU_11952 390 1 2 3 12 69 116
vAQtsnWI8jU_11953 420 1 3 71 116
vAQtsnWI8jU_11954 120 1 3 70 116
vAQtsnWI8jU_11955 90 3 72 116
vAQtsnWI8jU_11956 900 2 3 12 69 116
vAQtsnWI8jU_11957 900 2 3 69 116
vAQtsnWI8jU_11958 720 1 3 69 116
vAQtsnWI8jU_11959 180 1 3 5 71 116
vAQtsnWI8jU_11960 300 1 3 73 116
vAQtsnWI8jU_11961 600 1 2 4 7 12 69 116
vAQtsnWI8jU_11962 210 1 3 4 71 116
vAQtsnWI8jU_11963 270 3 70 116
vAQtsnWI8jU_11964 150 1 3 4 72 116
vAQtsnWI8jU_11965 900 3 12 73 116
vDM-12aVYOY_13718 630 1 3 12 86 119
vDM-12aVYOY_13719 900 1 3 85 119
vDM-12aVYOY_13720 570 1 3 85 119
vDM-12aVYOY_13721 900 1 3 4 83 119
vDM-12aVYOY_13722 720 1 3 4 12 83 119
vDM-12aVYOY_13723 330 1 3 4 85 119
vDM-12aVYOY_13724 300 1 3 4 12 83 119
vDM-12aVYOY_13725 900 1 3 4 12 83 119
vDM-12aVYOY_13726 600 1 3 4 12 83 119
vDM-12aVYOY_13727 120 3 85 119
vDM-12aVYOY_13728 210 1 3 4 83 119
vDM-12aVYOY_13729 210 1 3 4 85 119
vDM-12aVYOY_13730 450 3 4 12 83 119
vDM-12aVYOY_13731 240 1 3 86 119
vDM-12aVYOY_13732 900 1 3 4 83 119
vDM-12aVYOY_13733 900 1 3 4 83 119
vDM-12aVYOY_13734 840 1 3 4 83 119
vDTd7UUig-Q_00728 120 4 34 108
vDTd7UUig-Q_00729 330 1 4 34 108
vDTd7UUig-Q_00730 210 1 4 8 34 108
vDTd7UUig-Q_00731 90 1 4 34 108
vGIs0GU1V6M_08511 150 3 64 115
vGIs0GU1V6M_08512 150 3 64 115
vGIs0GU1V6M_08513 90 3 64 115
vGIs0GU1V6M_08514 360 3 64 115
vGIs0GU1V6M_08515 330 12 64 115
vGIs0GU1V6M_08516 570 3 64 115
vGxLpR5HNbc_01233 120 4 8 22 106
vGxLpR5HNbc_01234 120 12 24 106
vGxLpR5HNbc_01235 150 3 4 6 8 12 25 106
vGxLpR5HNbc_01236 90 1 4 8 12 24 106
vGxLpR5HNbc_01237 300 3 4 6 8 12 22 106
vGxLpR5HNbc_01238 360 1 3 4 6 8 12 25 106
vGxLpR5HNbc_01239 330 3 4 6 8 12 25 106
vGxLpR5HNbc_01240 90 3 4 6 8 12 25 106
vGxLpR5HNbc_01241 90 1 4 8 12 24 106
vGxLpR5HNbc_01242 150 3 4 8 12 22 106
vGxLpR5HNbc_01243 180 1 3 4 8 12 25 106
vGxLpR5HNbc_01244 90 3 8 12 24 106
vGxLpR5HNbc_01245 120 4 8 12 22 106
vGxLpR5HNbc_01246 90 3 4 8 12 24 106
vGxLpR5HNbc_01247 180 3 4 6 8 12 22 106
vGxLpR5HNbc_01248 90 4 5 8 12 24 106
vGxLpR5HNbc_01249 210 3 4 6 8 12 25 106
vGxLpR5HNbc_01250 90 3 6 8 12 22 106
vGxLpR5HNbc_01251 150 3 4 6 8 12 25 106
vGxLpR5HNbc_01252 90 1 3 4 8 12 24 106
vGxLpR5HNbc_01253 240 1 3 4 6 8 12 25 106
vGxLpR5HNbc_01254 270 3 4 8 22 106
vGxLpR5HNbc_01255 180 1 4 8 12 24 106
vGxLpR5HNbc_01256 90 3 4 6 8 23 106
vGxLpR5HNbc_01257 180 3 4 6 8 12 25 106
vGxLpR5HNbc_01258 300 3 4 8 12 24 106
vGxLpR5HNbc_01259 120 1 4 6 8 25 106
vGxLpR5HNbc_01260 150 6 8 12 24 106
vHUd5t-3h18_08608 570 66 115
vHUd5t-3h18_08609 180 3 66 115
vHUd5t-3h18_08610 90 3 66 115
vHUd5t-3h18_08611 120 66 115
vHUd5t-3h18_08612 180 3 66 115
vHUd5t-3h18_08613 180 3 66 115
vHUd5t-3h18_08614 150 3 66 115
vHUd5t-3h18_08615 150 3 66 115
vHUd5t-3h18_08616 150 66 115
vHUd5t-3h18_08617 150 66 115
vHUd5t-3h18_08618 810 3 12 65 115
vJ5QeqWkR1g_06593 120 1 3 4 80 118
vJ5QeqWkR1g_06594 180 1 3 4 12 82 118
vJ5QeqWkR1g_06595 240 1 3 12 82 118
vMhOHpHgITg_10699 450 1 3 50 112
vMhOHpHgITg_10700 629 3 49 112
vMhOHpHgITg_10701 360 1 3 12 50 112
vMhOHpHgITg_10702 89 1 3 50 112
vMhOHpHgITg_10703 900 1 3 50 112
vMhOHpHgITg_10704 209 3 50 112
vMhOHpHgITg_10705 239 1 3 12 52 112
vMhOHpHgITg_10706 750 3 50 112
vMhOHpHgITg_10707 299 3 12 50 112
vMhOHpHgITg_10708 900 1 3 12 49 112
vMhOHpHgITg_10709 570 3 49 112
vMhOHpHgITg_10710 779 1 3 12 50 112
vMhOHpHgITg_10711 120 1 3 50 112
vMhOHpHgITg_10712 150 1 3 12 53 112
vMhOHpHgITg_10713 359 1 3 12 53 112
vMhOHpHgITg_10714 269 3 51 112
vQheSaB7guI_08458 330 3 65 115
vQheSaB7guI_08459 900 1 3 4 12 66 115
vQheSaB7guI_08460 900 3 4 12 66 115
vQheSaB7guI_08461 720 1 3 4 65 115
vQheSaB7guI_08462 900 1 3 66 115
vQheSaB7guI_08463 780 1 3 12 66 115
vQheSaB7guI_08464 900 1 3 4 66 115
vQheSaB7guI_08465 900 3 4 12 66 115
vQheSaB7guI_08466 900 3 12 66 115
vQheSaB7guI_08467 900 3 4 66 115
vQheSaB7guI_08468 390 3 66 115
vQheSaB7guI_08469 900 66 115
vQheSaB7guI_08470 450 3 65 115
vRy5Ayt8xPk_02254 270 1 4 8 22 106
vRy5Ayt8xPk_02255 90 4 8 12 22 106
vRy5Ayt8xPk_02256 120 3 4 8 22 106
vRy5Ayt8xPk_02257 239 3 4 6 8 12 22 106
vRy5Ayt8xPk_02258 150 1 4 8 25 106
vRy5Ayt8xPk_02259 90 4 6 8 22 106
vRy5Ayt8xPk_02260 90 3 4 6 8 22 106
vRy5Ayt8xPk_02261 149 3 4 6 8 12 22 106
vRy5Ayt8xPk_02262 89 4 6 8 22 106
vRy5Ayt8xPk_02263 239 4 6 8 12 25 106
vRy5Ayt8xPk_02264 180 3 4 6 8 12 25 106
vRy5Ayt8xPk_02265 90 1 4 8 22 106
vRy5Ayt8xPk_02266 90 3 4 8 22 106
vRy5Ayt8xPk_02267 149 3 4 8 12 25 106
vRy5Ayt8xPk_02268 89 3 4 8 12 25 106
vRy5Ayt8xPk_02269 120 4 6 8 25 106
vRy5Ayt8xPk_02270 210 3 4 8 12 25 106
vRy5Ayt8xPk_02271 149 3 4 6 8 12 25 106
vRy5Ayt8xPk_02272 150 3 4 6 8 12 25 106
vRy5Ayt8xPk_02273 90 3 4 6 8 12 25 106
vRy5Ayt8xPk_02274 149 0 4 8 24 106
vRy5Ayt8xPk_02275 90 8 12 24 106
vSsrwnVAfvA_07796 300 1 3 4 12 42 110
vSsrwnVAfvA_07797 180 1 3 40 110
veYEePD8DJU_10252 300 1 2 3 4 10 12 54 113
veYEePD8DJU_10253 180 3 4 12 54 113
veYEePD8DJU_10254 120 1 3 4 12 54 113
veYEePD8DJU_10255 120 3 12 54 113
veYEePD8DJU_10256 150 1 2 3 4 54 113
veYEePD8DJU_10257 120 3 12 54 113
veYEePD8DJU_10258 330 3 4 54 113
vnlUl0srvy4_14946 90 1 3 4 8 102 123
vnlUl0srvy4_14947 150 3 4 8 12 102 123
vnlUl0srvy4_14948 120 102 123
vnlUl0srvy4_14949 90 3 12 102 123
vnlUl0srvy4_14950 150 3 4 102 123
vnlUl0srvy4_14951 270 1 3 4 12 102 123
vnlUl0srvy4_14953 210 3 4 8 102 123
vnrchXUn0KM_01314 180 3 4 8 12 25 106
vnrchXUn0KM_01315 270 3 4 6 8 12 25 106
vnrchXUn0KM_01316 180 3 4 6 8 12 25 106
vnrchXUn0KM_01317 240 3 4 8 12 25 106
vnrchXUn0KM_01318 90 3 12 24 106
vnrchXUn0KM_01319 180 3 4 6 8 12 22 106
vnrchXUn0KM_01320 270 3 4 8 12 25 106
vnrchXUn0KM_01321 240 1 4 8 25 106
vnrchXUn0KM_01322 240 3 4 8 12 22 106
vnrchXUn0KM_01323 180 1 4 8 25 106
vnrchXUn0KM_01324 90 3 12 24 106
vnrchXUn0KM_01325 150 3 4 6 8 12 25 106
vnrchXUn0KM_01326 120 3 4 6 8 12 22 106
vnrchXUn0KM_01327 90 1 3 8 12 24 106
vnrchXUn0KM_01328 120 4 6 8 12 25 106
vnrchXUn0KM_01329 90 1 4 8 12 24 106
vnrchXUn0KM_01330 180 1 3 4 8 12 25 106
vnrchXUn0KM_01331 90 3 8 12 24 106
vnrchXUn0KM_01332 120 8 12 24 106
vnrchXUn0KM_01333 90 1 3 12 24 106
vwBKAx7A-3A_04145 120 1 78 117
vwBKAx7A-3A_04146 630 1 4 74 117
w-11pcdORRA_04322 180 3 4 12 58 114
w-11pcdORRA_04323 240 1 3 4 12 58 114
wTpRPrN09-E_14535 390 3 4 8 102 123
wTpRPrN09-E_14536 90 4 8 102 123
wTpRPrN09-E_14537 240 4 8 102 123
wTpRPrN09-E_14538 90 4 8 100 123
wTpRPrN09-E_14539 240 4 8 102 123
wTpRPrN09-E_14540 90 4 8 103 123
wTpRPrN09-E_14541 150 4 8 102 123
wTpRPrN09-E_14542 90 4 12 99 123
wTpRPrN09-E_14543 90 1 3 4 8 100 123
wTpRPrN09-E_14544 450 1 4 8 102 123
wTpRPrN09-E_14545 90 4 8 99 123
wTpRPrN09-E_14546 90 1 3 4 8 100 123
wTpRPrN09-E_14547 900 3 4 8 12 102 123
wTpRPrN09-E_14548 90 4 8 103 123
wTpRPrN09-E_14549 90 4 8 100 123
wTpRPrN09-E_14550 90 4 8 102 123
wTpRPrN09-E_14551 90 1 4 8 103 123
wTpRPrN09-E_14552 90 1 3 4 8 100 123
wTpRPrN09-E_14553 210 3 4 8 102 123
wTpRPrN09-E_14554 90 3 4 8 103 123
wTpRPrN09-E_14555 90 3 4 8 100 123
wTpRPrN09-E_14556 90 4 8 102 123
wTpRPrN09-E_14557 90 1 4 8 103 123
wTpRPrN09-E_14558 90 1 4 8 100 123
wTpRPrN09-E_14559 90 4 6 8 99 123
wTpRPrN09-E_14560 90 4 8 99 123
wTpRPrN09-E_14561 90 3 4 8 100 123
wTpRPrN09-E_14562 90 1 3 4 8 12 99 123
wTpRPrN09-E_14563 90 1 4 8 103 123
wTpRPrN09-E_14564 90 1 4 8 103 123
wTpRPrN09-E_14565 90 4 8 103 123
wTpRPrN09-E_14566 90 1 4 12 100 123
wTpRPrN09-E_14567 90 4 8 100 123
wTpRPrN09-E_14568 90 1 4 8 99 123
wTpRPrN09-E_14569 90 3 4 99 123
wTpRPrN09-E_14570 90 4 8 103 123
wTpRPrN09-E_14571 90 4 8 103 123
wTpRPrN09-E_14572 90 4 8 99 123
wTpRPrN09-E_14573 90 4 8 99 123
wTpRPrN09-E_14574 90 1 4 8 99 123
wUz-t2-WmVE_09339 90 78 117
wUz-t2-WmVE_09340 119 74 117
wZnE2FNfxlM_12529 90 1 3 89 120
wZnE2FNfxlM_12530 90 1 3 89 120
wZnE2FNfxlM_12531 90 1 3 89 120
wZnE2FNfxlM_12532 90 3 12 87 120
wZnE2FNfxlM_12533 90 1 3 90 120
wZnE2FNfxlM_12534 180 1 3 90 120
wZnE2FNfxlM_12535 210 1 3 90 120
w_VKyoWAoyQ_02661 210 3 4 6 8 12 25 106
w_VKyoWAoyQ_02662 90 4 8 12 24 106
w_VKyoWAoyQ_02663 90 3 4 8 12 24 106
w_VKyoWAoyQ_02664 150 3 4 6 8 12 25 106
w_VKyoWAoyQ_02665 120 4 8 12 24 106
w_VKyoWAoyQ_02666 180 3 4 6 8 12 25 106
w_VKyoWAoyQ_02667 180 3 4 6 8 12 25 106
w_VKyoWAoyQ_02668 90 5 8 12 24 106
w_VKyoWAoyQ_02669 210 1 3 4 6 8 12 25 106
w_VKyoWAoyQ_02670 210 3 4 8 12 24 106
w_VKyoWAoyQ_02671 300 0 3 4 6 8 22 106
w_VKyoWAoyQ_02672 180 3 4 6 8 12 25 106
w_VKyoWAoyQ_02673 180 1 3 4 6 8 12 24 106
w_VKyoWAoyQ_02674 360 3 4 6 8 12 22 106
w_VKyoWAoyQ_02675 120 3 4 6 8 12 25 106
w_VKyoWAoyQ_02676 120 8 12 24 106
w_VKyoWAoyQ_02677 180 3 4 6 8 12 25 106
w_VKyoWAoyQ_02678 120 3 4 6 8 12 25 106
w_VKyoWAoyQ_02679 150 3 4 8 25 106
w_VKyoWAoyQ_02680 150 8 12 24 106
waqXUFqTAlI_07686 240 1 4 12 40 110
waqXUFqTAlI_07687 150 1 3 12 40 110
waqXUFqTAlI_07688 750 3 4 12 42 110
waqXUFqTAlI_07689 630 3 4 12 42 110
waqXUFqTAlI_07690 240 4 12 39 110
waqXUFqTAlI_07691 240 1 3 4 12 39 110
waqXUFqTAlI_07692 270 1 3 12 40 110
waqXUFqTAlI_07693 300 12 42 110
waqXUFqTAlI_07694 510 4 12 42 110
waqXUFqTAlI_07695 360 3 12 42 110
waqXUFqTAlI_07696 360 1 3 4 12 42 110
wcVVXUV0YUY_09245 750 3 63 115
wcVVXUV0YUY_09246 330 3 63 115
wcVVXUV0YUY_09247 120 3 63 115
wcVVXUV0YUY_09248 210 3 63 115
wcVVXUV0YUY_09249 900 3 63 115
wcVVXUV0YUY_09250 180 3 63 115
wcVVXUV0YUY_09251 450 61 115
wcVVXUV0YUY_09252 90 3 63 115
wcVVXUV0YUY_09253 240 3 63 115
wcVVXUV0YUY_09254 90 61 115
wcVVXUV0YUY_09255 180 3 63 115
wcVVXUV0YUY_09256 120 3 63 115
wcVVXUV0YUY_09257 210 3 61 115
wcVVXUV0YUY_09258 90 3 61 115
wcVVXUV0YUY_09259 510 3 12 64 115
wcVVXUV0YUY_09260 150 12 64 115
wcVVXUV0YUY_09261 120 3 61 115
wcVVXUV0YUY_09262 600 3 62 115
wcVVXUV0YUY_09263 210 3 62 115
wcVVXUV0YUY_09264 570 62 115
wcjOEXdpBBs_13250 600 1 85 119
wcjOEXdpBBs_13251 269 1 4 85 119
wcjOEXdpBBs_13252 660 1 4 84 119
wcjOEXdpBBs_13253 179 1 83 119
wcjOEXdpBBs_13254 120 85 119
wcjOEXdpBBs_13255 240 1 83 119
wcjOEXdpBBs_13256 479 1 84 119
wcjOEXdpBBs_13257 360 1 83 119
wcjOEXdpBBs_13258 600 1 84 119
wcjOEXdpBBs_13259 329 1 83 119
wcjOEXdpBBs_13260 420 1 84 119
wcjOEXdpBBs_13261 149 1 83 119
wcjOEXdpBBs_13262 479 1 84 119
wcjOEXdpBBs_13263 120 1 85 119
wcjOEXdpBBs_13264 180 1 84 119
wcjOEXdpBBs_13265 150 85 119
wcjOEXdpBBs_13266 209 1 84 119
wcjOEXdpBBs_13267 750 1 84 119
wcjOEXdpBBs_13268 149 1 83 119
wcjOEXdpBBs_13269 180 85 119
wcjOEXdpBBs_13270 119 85 119
wcjOEXdpBBs_13271 179 1 84 119
wcjOEXdpBBs_13272 119 1 83 119
wcjOEXdpBBs_13273 300 1 84 119
wcjOEXdpBBs_13274 120 1 83 119
wcjOEXdpBBs_13275 120 85 119
wcjOEXdpBBs_13276 299 1 83 119
wcjOEXdpBBs_13277 150 1 83 119
whHworZzpJc_03517 90 1 3 4 94 121
whHworZzpJc_03518 540 3 12 94 121
whHworZzpJc_03519 510 1 3 12 94 121
whHworZzpJc_03520 180 1 3 4 94 121
whHworZzpJc_03521 330 0 1 3 9 12 94 121
whHworZzpJc_03522 630 0 1 3 4 12 94 121
whHworZzpJc_03523 690 0 1 3 94 121
whHworZzpJc_03524 420 1 3 12 94 121
wqmzwVrkTU4_00845 300 1 32 108
wqmzwVrkTU4_00846 180 1 3 12 32 108
wqmzwVrkTU4_00847 150 12 33 108
wqmzwVrkTU4_00848 210 4 12 33 108
wqmzwVrkTU4_00849 120 4 12 33 108
wyHCs0zPi7g_12012 420 1 2 3 4 5 12 69 116
wyHCs0zPi7g_12013 480 1 3 4 5 12 71 116
wyHCs0zPi7g_12014 120 3 5 12 71 116
wyHCs0zPi7g_12015 90 3 5 12 71 116
x0eilYyliVk_01524 150 3 4 6 8 12 25 106
x0eilYyliVk_01525 90 3 4 6 8 12 25 106
x0eilYyliVk_01526 120 4 8 12 25 106
x0eilYyliVk_01527 120 3 4 8 12 22 106
x0eilYyliVk_01528 120 3 4 8 12 25 106
x0eilYyliVk_01529 90 3 4 8 12 25 106
x0eilYyliVk_01530 90 1 3 4 8 12 25 106
x0eilYyliVk_01531 90 3 4 8 12 25 106
x0eilYyliVk_01532 240 3 4 8 12 25 106
x0eilYyliVk_01533 270 3 4 6 8 12 25 106
x0eilYyliVk_01534 330 3 4 6 8 12 25 106
x0eilYyliVk_01537 90 3 4 8 12 22 106
x0eilYyliVk_01538 120 0 1 3 4 8 12 22 106
x0eilYyliVk_01539 90 3 4 8 12 22 106
x0eilYyliVk_01540 120 3 4 6 8 12 22 106
x517wLvxi0M_08656 810 1 3 63 115
x517wLvxi0M_08657 90 1 63 115
x517wLvxi0M_08658 150 61 115
x517wLvxi0M_08659 899 63 115
x517wLvxi0M_08660 899 63 115
x517wLvxi0M_08661 630 3 63 115
x517wLvxi0M_08662 90 61 115
x517wLvxi0M_08663 90 3 63 115
x517wLvxi0M_08664 270 61 115
x517wLvxi0M_08665 359 3 63 115
x517wLvxi0M_08666 90 61 115
x517wLvxi0M_08667 900 3 63 115
x517wLvxi0M_08668 900 3 63 115
x517wLvxi0M_08669 450 3 63 115
x517wLvxi0M_08670 119 61 115
x517wLvxi0M_08671 89 61 115
x517wLvxi0M_08672 209 3 61 115
x517wLvxi0M_08673 779 1 3 61 115
x517wLvxi0M_08674 389 61 115
xC4VpD2FX_8_03552 90 1 12 92 121
xDDxlQ2P7Rc_11811 810 3 69 116
xDDxlQ2P7Rc_11812 630 2 3 9 10 69 116
xDDxlQ2P7Rc_11813 180 1 3 72 116
xDDxlQ2P7Rc_11814 510 2 3 69 116
xDDxlQ2P7Rc_11815 90 1 3 72 116
xDDxlQ2P7Rc_11816 300 0 1 2 3 69 116
xDDxlQ2P7Rc_11817 150 3 69 116
xEeNhrbrm28_11072 90 1 3 4 66 115
xEeNhrbrm28_11073 210 1 3 4 65 115
xEeNhrbrm28_11074 90 3 4 65 115
xEeNhrbrm28_11075 840 1 3 4 66 115
xEeNhrbrm28_11076 210 3 4 12 65 115
xFYllIqlr6k_15957 120 1 3 4 35 109
xFYllIqlr6k_15958 150 1 2 3 4 12 35 109
xK92_3HLjyg_05847 120 4 8 99 123
xK92_3HLjyg_05848 150 1 4 12 100 123
xK92_3HLjyg_05849 150 1 4 12 103 123
xK92_3HLjyg_05850 120 4 8 103 123
xK92_3HLjyg_05851 120 4 12 103 123
xK92_3HLjyg_05852 150 1 3 4 12 100 123
xK92_3HLjyg_05853 120 1 4 8 12 99 123
xK92_3HLjyg_05854 120 4 8 99 123
xK92_3HLjyg_05855 120 4 12 103 123
xK92_3HLjyg_05856 90 4 12 103 123
xK92_3HLjyg_05857 120 1 3 4 8 100 123
xK92_3HLjyg_05858 120 1 4 8 102 123
xK92_3HLjyg_05859 120 4 99 123
xK92_3HLjyg_05860 120 4 8 99 123
xK92_3HLjyg_05861 210 3 4 12 100 123
xK92_3HLjyg_05862 240 4 8 102 123
xK92_3HLjyg_05863 120 0 3 4 12 103 123
xK92_3HLjyg_05864 120 8 103 123
xK92_3HLjyg_05865 120 4 8 100 123
xK92_3HLjyg_05866 120 3 4 8 12 100 123
xK92_3HLjyg_05867 150 1 3 4 12 103 123
xK92_3HLjyg_05868 120 1 2 4 12 103 123
xK92_3HLjyg_05869 120 3 4 12 100 123
xK92_3HLjyg_05870 120 0 3 4 12 103 123
xK92_3HLjyg_05871 120 4 8 100 123
xK92_3HLjyg_05872 120 1 4 8 12 100 123
xK92_3HLjyg_05873 120 1 3 12 101 123
xK92_3HLjyg_05874 150 1 3 4 101 123
xK92_3HLjyg_05875 120 1 4 8 100 123
xK92_3HLjyg_05876 180 1 3 12 101 123
xK92_3HLjyg_05877 150 0 1 4 8 102 123
xK92_3HLjyg_05878 240 3 12 101 123
xK92_3HLjyg_05879 750 1 4 8 102 123
xK92_3HLjyg_05880 150 1 4 8 102 123
xK92_3HLjyg_05881 240 1 3 12 101 123
xK92_3HLjyg_05882 150 1 4 8 102 123
xLdOlqsJXmc_07642 120 1 3 4 12 40 110
xLdOlqsJXmc_07643 120 1 3 4 12 40 110
xLdOlqsJXmc_07644 120 3 4 40 110
xNtphQGuef4_00608 150 1 4 8 97 122
xNtphQGuef4_00609 240 8 12 97 122
xNtphQGuef4_00610 150 4 8 95 122
xNtphQGuef4_00611 180 4 8 12 95 122
xNtphQGuef4_00612 360 1 3 4 8 12 95 122
xNtphQGuef4_00613 210 1 4 6 8 95 122
xNtphQGuef4_00614 120 1 3 4 8 12 95 122
xNtphQGuef4_00615 120 2 4 8 95 122
xNtphQGuef4_00616 180 3 8 95 122
xNtphQGuef4_00617 180 1 3 4 8 12 95 122
xNtphQGuef4_00618 210 4 8 95 122
xNtphQGuef4_00619 120 1 4 8 95 122
xNtphQGuef4_00620 240 3 4 8 97 122
xNtphQGuef4_00621 120 8 96 122
xNtphQGuef4_00622 150 3 4 8 96 122
xNtphQGuef4_00623 180 4 8 96 122
xNtphQGuef4_00624 210 1 8 96 122
xNtphQGuef4_00625 270 3 8 96 122
xNtphQGuef4_00626 120 3 4 8 12 97 122
xNtphQGuef4_00627 120 4 8 12 96 122
xNtphQGuef4_00628 120 3 4 8 12 96 122
xNtphQGuef4_00629 150 3 4 8 12 97 122
xNtphQGuef4_00630 120 4 8 12 97 122
xNtphQGuef4_00631 120 4 8 97 122
xNtphQGuef4_00632 180 8 12 97 122
xNtphQGuef4_00633 180 4 8 12 96 122
xNtphQGuef4_00634 150 3 4 8 12 96 122
xNtphQGuef4_00635 150 4 8 12 96 122
xNtphQGuef4_00636 120 3 8 97 122
xNtphQGuef4_00637 150 4 8 97 122
xRwOqfav1IM_04350 90 1 4 8 59 114
xRwOqfav1IM_04351 180 2 4 6 8 12 58 114
xRwOqfav1IM_04352 90 3 6 8 12 58 114
xRwOqfav1IM_04353 150 6 8 12 58 114
xRwOqfav1IM_04354 120 2 3 4 8 12 59 114
xRwOqfav1IM_04355 90 3 8 12 58 114
xRwOqfav1IM_04356 90 1 3 4 6 8 59 114
xRwOqfav1IM_04357 90 3 8 12 58 114
xRwOqfav1IM_04358 90 4 6 8 58 114
xRwOqfav1IM_04359 90 1 2 3 4 8 58 114
xRwOqfav1IM_04360 90 3 12 58 114
xRwOqfav1IM_04361 90 8 12 58 114
xhTuJCZN0UE_04955 900 1 3 4 5 13 104
xhTuJCZN0UE_04956 360 1 3 4 5 12 13 104
xhTuJCZN0UE_04957 150 3 4 12 15 104
xhTuJCZN0UE_04958 90 3 14 104
xhTuJCZN0UE_04959 270 3 14 104
xmVODjBYWu8_12030 900 1 3 4 73 116
xmVODjBYWu8_12031 720 1 2 3 69 116
xmVODjBYWu8_12032 420 1 3 70 116
xnMf8J6UFZs_11004 210 1 3 4 102 123
xnMf8J6UFZs_11005 240 1 3 4 102 123
xnMf8J6UFZs_11006 210 1 3 4 12 102 123
xnMf8J6UFZs_11007 570 1 3 4 8 102 123
xnMf8J6UFZs_11008 210 1 3 4 102 123
xnMf8J6UFZs_11009 390 1 3 4 8 12 102 123
xnMf8J6UFZs_11010 360 1 3 4 12 102 123
xnMf8J6UFZs_11011 480 1 3 4 8 102 123
xofvD4LbCzM_10382 900 1 3 4 8 12 56 113
xofvD4LbCzM_10383 299 1 3 4 12 56 113
xofvD4LbCzM_10384 240 4 8 12 54 113
xofvD4LbCzM_10385 120 1 3 4 8 12 56 113
xofvD4LbCzM_10386 179 1 3 4 12 56 113
xofvD4LbCzM_10387 450 1 3 4 12 54 113
xofvD4LbCzM_10388 899 0 1 2 3 4 12 56 113
xofvD4LbCzM_10389 239 1 3 4 12 54 113
xofvD4LbCzM_10390 90 1 3 4 12 54 113
xofvD4LbCzM_10391 300 1 3 4 12 54 113
xofvD4LbCzM_10392 479 4 12 54 113
xofvD4LbCzM_10393 209 12 54 113
xofvD4LbCzM_10394 359 3 12 56 113
xofvD4LbCzM_10395 900 1 3 4 12 54 113
xofvD4LbCzM_10396 900 0 3 4 12 54 113
xofvD4LbCzM_10397 900 0 1 3 4 12 54 113
xofvD4LbCzM_10398 479 1 3 12 56 113
xofvD4LbCzM_10399 120 1 3 4 12 56 113
xofvD4LbCzM_10400 269 1 3 4 8 12 56 113
xofvD4LbCzM_10401 450 2 3 12 56 113
xsbfp3dSQR0_10721 510 1 3 50 112
xsbfp3dSQR0_10722 209 1 3 51 112
xsbfp3dSQR0_10723 150 1 3 50 112
xsbfp3dSQR0_10724 89 1 3 51 112
xsbfp3dSQR0_10725 840 1 3 50 112
xsbfp3dSQR0_10726 150 1 3 51 112
xsbfp3dSQR0_10727 149 1 3 50 112
xsbfp3dSQR0_10728 180 1 3 51 112
xsbfp3dSQR0_10729 659 1 3 50 112
xsbfp3dSQR0_10730 210 1 3 4 51 112
xsbfp3dSQR0_10731 599 1 3 50 112
xsbfp3dSQR0_10732 150 1 3 51 112
xsbfp3dSQR0_10733 780 1 3 4 50 112
xsbfp3dSQR0_10734 119 1 3 51 112
xsbfp3dSQR0_10735 630 1 3 12 50 112
xsbfp3dSQR0_10736 150 3 51 112
xsbfp3dSQR0_10737 389 1 3 50 112
xsbfp3dSQR0_10738 90 1 3 4 51 112
xsbfp3dSQR0_10739 480 1 3 12 50 112
xsbfp3dSQR0_10740 150 1 3 51 112
y3l3r9WDgiQ_05023 360 1 3 4 5 13 104
y3l3r9WDgiQ_05024 90 1 3 4 15 104
y3l3r9WDgiQ_05025 120 1 3 4 5 12 13 104
y6GNrpcXtqM_02744 120 3 19 105
y6GNrpcXtqM_02745 120 1 2 4 19 105
y6GNrpcXtqM_02746 239 1 4 12 17 105
y6GNrpcXtqM_02750 329 1 19 105
y6GNrpcXtqM_02751 149 17 105
y6GNrpcXtqM_02752 299 1 17 105
y6GNrpcXtqM_02753 209 1 3 17 105
y6GNrpcXtqM_02754 119 1 17 105
y6GNrpcXtqM_02755 119 1 3 4 17 105
y6GNrpcXtqM_02756 149 18 105
y6GNrpcXtqM_02757 179 4 18 105
y6GNrpcXtqM_02758 209 1 3 4 21 105
yII0Ra58lHo_12653 90 1 3 12 88 120
yII0Ra58lHo_12654 210 3 90 120
yII0Ra58lHo_12655 300 3 4 90 120
yII0Ra58lHo_12656 600 1 90 120
yKioW3LWz7w_12561 180 1 3 12 88 120
yKioW3LWz7w_12562 510 3 90 120
yKioW3LWz7w_12563 270 1 3 90 120
yKioW3LWz7w_12564 120 1 3 89 120
yKioW3LWz7w_12565 90 1 3 89 120
yKioW3LWz7w_12566 90 1 3 90 120
yKioW3LWz7w_12567 120 3 89 120
yKioW3LWz7w_12568 150 3 90 120
yKioW3LWz7w_12569 90 1 3 89 120
yKioW3LWz7w_12570 180 1 3 4 89 120
yKioW3LWz7w_12571 210 1 3 90 120
yKioW3LWz7w_12572 90 1 3 89 120
yKioW3LWz7w_12573 180 1 3 90 120
yKioW3LWz7w_12574 180 1 3 89 120
yKioW3LWz7w_12575 150 1 3 4 12 87 120
yUlBzLFGP3Y_05007 900 1 3 4 5 12 13 104
yUlBzLFGP3Y_05008 899 1 3 4 12 13 104
yUlBzLFGP3Y_05009 239 1 3 4 12 13 104
yUlBzLFGP3Y_05010 90 3 4 15 104
yUlBzLFGP3Y_05011 450 1 3 4 14 104
yUlBzLFGP3Y_05012 899 1 3 14 104
yUlBzLFGP3Y_05013 119 3 14 104
yUlBzLFGP3Y_05014 179 3 14 104
yUlBzLFGP3Y_05015 90 3 5 14 104
yUlBzLFGP3Y_05016 180 3 14 104
yUlBzLFGP3Y_05017 150 3 14 104
yUlBzLFGP3Y_05018 210 1 3 14 104
yUlBzLFGP3Y_05019 299 1 3 14 104
yUlBzLFGP3Y_05020 90 3 14 104
yeqK_xkJnp4_01221 420 3 4 6 8 12 25 106
yeqK_xkJnp4_01222 150 3 4 6 8 12 25 106
yeqK_xkJnp4_01223 120 0 1 3 4 6 8 12 25 106
yeqK_xkJnp4_01224 240 1 3 4 6 8 12 25 106
yeqK_xkJnp4_01225 210 3 4 8 12 22 106
yeqK_xkJnp4_01226 300 3 4 6 8 12 25 106
yeqK_xkJnp4_01227 120 3 4 12 25 106
yeqK_xkJnp4_01228 210 1 3 4 6 8 12 25 106
yeqK_xkJnp4_01229 150 1 3 4 6 8 12 25 106
yeqK_xkJnp4_01230 450 1 3 4 6 8 12 25 106
yeqK_xkJnp4_01231 90 4 6 8 25 106
yeqK_xkJnp4_01232 300 1 4 5 12 24 106
ym_hv20H2rE_04212 180 74 117
ym_hv20H2rE_04213 180 1 74 117
ym_hv20H2rE_04214 240 74 117
ynxyv3YKeg4_13565 900 1 83 119
ynxyv3YKeg4_13566 899 1 12 86 119
ynxyv3YKeg4_13567 900 4 12 83 119
ynxyv3YKeg4_13568 240 1 3 4 12 86 119
ynxyv3YKeg4_13569 900 1 3 4 12 83 119
ynxyv3YKeg4_13570 180 1 12 86 119
ynxyv3YKeg4_13571 479 1 3 4 12 83 119
ynxyv3YKeg4_13572 120 1 3 4 85 119
ynxyv3YKeg4_13573 810 1 4 12 83 119
ynxyv3YKeg4_13574 270 1 4 12 86 119
ynxyv3YKeg4_13575 629 1 3 12 83 119
ynxyv3YKeg4_13576 540 1 3 4 12 86 119
ynxyv3YKeg4_13577 899 1 4 12 83 119
ynxyv3YKeg4_13578 419 1 3 4 12 83 119
ynxyv3YKeg4_13579 180 3 4 12 86 119
ynxyv3YKeg4_13580 570 1 3 4 12 83 119
ynxyv3YKeg4_13581 600 1 3 4 12 83 119
ynxyv3YKeg4_13582 419 1 4 86 119
ynxyv3YKeg4_13583 630 1 3 4 85 119
ynxyv3YKeg4_13584 120 3 86 119
yysNXF6B5ZM_08640 90 1 12 65 115
yysNXF6B5ZM_08641 119 12 65 115
yysNXF6B5ZM_08642 239 1 3 4 12 65 115
yysNXF6B5ZM_08643 539 1 3 12 64 115
yysNXF6B5ZM_08644 900 3 64 115
yysNXF6B5ZM_08645 720 1 3 64 115
yysNXF6B5ZM_08646 389 3 64 115
yysNXF6B5ZM_08647 810 3 64 115
yysNXF6B5ZM_08648 360 3 64 115
yysNXF6B5ZM_08649 629 3 64 115
yysNXF6B5ZM_08650 749 3 64 115
yysNXF6B5ZM_08651 180 1 3 12 65 115
z5vGtfVEhY8_12726 90 3 12 88 120
z5vGtfVEhY8_12727 120 3 90 120
z5vGtfVEhY8_12728 660 1 3 90 120
z5vGtfVEhY8_12729 120 1 3 12 87 120
z8lYjL2C62I_04784 90 4 6 8 12 58 114
z8lYjL2C62I_04785 210 3 6 8 12 58 114
z8lYjL2C62I_04786 120 3 6 8 58 114
z8lYjL2C62I_04787 150 3 4 6 8 12 59 114
z8lYjL2C62I_04788 150 3 4 8 12 59 114
z8lYjL2C62I_04789 120 6 8 58 114
z8lYjL2C62I_04790 90 3 4 6 8 12 58 114
z8lYjL2C62I_04791 120 3 6 8 58 114
z8lYjL2C62I_04792 90 8 12 58 114
z8lYjL2C62I_04793 90 1 6 8 12 58 114
z8lYjL2C62I_04794 90 6 8 12 58 114
z8lYjL2C62I_04795 120 6 8 12 58 114
z8lYjL2C62I_04796 90 1 8 12 59 114
z9Y6-FcVrew_11925 90 1 3 72 116
z9Y6-FcVrew_11926 150 1 3 4 69 116
z9Y6-FcVrew_11927 120 1 2 3 4 69 116
zLg3cnNY4mg_07263 900 4 8 12 96 122
zLg3cnNY4mg_07264 90 8 95 122
zLg3cnNY4mg_07265 330 4 8 12 96 122
zLg3cnNY4mg_07266 90 0 3 4 8 12 95 122
zLg3cnNY4mg_07267 90 4 6 8 12 95 122
zLg3cnNY4mg_07268 180 8 96 122
zLg3cnNY4mg_07269 300 3 4 8 96 122
zLg3cnNY4mg_07270 330 3 4 8 12 96 122
zLg3cnNY4mg_07271 90 1 3 4 8 12 95 122
zLg3cnNY4mg_07272 300 4 8 12 96 122
zLg3cnNY4mg_07273 180 1 3 4 8 12 96 122
zLg3cnNY4mg_07274 330 1 3 4 8 12 98 122
zLg3cnNY4mg_07275 450 4 8 12 96 122
zLg3cnNY4mg_07276 390 3 4 8 12 96 122
zLg3cnNY4mg_07277 330 4 6 8 12 96 122
zLg3cnNY4mg_07278 90 4 8 95 122
zLg3cnNY4mg_07279 120 8 95 122
zLg3cnNY4mg_07280 450 3 8 12 98 122
zLg3cnNY4mg_07281 240 3 8 12 98 122
zLg3cnNY4mg_07282 240 3 4 8 12 97 122
zLg3cnNY4mg_07283 120 3 4 8 97 122
zLg3cnNY4mg_07284 90 3 4 8 12 95 122
zLg3cnNY4mg_07285 300 4 12 98 122
zLg3cnNY4mg_07286 450 1 2 3 4 5 8 12 98 122
zLg3cnNY4mg_07287 120 3 4 8 12 95 122
zSt1gSACGgY_00559 330 1 4 12 82 118
zSt1gSACGgY_00560 120 3 4 80 118
zSt1gSACGgY_00561 509 1 4 80 118
zSt1gSACGgY_00562 510 1 12 82 118
zSt1gSACGgY_00563 900 1 12 82 118
zSt1gSACGgY_00564 629 1 4 12 82 118
zSt1gSACGgY_00565 899 1 12 82 118
zSt1gSACGgY_00566 510 1 4 12 81 118
zSt1gSACGgY_00567 119 1 3 4 80 118
zSt1gSACGgY_00569 629 1 12 81 118
zSt1gSACGgY_00570 599 1 12 81 118
zSt1gSACGgY_00571 510 1 4 12 81 118
zSt1gSACGgY_00572 750 1 12 81 118
zSt1gSACGgY_00573 689 1 12 81 118
zW7oSfjKvxo_07066 90 0 3 12 96 122
zW7oSfjKvxo_07067 180 4 8 96 122
zW7oSfjKvxo_07068 120 1 3 4 8 12 98 122
zW7oSfjKvxo_07069 180 4 8 12 96 122
zW7oSfjKvxo_07070 210 3 4 8 12 96 122
zW7oSfjKvxo_07071 120 4 8 96 122
zW7oSfjKvxo_07072 390 8 96 122
zW7oSfjKvxo_07075 480 8 96 122
zW7oSfjKvxo_07077 90 3 8 12 95 122
zW7oSfjKvxo_07078 90 1 8 98 122
zW7oSfjKvxo_07079 150 3 4 8 12 95 122
zW7oSfjKvxo_07080 90 8 10 95 122
zW7oSfjKvxo_07081 150 1 3 4 12 98 122
zW7oSfjKvxo_07082 120 3 5 98 122
zXTwGuxcoMc_14575 150 1 3 4 8 102 123
zXTwGuxcoMc_14576 90 1 3 4 8 100 123
zXTwGuxcoMc_14577 90 1 3 4 12 100 123
zXTwGuxcoMc_14578 90 1 4 8 100 123
zXTwGuxcoMc_14579 90 4 8 100 123
zXTwGuxcoMc_14580 90 1 3 4 8 100 123
zXTwGuxcoMc_14581 90 4 8 12 103 123
zXTwGuxcoMc_14582 90 1 3 4 12 100 123
zXTwGuxcoMc_14583 90 1 4 8 100 123
zXTwGuxcoMc_14584 90 1 3 4 12 100 123
zXTwGuxcoMc_14585 90 1 4 12 100 123
zXTwGuxcoMc_14586 90 1 4 8 100 123
zXTwGuxcoMc_14587 90 1 4 8 103 123
zXTwGuxcoMc_14588 90 1 4 8 12 103 123
zXTwGuxcoMc_14589 90 1 4 8 103 123
zXTwGuxcoMc_14590 90 1 4 8 103 123
zXTwGuxcoMc_14591 90 4 8 99 123
zXTwGuxcoMc_14592 90 4 8 99 123
zXTwGuxcoMc_14593 90 3 4 12 103 123
zXTwGuxcoMc_14594 90 1 4 12 103 123
zXTwGuxcoMc_14595 120 4 8 102 123
zXTwGuxcoMc_14596 90 1 4 8 103 123
zXTwGuxcoMc_14597 150 1 4 8 12 102 123
zXTwGuxcoMc_14598 90 1 3 4 8 103 123
zXTwGuxcoMc_14599 90 1 4 8 102 123
zXTwGuxcoMc_14600 90 1 4 8 103 123
zXTwGuxcoMc_14601 90 1 3 4 8 102 123
zXTwGuxcoMc_14602 120 1 3 4 8 12 102 123
zXTwGuxcoMc_14603 90 1 4 8 12 99 123
zXTwGuxcoMc_14604 90 4 8 102 123
zXTwGuxcoMc_14605 90 4 8 99 123
zXTwGuxcoMc_14606 90 4 12 99 123
zXTwGuxcoMc_14607 90 4 8 102 123
zXTwGuxcoMc_14608 240 1 4 8 102 123
zXTwGuxcoMc_14609 120 4 8 102 123
zXTwGuxcoMc_14610 90 4 8 12 99 123
zXTwGuxcoMc_14611 90 1 3 4 12 99 123
zXTwGuxcoMc_14612 90 4 8 99 123
zXTwGuxcoMc_14613 90 1 4 12 99 123
zXTwGuxcoMc_14614 90 4 8 99 123
zb4ee7d36Cg_07798 150 1 3 4 40 110
zb4ee7d36Cg_07799 120 1 3 43 110
zb4ee7d36Cg_07800 150 1 3 4 41 110
zb4ee7d36Cg_07801 120 1 4 41 110
zb4ee7d36Cg_07802 150 1 3 4 41 110
zb4ee7d36Cg_07803 120 1 3 4 41 110
zb4ee7d36Cg_07804 120 1 3 40 110
zb4ee7d36Cg_07805 120 1 4 41 110
zb4ee7d36Cg_07806 120 1 3 4 40 110
zb4ee7d36Cg_07807 180 1 3 4 12 40 110
zbZk1V5rUR8_00307 270 1 3 50 112
zbZk1V5rUR8_00308 120 3 51 112
zbZk1V5rUR8_00309 150 1 3 51 112
zbZk1V5rUR8_00310 210 1 3 4 51 112
ziQA-Z18osk_04903 150 1 4 5 12 13 104
zlLu6FipgUs_13673 150 1 3 4 83 119
zlLu6FipgUs_13674 420 1 3 83 119
zlLu6FipgUs_13675 150 1 3 12 83 119
ztZaq45dwcY_02711 840 1 4 12 19 105
ztZaq45dwcY_02712 900 19 105
ztZaq45dwcY_02713 480 1 3 4 12 19 105
ztZaq45dwcY_02714 449 0 1 3 4 12 19 105
ztZaq45dwcY_02716 360 1 3 12 19 105
ztZaq45dwcY_02717 840 1 3 4 12 19 105
ztZaq45dwcY_02718 480 1 3 19 105
ztZaq45dwcY_02719 899 1 3 4 19 105
ztZaq45dwcY_02720 899 1 4 19 105
zvhNpfYWbfw_08130 720 1 3 12 61 115
zvhNpfYWbfw_08131 780 1 3 4 62 115
zvhNpfYWbfw_08132 450 1 3 12 65 115
zvhNpfYWbfw_08133 90 3 62 115
zvhNpfYWbfw_08134 300 1 3 65 115
zvhNpfYWbfw_08135 90 1 3 62 115
zwJGxWOXlYY_14368 900 3 12 102 123
zwJGxWOXlYY_14369 299 1 12 102 123
zwJGxWOXlYY_14371 899 1 3 4 12 102 123
zwJGxWOXlYY_14372 720 3 12 102 123
zzbljACpR-Q_09487 300 8 12 22 106
zzbljACpR-Q_09488 240 3 4 8 12 24 106
zzbljACpR-Q_09489 330 3 4 6 8 22 106
zzbljACpR-Q_09490 450 2 12 24 106
zzbljACpR-Q_09491 90 6 8 22 106
zzbljACpR-Q_09492 300 3 5 12 24 106
zzbljACpR-Q_09493 270 4 6 8 12 22 106
zzbljACpR-Q_09494 510 4 6 8 12 22 106
zzbljACpR-Q_09495 210 0 3 12 24 106
zzbljACpR-Q_09496 810 3 4 6 8 22 106
zzbljACpR-Q_09497 90 3 5 6 12 24 106
zzbljACpR-Q_09498 360 0 2 12 24 106
zzbljACpR-Q_09499 780 1 3 6 8 22 106
zzbljACpR-Q_09500 180 3 12 24 106
zzbljACpR-Q_09501 390 3 6 8 12 22 106
zzbljACpR-Q_09502 240 6 8 12 22 106
zzbljACpR-Q_09503 540 12 24 106
zzbljACpR-Q_09504 420 1 4 6 8 22 106
zzbljACpR-Q_09505 450 1 12 24 106
zzbljACpR-Q_09506 390 3 12 24 106
